customer_id,tenure_months,monthly_charge,contract_type,payment_method,autopay,support_tickets_90d,weekly_usage_hours,num_products,late_payments_12m,discount_active,satisfaction_score,region,churn
CUST-00001,7,45.23,Two-Year,Bank Transfer,Yes,1,10.5,2,1,Yes,5,Northeast,0
CUST-00002,56,43.75,Annual,Debit Card,No,1,9.8,2,1,No,2,South,0
CUST-00003,48,65.84,Monthly,Credit Card,No,1,8.3,3,1,No,5,South,0
CUST-00004,32,66.74,Monthly,PayPal,No,3,7.0,1,0,No,1,South,0
CUST-00005,32,42.37,Monthly,Credit Card,Yes,2,4.4,1,0,No,4,Northeast,1
CUST-00006,62,44.74,Two-Year,PayPal,Yes,2,10.4,1,1,Yes,1,Midwest,0
CUST-00007,7,61.74,Annual,Debit Card,No,0,7.7,4,1,Yes,5,South,0
CUST-00008,51,37.1,Monthly,Debit Card,No,0,19.7,2,0,Yes,4,West,0
CUST-00009,15,44.61,Monthly,PayPal,No,2,11.9,1,0,Yes,3,South,0
CUST-00010,7,53.61,Two-Year,Debit Card,No,3,5.7,1,0,No,4,West,0
CUST-00011,38,69.93,Monthly,Debit Card,Yes,1,8.8,1,0,No,5,West,0
CUST-00012,71,41.12,Annual,Credit Card,No,4,3.5,2,0,Yes,3,South,0
CUST-00013,53,18.84,Annual,Debit Card,Yes,0,2.2,2,0,No,3,West,0
CUST-00014,55,17.5,Monthly,Bank Transfer,Yes,3,5.6,2,2,No,1,Midwest,0
CUST-00015,52,29.33,Monthly,Credit Card,Yes,1,3.1,1,1,Yes,3,South,0
CUST-00016,57,28.36,Monthly,Debit Card,Yes,1,11.2,2,0,No,5,South,0
CUST-00017,37,49.22,Monthly,Credit Card,Yes,1,18.8,2,0,No,4,South,0
CUST-00018,10,30.6,Annual,Debit Card,No,1,13.9,1,1,No,2,Northeast,0
CUST-00019,61,39.35,Annual,Credit Card,Yes,2,6.2,1,3,No,5,Northeast,0
CUST-00020,33,38.07,Monthly,PayPal,No,2,11.5,1,0,No,5,West,1
CUST-00021,37,44.07,Monthly,Credit Card,Yes,0,5.4,2,1,No,5,Northeast,1
CUST-00022,27,75.81,Monthly,PayPal,No,2,14.9,2,1,No,1,Midwest,1
CUST-00023,14,63.92,Monthly,Credit Card,Yes,1,10.5,2,0,Yes,3,West,0
CUST-00024,67,52.29,Annual,Debit Card,No,3,7.6,2,1,No,5,South,0
CUST-00025,57,43.7,Annual,Credit Card,No,0,7.3,1,0,Yes,2,West,0
CUST-00026,47,44.2,Annual,PayPal,Yes,2,10.5,3,1,No,3,West,0
CUST-00027,29,57.9,Monthly,Bank Transfer,Yes,0,7.4,3,0,No,5,South,0
CUST-00028,60,62.52,Monthly,Credit Card,Yes,0,13.5,1,0,Yes,2,South,0
CUST-00029,40,35.66,Monthly,Bank Transfer,Yes,2,6.1,3,1,No,4,South,0
CUST-00030,32,52.66,Two-Year,Debit Card,Yes,0,6.9,2,2,Yes,5,West,0
CUST-00031,33,15.43,Annual,PayPal,Yes,3,7.1,2,3,Yes,4,Midwest,0
CUST-00032,17,55.81,Two-Year,PayPal,No,1,6.6,2,1,No,5,Northeast,0
CUST-00033,7,65.72,Monthly,Credit Card,Yes,1,4.5,3,1,No,5,South,1
CUST-00034,40,46.96,Monthly,Debit Card,Yes,1,5.8,1,2,Yes,5,Midwest,0
CUST-00035,64,84.7,Annual,Credit Card,Yes,2,7.5,1,0,No,4,South,0
CUST-00036,5,36.14,Monthly,PayPal,Yes,2,7.2,3,1,No,1,Northeast,1
CUST-00037,62,55.91,Annual,Debit Card,Yes,1,17.4,3,0,No,3,West,0
CUST-00038,60,51.36,Monthly,Bank Transfer,No,1,9.4,3,0,No,5,Midwest,0
CUST-00039,20,50.19,Two-Year,Credit Card,No,3,15.3,1,1,No,2,West,0
CUST-00040,46,49.94,Monthly,Bank Transfer,Yes,1,2.8,2,0,No,3,Northeast,0
CUST-00041,12,53.93,Two-Year,Credit Card,Yes,1,12.5,2,1,No,4,Northeast,0
CUST-00042,55,67.26,Monthly,PayPal,Yes,1,9.4,1,1,No,3,Northeast,0
CUST-00043,51,76.8,Monthly,Credit Card,No,2,7.1,1,0,No,5,Midwest,0
CUST-00044,26,51.96,Monthly,Credit Card,Yes,1,4.3,3,0,No,5,West,0
CUST-00045,5,66.68,Monthly,Credit Card,No,0,11.1,1,0,No,2,West,0
CUST-00046,70,39.37,Two-Year,PayPal,No,1,10.2,1,0,No,1,South,0
CUST-00047,33,65.79,Two-Year,Credit Card,No,4,11.3,1,2,No,5,South,0
CUST-00048,65,38.28,Two-Year,PayPal,Yes,2,5.7,2,1,No,1,South,0
CUST-00049,49,71.63,Two-Year,Bank Transfer,No,0,13.5,3,0,Yes,3,Northeast,0
CUST-00050,57,91.79,Annual,Credit Card,Yes,2,10.6,1,1,No,3,Midwest,1
CUST-00051,55,49.8,Monthly,Credit Card,Yes,1,6.0,3,0,No,3,Northeast,0
CUST-00052,15,12.53,Annual,Credit Card,No,1,16.4,1,0,No,4,West,0
CUST-00053,27,42.13,Monthly,Credit Card,No,2,8.7,1,1,No,3,South,1
CUST-00054,34,74.17,Annual,Debit Card,Yes,4,2.4,1,0,No,4,Northeast,0
CUST-00055,36,61.96,Monthly,PayPal,Yes,3,6.0,2,0,No,4,Midwest,1
CUST-00056,4,56.48,Annual,Credit Card,Yes,1,13.4,4,0,Yes,1,West,0
CUST-00057,40,70.16,Monthly,Credit Card,No,0,6.1,2,0,Yes,3,West,1
CUST-00058,12,60.72,Monthly,PayPal,Yes,1,7.8,1,0,No,1,Northeast,1
CUST-00059,54,73.92,Monthly,Credit Card,Yes,1,13.6,4,1,Yes,5,South,0
CUST-00060,50,68.55,Monthly,PayPal,Yes,2,6.2,2,1,No,1,Northeast,0
CUST-00061,67,79.39,Monthly,Bank Transfer,No,1,11.7,2,2,No,5,West,1
CUST-00062,54,58.46,Monthly,Credit Card,Yes,0,3.6,3,0,No,5,South,0
CUST-00063,27,68.29,Monthly,Debit Card,Yes,1,9.2,3,2,No,4,Midwest,0
CUST-00064,70,46.47,Annual,PayPal,No,1,8.9,2,1,No,5,South,0
CUST-00065,30,41.17,Monthly,PayPal,Yes,1,9.7,1,0,Yes,3,Northeast,0
CUST-00066,24,82.72,Annual,PayPal,No,2,10.4,1,1,Yes,3,South,0
CUST-00067,66,55.89,Monthly,PayPal,No,1,8.0,3,0,No,2,Midwest,0
CUST-00068,27,66.49,Annual,Debit Card,Yes,1,7.5,2,0,No,4,South,0
CUST-00069,6,54.23,Monthly,Debit Card,No,0,7.8,3,2,Yes,3,South,0
CUST-00070,34,41.44,Monthly,PayPal,No,2,16.1,3,0,Yes,5,South,0
CUST-00071,58,52.2,Monthly,PayPal,Yes,1,8.5,3,1,No,5,Northeast,0
CUST-00072,14,77.85,Annual,PayPal,Yes,1,22.6,1,0,No,4,South,0
CUST-00073,34,61.99,Monthly,Debit Card,No,1,10.3,1,3,No,4,West,0
CUST-00074,10,21.19,Monthly,PayPal,Yes,3,8.5,1,0,No,3,West,0
CUST-00075,50,48.13,Monthly,Credit Card,Yes,3,3.8,1,2,No,2,Midwest,1
CUST-00076,35,84.08,Monthly,Credit Card,Yes,3,12.2,2,0,No,3,Northeast,0
CUST-00077,24,48.15,Monthly,Debit Card,No,2,6.8,2,1,No,4,Northeast,0
CUST-00078,17,19.59,Annual,Credit Card,No,1,13.2,1,2,No,2,South,1
CUST-00079,41,86.07,Monthly,PayPal,No,2,5.1,2,0,No,5,Northeast,0
CUST-00080,49,64.28,Annual,Credit Card,Yes,2,7.8,1,0,Yes,5,Northeast,0
CUST-00081,68,50.74,Monthly,PayPal,No,1,6.6,2,1,No,3,Northeast,0
CUST-00082,32,45.31,Monthly,Debit Card,Yes,2,11.7,2,1,Yes,4,South,0
CUST-00083,12,71.48,Monthly,Credit Card,No,2,16.8,1,1,No,3,Midwest,0
CUST-00084,60,42.24,Monthly,Credit Card,No,1,7.7,2,0,No,4,Northeast,0
CUST-00085,46,72.67,Monthly,Debit Card,Yes,0,6.3,2,0,Yes,5,South,0
CUST-00086,51,61.76,Annual,PayPal,Yes,1,4.0,2,0,No,4,South,0
CUST-00087,8,56.4,Annual,Debit Card,Yes,4,5.9,2,1,No,4,Northeast,0
CUST-00088,23,54.62,Monthly,Credit Card,Yes,3,16.9,1,0,No,2,West,0
CUST-00089,56,48.85,Monthly,Credit Card,No,1,7.8,3,1,No,3,West,0
CUST-00090,60,70.82,Annual,Credit Card,Yes,1,10.1,4,1,No,5,Northeast,0
CUST-00091,32,36.42,Monthly,Credit Card,No,1,3.2,1,2,Yes,5,South,0
CUST-00092,58,22.81,Monthly,Bank Transfer,Yes,0,3.1,1,0,No,4,Northeast,0
CUST-00093,61,63.06,Annual,Credit Card,Yes,2,2.8,3,0,No,2,West,0
CUST-00094,28,63.36,Monthly,Credit Card,No,3,14.6,2,0,No,4,South,0
CUST-00095,65,60.64,Monthly,Bank Transfer,Yes,1,7.9,1,2,No,4,West,0
CUST-00096,21,59.34,Monthly,PayPal,No,3,5.0,2,2,No,4,South,0
CUST-00097,18,46.23,Annual,Debit Card,No,4,12.4,3,3,No,3,Northeast,0
CUST-00098,50,66.17,Monthly,PayPal,Yes,1,6.6,1,1,Yes,5,West,0
CUST-00099,46,51.18,Annual,Bank Transfer,Yes,0,13.2,2,0,No,5,West,0
CUST-00100,11,43.23,Monthly,Credit Card,Yes,2,7.7,3,1,Yes,5,Northeast,1
CUST-00101,60,46.39,Monthly,Credit Card,No,2,13.3,1,0,Yes,5,Northeast,0
CUST-00102,15,88.37,Monthly,Bank Transfer,Yes,0,4.6,3,0,Yes,2,West,0
CUST-00103,58,20.77,Annual,PayPal,No,1,9.9,4,1,No,3,West,0
CUST-00104,1,61.0,Monthly,Bank Transfer,No,0,11.2,2,2,No,5,Midwest,1
CUST-00105,58,21.78,Annual,Credit Card,Yes,2,3.0,2,0,No,4,Northeast,0
CUST-00106,57,50.05,Monthly,Bank Transfer,No,0,7.9,2,0,No,5,Northeast,0
CUST-00107,57,44.19,Monthly,Debit Card,Yes,2,3.9,2,0,Yes,2,Midwest,0
CUST-00108,48,14.47,Monthly,PayPal,Yes,1,3.2,1,0,No,3,Northeast,0
CUST-00109,34,59.0,Monthly,Bank Transfer,Yes,0,6.8,1,0,No,4,Northeast,1
CUST-00110,51,45.16,Monthly,Credit Card,No,0,10.1,1,1,No,3,Northeast,0
CUST-00111,20,14.21,Annual,Credit Card,Yes,1,5.1,1,0,Yes,3,South,0
CUST-00112,57,67.11,Two-Year,PayPal,No,0,7.0,2,2,No,4,Midwest,0
CUST-00113,41,77.83,Annual,Bank Transfer,Yes,0,5.6,3,1,No,5,West,0
CUST-00114,34,78.82,Annual,Credit Card,No,2,12.7,1,2,No,3,Northeast,0
CUST-00115,37,58.46,Monthly,Bank Transfer,No,1,15.2,2,2,Yes,1,West,1
CUST-00116,41,52.83,Annual,Debit Card,No,1,25.0,2,1,No,5,South,0
CUST-00117,3,75.91,Monthly,Debit Card,Yes,1,14.1,2,0,No,4,West,0
CUST-00118,11,82.28,Annual,Debit Card,Yes,0,10.6,2,1,No,4,Midwest,0
CUST-00119,18,72.4,Annual,Bank Transfer,Yes,2,12.7,1,0,Yes,4,South,0
CUST-00120,9,35.05,Monthly,Credit Card,Yes,1,5.6,1,0,Yes,3,West,0
CUST-00121,32,55.62,Two-Year,PayPal,No,0,6.8,1,1,No,2,Midwest,0
CUST-00122,49,59.91,Annual,Credit Card,Yes,0,9.0,4,0,No,5,Midwest,0
CUST-00123,48,19.43,Monthly,Bank Transfer,Yes,1,2.9,4,0,No,3,West,0
CUST-00124,34,60.45,Two-Year,PayPal,No,3,5.3,2,1,No,5,South,0
CUST-00125,62,92.91,Monthly,Credit Card,Yes,0,23.0,2,1,Yes,5,Northeast,0
CUST-00126,41,63.52,Monthly,Credit Card,No,2,6.8,2,2,No,3,Northeast,1
CUST-00127,6,78.52,Monthly,Debit Card,Yes,0,2.6,2,0,Yes,2,South,0
CUST-00128,56,55.29,Annual,Debit Card,Yes,3,6.0,1,0,No,4,West,0
CUST-00129,42,50.68,Monthly,PayPal,No,1,8.7,1,0,Yes,5,West,0
CUST-00130,46,58.86,Two-Year,PayPal,Yes,0,10.3,1,1,No,1,South,0
CUST-00131,41,37.32,Monthly,Debit Card,No,1,7.7,4,1,No,4,Midwest,0
CUST-00132,40,34.65,Monthly,PayPal,Yes,0,9.7,2,0,No,3,South,0
CUST-00133,7,74.79,Annual,Debit Card,Yes,0,5.3,2,2,Yes,1,West,0
CUST-00134,41,76.7,Monthly,Credit Card,Yes,0,15.4,3,1,No,3,South,1
CUST-00135,58,34.16,Annual,Credit Card,Yes,2,13.6,2,1,Yes,2,South,0
CUST-00136,22,69.42,Monthly,Debit Card,No,1,2.3,2,0,No,3,West,0
CUST-00137,44,50.43,Two-Year,PayPal,Yes,6,4.2,3,1,No,4,West,0
CUST-00138,3,58.12,Annual,Credit Card,Yes,2,12.4,1,1,Yes,3,Midwest,0
CUST-00139,26,60.28,Monthly,PayPal,No,2,9.3,1,0,No,3,South,0
CUST-00140,32,69.9,Monthly,Credit Card,Yes,0,9.1,2,1,Yes,4,Northeast,0
CUST-00141,71,53.49,Monthly,PayPal,No,1,8.4,1,0,No,5,South,0
CUST-00142,16,77.38,Two-Year,Credit Card,Yes,1,14.1,2,0,No,4,South,0
CUST-00143,20,57.57,Annual,Debit Card,No,2,9.2,3,0,No,4,West,0
CUST-00144,30,63.24,Monthly,Credit Card,Yes,1,10.3,3,0,No,3,Midwest,0
CUST-00145,72,37.0,Monthly,Debit Card,Yes,2,8.5,1,0,No,5,West,0
CUST-00146,62,90.86,Two-Year,Credit Card,Yes,2,4.5,1,1,Yes,2,Northeast,0
CUST-00147,3,60.46,Monthly,Debit Card,Yes,1,12.9,4,0,No,2,South,0
CUST-00148,17,64.83,Annual,PayPal,Yes,0,6.5,3,1,No,1,West,0
CUST-00149,60,23.05,Annual,Credit Card,Yes,5,6.4,1,3,Yes,2,South,1
CUST-00150,5,37.19,Monthly,PayPal,No,0,7.2,3,0,Yes,4,Northeast,0
CUST-00151,62,74.28,Monthly,PayPal,Yes,0,3.6,3,1,Yes,5,West,0
CUST-00152,21,57.16,Monthly,Debit Card,No,1,21.1,1,1,No,4,Northeast,0
CUST-00153,67,17.55,Monthly,PayPal,Yes,1,12.4,1,0,No,3,South,0
CUST-00154,22,70.69,Two-Year,Debit Card,Yes,1,4.3,3,0,No,5,Midwest,0
CUST-00155,32,42.21,Annual,PayPal,Yes,2,17.6,2,1,No,3,Northeast,0
CUST-00156,48,77.4,Annual,PayPal,Yes,3,5.8,2,2,No,4,West,0
CUST-00157,10,50.42,Monthly,PayPal,No,0,6.4,4,0,No,4,South,0
CUST-00158,41,55.68,Monthly,Credit Card,Yes,1,5.8,3,3,No,4,South,0
CUST-00159,37,73.22,Annual,PayPal,No,0,15.8,1,1,Yes,2,West,0
CUST-00160,57,35.85,Monthly,Credit Card,Yes,3,14.4,2,0,No,5,Northeast,0
CUST-00161,72,34.13,Monthly,Debit Card,Yes,1,7.3,3,1,No,3,South,0
CUST-00162,48,48.46,Monthly,Credit Card,Yes,0,7.7,1,0,No,4,South,0
CUST-00163,30,66.89,Annual,Credit Card,No,2,12.1,1,1,No,1,Northeast,0
CUST-00164,30,28.04,Annual,PayPal,Yes,1,11.9,3,0,No,4,South,0
CUST-00165,31,21.98,Monthly,Bank Transfer,No,2,7.9,3,2,No,5,South,0
CUST-00166,59,66.83,Two-Year,Credit Card,Yes,3,8.1,1,1,No,4,West,0
CUST-00167,24,41.15,Monthly,PayPal,Yes,1,12.5,1,0,Yes,3,South,0
CUST-00168,13,44.94,Monthly,PayPal,No,0,2.7,3,1,Yes,4,South,1
CUST-00169,25,18.58,Monthly,Bank Transfer,Yes,2,10.0,1,0,No,5,Midwest,0
CUST-00170,2,39.78,Annual,PayPal,No,2,9.6,1,0,No,2,Northeast,0
CUST-00171,8,51.86,Monthly,Credit Card,Yes,0,15.9,3,1,No,1,Northeast,0
CUST-00172,7,68.75,Monthly,Credit Card,No,1,10.5,3,0,No,4,South,1
CUST-00173,56,38.12,Monthly,PayPal,Yes,2,11.1,2,0,No,3,Midwest,0
CUST-00174,53,81.83,Annual,Credit Card,No,1,5.4,2,1,Yes,1,South,0
CUST-00175,51,39.68,Annual,Bank Transfer,Yes,1,5.6,2,0,No,4,Northeast,0
CUST-00176,34,39.7,Monthly,Bank Transfer,No,3,9.8,1,1,No,4,Midwest,0
CUST-00177,52,79.67,Two-Year,Bank Transfer,Yes,2,1.9,4,0,No,3,Midwest,0
CUST-00178,12,55.81,Monthly,Credit Card,No,4,6.7,2,1,No,3,West,1
CUST-00179,65,42.06,Monthly,PayPal,No,2,3.8,2,1,No,3,West,0
CUST-00180,37,49.21,Annual,PayPal,No,0,5.8,2,0,Yes,2,Midwest,0
CUST-00181,68,76.36,Annual,Credit Card,Yes,2,2.3,2,0,Yes,5,South,0
CUST-00182,11,78.39,Monthly,Credit Card,Yes,2,4.1,1,2,No,1,West,1
CUST-00183,36,37.3,Monthly,Credit Card,No,2,15.0,2,1,No,1,Midwest,0
CUST-00184,51,51.24,Monthly,Debit Card,Yes,0,3.9,2,2,Yes,5,Northeast,0
CUST-00185,36,53.62,Monthly,Bank Transfer,No,3,4.8,3,0,No,4,West,0
CUST-00186,33,34.25,Annual,Bank Transfer,Yes,1,6.1,3,0,Yes,5,Northeast,0
CUST-00187,12,51.0,Two-Year,Credit Card,Yes,4,11.1,1,0,Yes,4,West,0
CUST-00188,28,52.1,Monthly,Debit Card,Yes,1,7.2,2,1,Yes,5,West,0
CUST-00189,18,72.52,Annual,Credit Card,No,1,2.8,1,1,No,3,Northeast,0
CUST-00190,22,73.73,Annual,Credit Card,Yes,0,2.1,2,0,Yes,4,Northeast,0
CUST-00191,50,46.07,Monthly,Credit Card,Yes,3,6.7,3,0,Yes,3,West,0
CUST-00192,46,48.15,Monthly,PayPal,No,0,7.1,3,0,Yes,4,West,0
CUST-00193,44,63.96,Two-Year,PayPal,Yes,2,12.9,1,1,No,2,Midwest,0
CUST-00194,27,41.47,Monthly,Bank Transfer,No,1,4.1,2,0,Yes,4,South,1
CUST-00195,70,62.6,Annual,Bank Transfer,Yes,2,16.9,1,0,No,4,West,0
CUST-00196,7,50.42,Monthly,Credit Card,Yes,1,2.8,1,1,Yes,1,Midwest,1
CUST-00197,25,34.55,Annual,PayPal,Yes,0,2.8,1,0,No,2,West,0
CUST-00198,9,34.78,Monthly,Credit Card,Yes,3,6.5,2,0,Yes,4,South,1
CUST-00199,25,78.05,Two-Year,Debit Card,No,1,12.7,2,0,No,4,South,0
CUST-00200,70,49.18,Annual,Debit Card,Yes,0,9.0,2,1,Yes,4,Midwest,0
CUST-00201,27,81.53,Monthly,Credit Card,Yes,0,4.0,2,0,No,4,Midwest,0
CUST-00202,66,42.75,Annual,Credit Card,Yes,0,21.7,1,0,Yes,4,Northeast,0
CUST-00203,36,57.24,Annual,Credit Card,No,1,8.8,2,1,Yes,3,Northeast,0
CUST-00204,51,95.07,Monthly,Credit Card,No,1,9.3,1,1,No,4,West,0
CUST-00205,33,32.97,Monthly,Bank Transfer,Yes,0,12.0,1,1,No,3,Midwest,0
CUST-00206,20,17.84,Annual,Credit Card,Yes,2,9.5,2,1,No,4,Northeast,0
CUST-00207,56,75.16,Annual,Debit Card,Yes,1,5.9,1,2,No,2,South,0
CUST-00208,70,37.12,Monthly,Bank Transfer,No,2,18.3,2,0,No,4,West,0
CUST-00209,19,51.63,Two-Year,PayPal,Yes,2,16.0,3,0,No,4,Northeast,0
CUST-00210,57,41.45,Monthly,Debit Card,Yes,1,20.0,1,1,No,3,Midwest,0
CUST-00211,19,56.83,Monthly,Bank Transfer,No,1,6.3,3,1,Yes,5,South,0
CUST-00212,52,34.89,Annual,Credit Card,Yes,4,17.9,1,1,Yes,1,West,0
CUST-00213,57,48.76,Monthly,Credit Card,No,2,3.9,3,1,Yes,3,Midwest,0
CUST-00214,33,60.1,Monthly,Debit Card,Yes,0,8.0,1,1,No,4,Midwest,0
CUST-00215,54,33.85,Monthly,Debit Card,No,0,11.8,4,0,No,5,Midwest,0
CUST-00216,20,39.4,Monthly,PayPal,Yes,2,3.3,1,2,Yes,2,West,0
CUST-00217,6,45.75,Monthly,Credit Card,Yes,2,19.2,4,0,No,2,South,0
CUST-00218,7,26.28,Annual,PayPal,Yes,2,5.9,1,2,No,4,Northeast,0
CUST-00219,33,44.39,Monthly,PayPal,Yes,1,16.4,2,1,No,3,South,0
CUST-00220,65,54.14,Annual,Bank Transfer,No,4,3.6,1,0,Yes,4,West,0
CUST-00221,10,44.81,Annual,Credit Card,Yes,0,7.9,1,1,No,5,Midwest,0
CUST-00222,33,47.12,Monthly,Credit Card,Yes,1,5.2,1,1,Yes,3,Northeast,0
CUST-00223,51,51.64,Monthly,Bank Transfer,No,1,5.3,1,0,Yes,1,South,0
CUST-00224,15,40.2,Annual,PayPal,Yes,1,3.8,2,1,No,4,Midwest,0
CUST-00225,52,64.44,Monthly,Credit Card,No,1,3.7,2,3,Yes,4,Northeast,0
CUST-00226,23,77.85,Monthly,Credit Card,No,1,4.2,2,1,No,4,Midwest,1
CUST-00227,59,43.64,Annual,PayPal,Yes,1,4.1,2,1,Yes,5,Northeast,0
CUST-00228,42,60.73,Annual,PayPal,No,2,14.5,1,2,No,5,Midwest,0
CUST-00229,40,47.69,Annual,PayPal,No,3,15.7,2,1,No,2,South,0
CUST-00230,13,58.58,Monthly,Bank Transfer,No,0,3.2,3,1,No,5,South,1
CUST-00231,34,80.18,Monthly,Credit Card,Yes,3,6.9,1,0,Yes,4,Northeast,0
CUST-00232,62,61.16,Monthly,Credit Card,Yes,0,14.3,3,1,Yes,5,Midwest,0
CUST-00233,2,20.08,Annual,PayPal,No,2,11.0,1,3,Yes,4,Midwest,0
CUST-00234,55,60.17,Monthly,Bank Transfer,No,1,6.6,2,1,Yes,5,West,0
CUST-00235,36,74.19,Monthly,Credit Card,Yes,3,5.4,3,1,Yes,5,Midwest,0
CUST-00236,52,48.01,Monthly,PayPal,Yes,1,3.3,2,1,No,3,Midwest,0
CUST-00237,48,69.92,Annual,Credit Card,No,1,18.6,2,1,No,4,South,0
CUST-00238,32,39.58,Annual,Credit Card,No,0,9.4,1,1,No,4,Northeast,0
CUST-00239,23,25.26,Monthly,Bank Transfer,No,1,8.5,2,1,No,4,Midwest,0
CUST-00240,46,54.54,Monthly,Credit Card,No,1,4.5,2,0,No,2,Northeast,0
CUST-00241,11,20.38,Monthly,Credit Card,Yes,2,7.5,4,0,No,1,Midwest,1
CUST-00242,43,47.68,Monthly,PayPal,No,3,14.5,3,1,No,3,Northeast,0
CUST-00243,7,75.16,Monthly,Debit Card,Yes,4,3.0,1,1,Yes,4,Northeast,0
CUST-00244,47,17.62,Monthly,Debit Card,Yes,1,4.5,2,0,Yes,4,South,0
CUST-00245,46,28.97,Annual,PayPal,Yes,2,3.5,2,0,Yes,4,West,0
CUST-00246,7,33.42,Annual,Credit Card,No,3,16.5,2,0,No,2,Midwest,0
CUST-00247,55,50.86,Two-Year,PayPal,Yes,1,2.9,1,1,Yes,5,Midwest,0
CUST-00248,30,45.42,Two-Year,Credit Card,Yes,1,9.1,3,0,No,4,West,0
CUST-00249,57,77.18,Monthly,Credit Card,Yes,0,3.5,2,0,Yes,5,South,0
CUST-00250,3,69.18,Monthly,PayPal,Yes,1,8.6,1,1,No,5,Midwest,0
CUST-00251,13,60.91,Monthly,Credit Card,Yes,1,3.4,1,0,No,5,South,0
CUST-00252,36,54.62,Annual,Bank Transfer,Yes,0,5.6,2,0,Yes,4,West,0
CUST-00253,14,59.08,Monthly,Bank Transfer,Yes,3,18.0,3,0,Yes,4,Midwest,0
CUST-00254,24,36.48,Monthly,Bank Transfer,Yes,0,10.1,1,2,No,4,South,0
CUST-00255,48,67.43,Monthly,Debit Card,No,5,8.3,1,0,No,3,South,0
CUST-00256,11,31.98,Monthly,Credit Card,No,2,9.7,1,0,No,5,Midwest,0
CUST-00257,49,67.04,Annual,Bank Transfer,No,3,18.8,2,0,Yes,4,South,0
CUST-00258,8,73.35,Annual,Debit Card,Yes,3,8.6,2,0,No,4,Northeast,0
CUST-00259,13,55.8,Monthly,PayPal,Yes,1,13.9,1,0,Yes,4,Midwest,0
CUST-00260,43,48.83,Two-Year,PayPal,Yes,2,14.2,3,0,No,4,Midwest,0
CUST-00261,58,59.21,Monthly,Credit Card,No,3,13.1,1,0,No,4,Northeast,0
CUST-00262,13,10.0,Monthly,Credit Card,Yes,1,25.8,3,0,Yes,1,South,0
CUST-00263,22,57.44,Monthly,PayPal,Yes,0,11.2,3,0,No,3,Midwest,0
CUST-00264,67,49.96,Annual,PayPal,No,0,13.4,1,0,Yes,5,Northeast,0
CUST-00265,72,51.09,Annual,Credit Card,No,2,5.7,3,1,Yes,4,West,0
CUST-00266,42,64.72,Monthly,PayPal,Yes,1,8.0,2,0,No,2,South,0
CUST-00267,33,50.65,Two-Year,PayPal,No,4,7.7,3,1,Yes,3,South,0
CUST-00268,25,31.48,Monthly,Debit Card,Yes,3,4.5,1,0,No,4,West,0
CUST-00269,45,49.45,Monthly,Credit Card,Yes,1,4.8,3,1,No,5,Midwest,0
CUST-00270,43,53.22,Annual,PayPal,Yes,2,7.7,2,1,No,5,West,0
CUST-00271,22,54.07,Two-Year,PayPal,No,0,8.9,1,1,Yes,1,West,1
CUST-00272,2,54.91,Annual,Bank Transfer,Yes,0,18.4,4,0,Yes,3,South,0
CUST-00273,11,70.71,Two-Year,Credit Card,No,0,4.5,4,0,No,1,South,0
CUST-00274,70,32.45,Monthly,Bank Transfer,Yes,0,4.3,1,0,No,2,West,0
CUST-00275,31,55.16,Annual,PayPal,No,0,3.1,2,0,No,4,Northeast,0
CUST-00276,35,75.22,Annual,PayPal,No,1,12.2,4,1,No,4,South,0
CUST-00277,34,20.78,Monthly,Credit Card,No,2,20.7,2,0,No,5,Midwest,0
CUST-00278,57,55.23,Monthly,Credit Card,No,2,7.4,2,1,No,2,West,1
CUST-00279,5,41.46,Two-Year,Debit Card,No,2,9.1,1,1,No,3,Midwest,0
CUST-00280,6,45.33,Monthly,Credit Card,No,1,7.5,2,1,No,4,Northeast,1
CUST-00281,20,35.71,Monthly,Credit Card,Yes,0,11.5,2,1,No,4,Midwest,0
CUST-00282,36,48.95,Two-Year,Bank Transfer,No,0,3.9,2,1,Yes,3,Midwest,0
CUST-00283,49,85.14,Two-Year,Credit Card,Yes,2,10.2,2,1,No,2,Northeast,0
CUST-00284,36,29.24,Two-Year,Bank Transfer,Yes,2,7.5,2,1,No,4,South,0
CUST-00285,32,30.95,Two-Year,Debit Card,Yes,1,12.4,1,0,No,3,South,0
CUST-00286,68,28.57,Monthly,Bank Transfer,Yes,2,12.2,3,0,Yes,4,Midwest,0
CUST-00287,12,83.09,Two-Year,Credit Card,No,1,9.5,1,0,Yes,5,Midwest,0
CUST-00288,42,43.68,Monthly,PayPal,Yes,0,6.8,2,0,No,3,South,0
CUST-00289,40,51.54,Annual,PayPal,Yes,1,4.6,3,1,No,4,West,0
CUST-00290,35,44.75,Monthly,Bank Transfer,No,1,12.0,3,0,No,5,Midwest,0
CUST-00291,59,35.0,Annual,Credit Card,No,1,8.1,1,0,No,4,Northeast,0
CUST-00292,20,47.77,Annual,Credit Card,Yes,2,8.0,3,0,Yes,3,Midwest,0
CUST-00293,69,96.25,Annual,Bank Transfer,No,0,6.2,1,2,Yes,3,Northeast,0
CUST-00294,24,77.06,Monthly,Credit Card,Yes,1,16.8,1,0,No,5,Northeast,0
CUST-00295,40,36.65,Monthly,PayPal,Yes,3,17.2,3,1,No,3,Midwest,1
CUST-00296,38,63.66,Monthly,Credit Card,No,2,6.5,1,0,No,5,South,0
CUST-00297,62,37.03,Monthly,Credit Card,No,3,5.0,2,1,Yes,5,West,0
CUST-00298,32,20.03,Annual,PayPal,No,2,6.8,3,2,No,5,Midwest,0
CUST-00299,21,70.35,Monthly,PayPal,Yes,1,5.2,1,2,No,5,South,0
CUST-00300,2,72.88,Monthly,PayPal,Yes,1,10.0,3,1,No,5,Northeast,0
CUST-00301,27,70.83,Monthly,Debit Card,Yes,0,8.0,2,0,No,5,West,0
CUST-00302,60,43.54,Monthly,PayPal,No,1,11.7,2,2,No,4,South,0
CUST-00303,1,49.0,Annual,Bank Transfer,Yes,0,6.5,2,1,No,3,South,0
CUST-00304,65,65.5,Monthly,Credit Card,Yes,0,26.9,2,1,Yes,2,South,0
CUST-00305,40,59.05,Monthly,Debit Card,Yes,1,3.2,3,2,Yes,3,West,0
CUST-00306,11,44.91,Monthly,Debit Card,No,2,7.8,3,0,No,3,South,1
CUST-00307,22,22.86,Monthly,PayPal,Yes,1,23.9,1,1,No,5,Midwest,0
CUST-00308,40,54.05,Annual,Debit Card,No,6,11.8,2,1,No,5,Midwest,0
CUST-00309,23,71.42,Monthly,PayPal,Yes,1,7.1,2,3,No,4,Northeast,1
CUST-00310,8,30.44,Monthly,Debit Card,Yes,0,9.7,2,1,Yes,5,South,0
CUST-00311,48,63.5,Annual,PayPal,Yes,1,3.7,1,0,Yes,4,Northeast,0
CUST-00312,49,57.97,Monthly,PayPal,Yes,1,8.1,1,2,Yes,4,Northeast,1
CUST-00313,9,65.5,Annual,Debit Card,No,2,3.6,1,0,Yes,5,Northeast,0
CUST-00314,21,67.7,Monthly,Debit Card,No,1,2.4,2,1,No,5,South,0
CUST-00315,18,39.5,Two-Year,Credit Card,Yes,2,16.2,1,0,No,5,Midwest,0
CUST-00316,48,22.89,Monthly,Debit Card,Yes,0,5.4,2,2,No,4,Northeast,0
CUST-00317,53,42.4,Monthly,Credit Card,Yes,1,3.4,4,0,No,3,South,0
CUST-00318,53,68.0,Two-Year,Bank Transfer,No,1,6.6,1,0,No,3,Midwest,1
CUST-00319,68,42.24,Annual,Debit Card,No,2,11.4,2,0,No,4,Northeast,0
CUST-00320,56,39.51,Annual,Credit Card,No,0,3.6,1,1,Yes,5,South,0
CUST-00321,24,19.22,Two-Year,Credit Card,Yes,1,5.9,2,0,No,4,South,0
CUST-00322,8,83.55,Monthly,Debit Card,Yes,1,12.2,1,0,No,5,Midwest,0
CUST-00323,45,66.86,Annual,Bank Transfer,No,2,8.3,3,1,No,3,South,0
CUST-00324,66,65.86,Annual,Credit Card,Yes,1,16.4,1,0,No,3,South,0
CUST-00325,71,69.42,Monthly,Credit Card,No,1,12.3,4,2,No,4,West,0
CUST-00326,17,62.38,Monthly,Debit Card,No,2,10.7,1,1,No,5,West,0
CUST-00327,18,47.6,Monthly,Bank Transfer,No,2,12.0,3,1,No,4,South,0
CUST-00328,3,49.05,Two-Year,Bank Transfer,No,4,3.1,1,0,No,1,Midwest,0
CUST-00329,11,44.3,Monthly,Credit Card,Yes,1,7.7,1,0,Yes,5,Midwest,0
CUST-00330,40,99.43,Monthly,PayPal,No,0,22.0,3,0,No,2,Northeast,0
CUST-00331,40,62.01,Annual,PayPal,Yes,1,6.2,1,0,No,4,Northeast,0
CUST-00332,27,43.65,Annual,PayPal,No,1,7.8,2,0,Yes,4,Northeast,0
CUST-00333,23,60.38,Monthly,Debit Card,Yes,0,5.5,2,0,No,5,Northeast,0
CUST-00334,60,33.8,Annual,PayPal,No,3,5.5,2,0,Yes,2,Northeast,0
CUST-00335,34,79.08,Monthly,PayPal,No,0,13.0,1,0,No,4,Northeast,0
CUST-00336,59,40.1,Annual,Credit Card,Yes,0,21.5,3,0,Yes,3,South,0
CUST-00337,70,61.02,Monthly,Credit Card,Yes,1,17.6,2,1,No,3,Midwest,0
CUST-00338,23,71.19,Monthly,Debit Card,Yes,1,2.2,3,1,No,3,South,0
CUST-00339,15,58.93,Annual,Credit Card,No,3,7.5,3,0,No,3,South,0
CUST-00340,69,53.7,Monthly,Debit Card,No,0,6.3,3,0,Yes,5,South,0
CUST-00341,46,52.19,Monthly,PayPal,Yes,1,3.9,2,1,No,4,Midwest,0
CUST-00342,21,50.98,Monthly,Bank Transfer,No,1,13.3,1,2,Yes,5,South,0
CUST-00343,45,41.62,Annual,Credit Card,No,2,6.6,3,0,Yes,5,South,0
CUST-00344,38,43.91,Two-Year,Credit Card,No,0,4.2,3,1,Yes,3,West,0
CUST-00345,66,78.63,Annual,PayPal,No,1,9.8,2,1,No,1,South,0
CUST-00346,19,50.05,Two-Year,Debit Card,No,2,3.6,3,0,Yes,3,South,1
CUST-00347,72,37.86,Two-Year,Credit Card,No,1,15.0,1,1,Yes,3,Northeast,0
CUST-00348,68,42.71,Monthly,PayPal,Yes,0,15.7,1,1,Yes,2,West,0
CUST-00349,14,71.81,Monthly,Credit Card,No,1,11.9,1,0,No,2,South,1
CUST-00350,12,64.16,Two-Year,Credit Card,Yes,1,10.4,2,0,No,1,Midwest,0
CUST-00351,39,62.09,Two-Year,PayPal,No,1,7.5,2,1,Yes,3,Midwest,0
CUST-00352,4,47.36,Two-Year,PayPal,No,3,9.4,1,0,Yes,2,West,0
CUST-00353,22,62.32,Annual,Debit Card,No,2,7.4,2,0,Yes,3,West,0
CUST-00354,32,40.42,Monthly,PayPal,Yes,3,3.0,1,1,No,4,Northeast,0
CUST-00355,70,47.33,Two-Year,Bank Transfer,Yes,1,11.6,2,2,No,2,Northeast,0
CUST-00356,72,69.46,Two-Year,Credit Card,Yes,2,16.9,1,1,No,1,West,0
CUST-00357,11,67.74,Annual,PayPal,No,0,5.5,1,1,No,5,South,0
CUST-00358,65,34.33,Annual,Credit Card,No,0,12.7,2,1,No,5,West,0
CUST-00359,7,36.6,Annual,Debit Card,Yes,0,7.9,1,0,Yes,3,South,0
CUST-00360,54,53.96,Two-Year,Debit Card,Yes,1,5.8,2,0,No,4,South,0
CUST-00361,61,83.07,Monthly,Debit Card,No,0,1.9,2,0,No,3,Northeast,1
CUST-00362,65,17.52,Annual,Credit Card,Yes,2,11.8,4,0,No,4,West,0
CUST-00363,17,57.01,Monthly,PayPal,Yes,1,10.5,1,1,No,2,Northeast,1
CUST-00364,65,27.23,Monthly,Debit Card,Yes,0,4.1,1,0,No,4,South,0
CUST-00365,9,40.58,Monthly,Bank Transfer,No,2,6.8,3,0,Yes,4,Midwest,0
CUST-00366,38,45.44,Monthly,Debit Card,No,2,7.9,1,1,No,3,South,0
CUST-00367,34,44.43,Monthly,Bank Transfer,No,1,9.7,2,1,Yes,5,South,0
CUST-00368,23,42.39,Two-Year,Debit Card,Yes,0,14.2,3,1,Yes,3,Northeast,0
CUST-00369,2,52.13,Monthly,Debit Card,Yes,0,7.2,1,0,No,2,Northeast,0
CUST-00370,56,42.37,Two-Year,PayPal,No,1,2.7,4,1,No,4,West,0
CUST-00371,25,25.68,Monthly,PayPal,No,2,8.1,2,0,Yes,2,South,1
CUST-00372,48,66.04,Monthly,Debit Card,Yes,0,6.2,3,1,No,2,Northeast,0
CUST-00373,30,65.55,Annual,Debit Card,No,3,4.9,3,1,No,3,South,0
CUST-00374,27,67.18,Annual,PayPal,No,1,13.0,3,0,Yes,5,Midwest,0
CUST-00375,64,24.27,Monthly,PayPal,No,3,4.6,1,0,No,5,Midwest,0
CUST-00376,7,57.38,Annual,Debit Card,Yes,0,3.4,2,0,Yes,4,Northeast,0
CUST-00377,54,64.17,Annual,PayPal,Yes,0,5.9,2,0,No,5,South,0
CUST-00378,54,33.44,Annual,Debit Card,Yes,0,7.8,2,0,Yes,4,Midwest,0
CUST-00379,28,52.17,Two-Year,Debit Card,No,1,8.4,3,1,No,2,West,0
CUST-00380,19,49.91,Annual,PayPal,No,2,15.1,1,0,Yes,4,South,1
CUST-00381,1,85.16,Annual,Bank Transfer,Yes,1,5.3,2,1,No,4,Northeast,0
CUST-00382,68,86.64,Monthly,Credit Card,Yes,2,11.8,2,2,No,1,West,0
CUST-00383,69,22.04,Monthly,Credit Card,Yes,2,5.9,1,0,Yes,3,South,0
CUST-00384,18,96.89,Monthly,Credit Card,No,3,2.1,2,4,No,2,Midwest,0
CUST-00385,3,35.53,Annual,PayPal,No,3,14.3,1,0,Yes,3,South,0
CUST-00386,9,69.65,Annual,Debit Card,Yes,0,3.0,2,1,No,4,West,0
CUST-00387,5,69.47,Monthly,Debit Card,No,3,9.1,1,0,No,4,South,0
CUST-00388,60,34.08,Annual,Credit Card,Yes,4,3.3,3,2,No,3,Midwest,0
CUST-00389,65,60.88,Monthly,Bank Transfer,No,2,10.2,1,0,No,2,South,0
CUST-00390,12,50.06,Monthly,Debit Card,No,0,3.8,2,0,No,4,South,0
CUST-00391,54,61.98,Two-Year,PayPal,Yes,1,2.6,2,0,Yes,2,Northeast,0
CUST-00392,13,56.15,Monthly,Credit Card,No,3,6.9,2,2,No,2,West,0
CUST-00393,27,73.53,Monthly,Credit Card,No,1,1.6,2,1,No,4,South,0
CUST-00394,44,53.36,Monthly,Credit Card,No,1,7.2,3,1,No,4,South,0
CUST-00395,52,48.98,Monthly,Debit Card,No,2,11.8,1,1,No,4,Northeast,0
CUST-00396,63,71.73,Annual,Debit Card,Yes,1,21.9,2,1,Yes,2,Northeast,0
CUST-00397,4,62.45,Two-Year,Credit Card,Yes,0,8.7,2,3,No,5,South,0
CUST-00398,15,65.17,Annual,Debit Card,No,1,7.6,2,0,No,5,Northeast,0
CUST-00399,21,40.04,Annual,Credit Card,Yes,0,14.6,3,0,No,5,Midwest,0
CUST-00400,23,33.19,Monthly,Debit Card,No,4,3.6,2,1,Yes,1,Northeast,0
CUST-00401,72,41.78,Annual,Credit Card,Yes,2,4.6,1,0,Yes,1,Midwest,0
CUST-00402,56,40.83,Monthly,Credit Card,No,1,11.7,2,0,No,4,Midwest,0
CUST-00403,24,66.15,Monthly,Credit Card,Yes,0,5.8,2,1,No,3,South,0
CUST-00404,70,69.57,Annual,PayPal,Yes,1,6.5,1,0,No,3,Northeast,0
CUST-00405,36,49.21,Monthly,Bank Transfer,Yes,1,8.1,2,2,No,4,West,0
CUST-00406,37,77.76,Monthly,PayPal,No,1,3.9,2,1,No,5,West,0
CUST-00407,32,76.63,Monthly,Credit Card,No,1,2.7,3,0,Yes,4,Midwest,0
CUST-00408,11,56.38,Annual,Bank Transfer,Yes,2,4.4,1,1,No,1,Midwest,1
CUST-00409,68,37.21,Monthly,Bank Transfer,Yes,0,6.2,2,2,No,1,Northeast,0
CUST-00410,2,80.36,Monthly,Debit Card,No,2,10.2,1,0,Yes,3,South,0
CUST-00411,13,50.9,Annual,Credit Card,Yes,1,7.7,1,0,No,1,Northeast,0
CUST-00412,17,54.27,Monthly,PayPal,Yes,3,11.4,2,3,No,2,Northeast,1
CUST-00413,21,45.89,Two-Year,Bank Transfer,No,1,7.7,2,1,Yes,1,South,0
CUST-00414,10,35.98,Monthly,PayPal,Yes,1,12.4,2,0,No,3,South,0
CUST-00415,2,25.56,Annual,PayPal,Yes,1,6.6,3,0,No,1,Midwest,0
CUST-00416,49,63.39,Two-Year,PayPal,Yes,3,1.8,1,0,No,5,West,0
CUST-00417,70,37.9,Monthly,Bank Transfer,No,4,5.2,2,0,No,4,South,0
CUST-00418,9,107.07,Annual,Credit Card,Yes,3,8.2,1,0,No,5,Northeast,0
CUST-00419,22,32.45,Monthly,Credit Card,No,0,10.8,1,0,No,4,Northeast,0
CUST-00420,37,29.37,Annual,Bank Transfer,Yes,1,5.5,1,1,Yes,4,South,0
CUST-00421,67,61.18,Two-Year,Credit Card,No,2,8.7,2,0,No,4,South,0
CUST-00422,50,79.53,Annual,Debit Card,Yes,0,6.0,2,1,Yes,4,South,0
CUST-00423,56,53.16,Two-Year,Credit Card,Yes,1,4.7,2,0,No,3,West,0
CUST-00424,42,62.3,Annual,Credit Card,Yes,3,10.8,2,1,No,4,West,0
CUST-00425,31,18.82,Annual,Credit Card,Yes,1,9.6,1,0,No,2,Midwest,0
CUST-00426,15,39.8,Monthly,PayPal,Yes,1,25.9,1,0,Yes,5,Northeast,0
CUST-00427,63,32.67,Annual,Debit Card,No,2,5.5,2,0,No,3,Northeast,0
CUST-00428,58,17.89,Two-Year,PayPal,No,2,15.5,3,0,Yes,2,South,0
CUST-00429,2,54.11,Annual,Credit Card,No,1,3.0,3,2,No,4,Midwest,0
CUST-00430,52,11.63,Monthly,Bank Transfer,Yes,2,15.5,1,0,Yes,2,West,0
CUST-00431,7,28.2,Monthly,PayPal,No,1,7.8,2,0,No,5,Midwest,0
CUST-00432,54,42.33,Annual,Bank Transfer,Yes,3,6.2,2,2,Yes,4,West,0
CUST-00433,60,37.04,Two-Year,Debit Card,No,0,9.7,3,1,Yes,4,Northeast,0
CUST-00434,10,59.14,Monthly,Credit Card,No,2,10.1,1,1,No,2,Midwest,1
CUST-00435,32,57.5,Monthly,PayPal,Yes,4,14.4,1,1,No,4,South,1
CUST-00436,9,68.09,Monthly,PayPal,Yes,0,4.2,3,2,No,1,Midwest,0
CUST-00437,41,65.54,Monthly,Credit Card,No,3,3.0,1,0,No,3,Northeast,1
CUST-00438,67,72.53,Two-Year,PayPal,Yes,1,9.7,4,1,No,4,Midwest,0
CUST-00439,6,51.97,Monthly,PayPal,No,0,9.4,2,2,No,3,West,0
CUST-00440,29,57.46,Monthly,Credit Card,No,3,14.3,2,1,Yes,4,South,1
CUST-00441,71,61.21,Monthly,PayPal,Yes,1,5.8,1,0,No,4,West,0
CUST-00442,22,54.55,Monthly,Credit Card,Yes,0,5.1,3,0,No,5,Northeast,0
CUST-00443,10,44.85,Two-Year,Credit Card,Yes,0,9.5,1,0,No,4,Midwest,0
CUST-00444,36,46.02,Monthly,Bank Transfer,No,1,8.0,2,0,No,3,South,0
CUST-00445,37,37.28,Monthly,Debit Card,Yes,1,10.7,1,1,No,5,Northeast,0
CUST-00446,48,59.59,Monthly,PayPal,Yes,1,4.9,1,3,No,4,Midwest,1
CUST-00447,23,50.31,Two-Year,PayPal,Yes,3,15.4,2,0,Yes,3,Northeast,0
CUST-00448,69,40.06,Two-Year,Bank Transfer,No,2,9.2,1,0,No,3,South,0
CUST-00449,38,40.08,Monthly,Debit Card,No,0,14.1,2,1,No,4,South,0
CUST-00450,21,30.21,Annual,Debit Card,No,2,7.1,2,0,Yes,3,Northeast,0
CUST-00451,70,69.62,Monthly,Credit Card,No,2,4.8,2,2,No,5,Northeast,0
CUST-00452,67,53.42,Annual,PayPal,No,1,9.9,2,3,No,5,Midwest,0
CUST-00453,36,36.47,Monthly,Debit Card,No,1,11.4,1,0,No,4,Northeast,0
CUST-00454,2,66.55,Annual,PayPal,Yes,0,2.7,3,2,Yes,1,South,0
CUST-00455,43,41.91,Two-Year,Debit Card,Yes,1,20.8,1,1,Yes,2,Northeast,0
CUST-00456,40,26.68,Monthly,Credit Card,No,0,5.1,2,2,Yes,4,Northeast,0
CUST-00457,11,70.38,Monthly,Bank Transfer,Yes,3,8.5,3,0,Yes,3,Northeast,0
CUST-00458,46,42.33,Monthly,PayPal,Yes,2,11.1,3,0,Yes,3,South,0
CUST-00459,61,44.64,Monthly,Debit Card,No,0,8.0,1,0,No,4,Midwest,0
CUST-00460,8,52.74,Monthly,PayPal,No,0,8.3,1,0,No,4,Northeast,1
CUST-00461,53,72.57,Monthly,Debit Card,Yes,2,8.4,3,1,No,2,Northeast,0
CUST-00462,11,52.36,Two-Year,PayPal,Yes,2,2.0,3,1,No,4,West,0
CUST-00463,54,30.42,Monthly,Debit Card,Yes,2,8.7,2,0,Yes,2,West,0
CUST-00464,31,61.79,Annual,Debit Card,Yes,1,5.8,1,0,No,4,West,0
CUST-00465,1,43.27,Monthly,Credit Card,Yes,1,13.9,2,0,No,4,Midwest,0
CUST-00466,70,85.98,Monthly,Credit Card,Yes,1,12.5,4,0,Yes,3,Northeast,0
CUST-00467,12,51.98,Monthly,PayPal,No,2,3.1,1,1,Yes,5,Northeast,1
CUST-00468,43,11.77,Two-Year,Debit Card,Yes,2,3.0,3,1,No,5,Northeast,0
CUST-00469,14,58.43,Monthly,Credit Card,Yes,0,21.3,2,0,No,5,South,0
CUST-00470,68,87.0,Monthly,Credit Card,No,0,1.3,2,1,No,3,South,1
CUST-00471,54,80.37,Annual,Debit Card,Yes,3,5.2,1,0,Yes,5,Northeast,0
CUST-00472,58,84.96,Annual,PayPal,Yes,2,3.7,1,0,No,4,Northeast,0
CUST-00473,32,33.64,Annual,Debit Card,Yes,0,15.1,1,1,No,3,West,0
CUST-00474,34,68.42,Monthly,PayPal,No,1,7.3,3,0,No,4,Northeast,0
CUST-00475,46,39.0,Monthly,Bank Transfer,Yes,1,5.1,2,2,Yes,5,Northeast,0
CUST-00476,57,56.04,Annual,Debit Card,Yes,3,8.1,2,0,No,5,Northeast,0
CUST-00477,61,29.09,Annual,PayPal,No,1,20.3,4,1,No,3,South,0
CUST-00478,2,40.4,Annual,Credit Card,No,1,10.4,1,0,Yes,2,Northeast,0
CUST-00479,48,39.83,Monthly,Debit Card,No,1,10.3,3,2,No,4,South,0
CUST-00480,8,68.17,Monthly,Credit Card,No,1,2.6,1,0,Yes,5,South,1
CUST-00481,21,66.41,Two-Year,Credit Card,No,0,14.3,1,0,Yes,5,West,0
CUST-00482,60,56.98,Annual,Credit Card,Yes,2,4.2,2,1,Yes,3,Northeast,0
CUST-00483,19,27.69,Monthly,Credit Card,Yes,2,9.9,4,0,No,1,South,1
CUST-00484,58,46.39,Two-Year,Bank Transfer,Yes,0,4.8,2,0,Yes,4,Midwest,0
CUST-00485,34,38.57,Annual,Debit Card,Yes,1,8.1,1,0,No,3,South,0
CUST-00486,17,67.65,Monthly,Bank Transfer,Yes,0,7.8,4,0,No,3,Midwest,0
CUST-00487,25,73.21,Monthly,Debit Card,Yes,0,29.3,3,1,No,4,South,0
CUST-00488,39,71.01,Annual,PayPal,No,0,6.1,2,0,Yes,2,West,0
CUST-00489,56,38.41,Monthly,Credit Card,No,1,9.3,2,0,No,5,Northeast,0
CUST-00490,44,10.0,Annual,Debit Card,Yes,2,7.2,2,0,No,5,West,0
CUST-00491,68,20.19,Annual,Debit Card,Yes,0,3.5,1,1,No,2,Northeast,0
CUST-00492,63,77.59,Monthly,Bank Transfer,Yes,3,9.9,2,1,No,4,Northeast,0
CUST-00493,55,44.78,Two-Year,Bank Transfer,Yes,1,12.9,1,1,No,4,Northeast,0
CUST-00494,44,38.49,Monthly,Credit Card,Yes,0,3.9,2,0,Yes,4,Midwest,0
CUST-00495,21,81.57,Monthly,PayPal,Yes,1,6.7,2,1,Yes,5,Midwest,0
CUST-00496,30,74.77,Annual,PayPal,Yes,1,8.2,2,0,No,1,Northeast,0
CUST-00497,9,52.44,Annual,PayPal,No,1,12.2,3,0,Yes,5,West,0
CUST-00498,27,46.72,Monthly,Credit Card,Yes,2,12.4,2,1,No,4,West,0
CUST-00499,67,49.62,Annual,PayPal,Yes,1,2.5,2,1,Yes,3,South,0
CUST-00500,31,56.09,Two-Year,PayPal,Yes,0,21.2,1,0,Yes,4,Northeast,0
CUST-00501,9,80.8,Annual,Debit Card,Yes,2,10.5,1,1,Yes,4,South,0
CUST-00502,47,59.6,Annual,Debit Card,Yes,2,7.9,1,1,No,1,Midwest,0
CUST-00503,70,65.07,Monthly,Credit Card,No,0,12.1,1,1,Yes,5,Northeast,0
CUST-00504,63,73.05,Monthly,Bank Transfer,Yes,1,16.5,2,2,No,1,Northeast,0
CUST-00505,20,30.95,Monthly,Credit Card,Yes,1,7.1,2,1,No,3,South,0
CUST-00506,33,65.59,Monthly,Credit Card,No,1,6.6,3,1,No,4,West,0
CUST-00507,39,46.7,Annual,Credit Card,Yes,0,3.6,1,0,Yes,5,South,0
CUST-00508,18,10.0,Monthly,PayPal,Yes,1,6.7,1,0,Yes,4,South,0
CUST-00509,20,13.69,Monthly,PayPal,No,3,10.9,3,0,Yes,4,West,0
CUST-00510,18,33.67,Monthly,Credit Card,Yes,1,6.7,1,0,Yes,4,Midwest,0
CUST-00511,72,61.56,Monthly,Credit Card,No,3,6.5,2,0,No,4,South,0
CUST-00512,54,54.05,Monthly,PayPal,Yes,1,18.8,2,1,No,3,South,0
CUST-00513,61,55.32,Annual,Debit Card,No,0,9.2,2,0,Yes,3,West,0
CUST-00514,59,87.12,Annual,Credit Card,Yes,1,9.2,1,1,No,3,Midwest,0
CUST-00515,70,29.16,Monthly,Bank Transfer,No,0,11.0,1,1,No,5,Northeast,0
CUST-00516,8,51.51,Monthly,Credit Card,No,2,13.4,4,2,No,3,Northeast,1
CUST-00517,64,57.48,Annual,Debit Card,No,2,8.3,3,0,No,5,Midwest,0
CUST-00518,5,38.75,Monthly,Credit Card,No,2,4.6,2,0,No,4,South,1
CUST-00519,35,52.51,Monthly,PayPal,No,1,10.4,1,0,No,3,Northeast,0
CUST-00520,43,23.2,Monthly,PayPal,Yes,1,14.4,2,0,Yes,2,Midwest,0
CUST-00521,26,77.38,Annual,Debit Card,Yes,0,10.3,2,1,No,2,West,0
CUST-00522,11,39.73,Two-Year,PayPal,Yes,1,12.1,1,0,No,4,South,0
CUST-00523,14,88.57,Annual,Bank Transfer,Yes,0,6.5,4,1,Yes,2,South,0
CUST-00524,60,51.42,Two-Year,PayPal,Yes,1,5.1,4,0,No,3,Northeast,0
CUST-00525,23,70.5,Two-Year,Debit Card,No,1,8.9,1,0,Yes,5,Midwest,1
CUST-00526,23,51.04,Monthly,Debit Card,No,1,5.8,1,0,No,4,Northeast,0
CUST-00527,67,51.45,Monthly,Bank Transfer,No,3,16.7,1,0,No,3,Midwest,0
CUST-00528,11,41.49,Monthly,Credit Card,Yes,2,10.6,2,0,Yes,2,West,0
CUST-00529,66,54.14,Monthly,Credit Card,No,3,6.1,2,0,No,3,South,0
CUST-00530,67,57.72,Monthly,Credit Card,No,1,4.0,2,3,Yes,3,Midwest,0
CUST-00531,44,37.88,Monthly,PayPal,No,3,14.1,2,1,No,1,Northeast,0
CUST-00532,12,49.75,Monthly,Credit Card,No,4,4.4,1,0,No,5,South,0
CUST-00533,12,41.02,Monthly,Credit Card,Yes,2,8.1,1,0,No,4,South,0
CUST-00534,21,93.39,Annual,PayPal,Yes,0,9.3,2,0,Yes,5,Midwest,0
CUST-00535,42,50.38,Annual,Credit Card,No,2,4.5,2,0,No,4,South,0
CUST-00536,12,79.81,Two-Year,Credit Card,No,1,7.4,3,2,No,1,Midwest,1
CUST-00537,33,48.48,Monthly,Debit Card,No,1,15.3,1,1,No,4,Midwest,0
CUST-00538,9,56.67,Monthly,Credit Card,No,1,3.1,3,0,No,2,Northeast,0
CUST-00539,39,28.22,Two-Year,Bank Transfer,No,1,14.0,1,0,No,1,West,0
CUST-00540,2,43.95,Annual,Credit Card,No,4,8.9,2,0,No,1,Midwest,0
CUST-00541,52,55.79,Annual,Bank Transfer,No,0,5.4,1,0,Yes,5,West,0
CUST-00542,4,80.55,Monthly,Debit Card,No,0,3.0,2,0,Yes,4,West,1
CUST-00543,15,56.0,Monthly,Credit Card,Yes,0,7.5,2,0,Yes,5,Midwest,0
CUST-00544,13,76.91,Two-Year,Credit Card,Yes,0,5.6,3,3,Yes,4,Northeast,0
CUST-00545,60,63.53,Annual,Debit Card,Yes,2,7.4,1,0,No,2,South,0
CUST-00546,4,81.29,Annual,Debit Card,Yes,2,11.1,1,1,Yes,4,South,0
CUST-00547,31,50.94,Monthly,Credit Card,No,4,2.8,2,0,Yes,2,West,0
CUST-00548,43,95.02,Monthly,Bank Transfer,No,0,8.6,2,2,Yes,1,Midwest,0
CUST-00549,38,43.26,Monthly,Debit Card,Yes,2,19.3,1,1,Yes,3,South,0
CUST-00550,50,38.2,Annual,Bank Transfer,Yes,1,6.1,1,0,Yes,2,South,0
CUST-00551,58,30.22,Monthly,Credit Card,Yes,0,10.2,2,0,Yes,4,Northeast,0
CUST-00552,29,93.96,Monthly,Credit Card,No,2,2.0,1,1,No,4,South,1
CUST-00553,60,66.75,Monthly,PayPal,No,1,2.8,1,1,Yes,4,Midwest,0
CUST-00554,23,45.99,Two-Year,Credit Card,Yes,4,5.2,1,0,Yes,5,South,0
CUST-00555,71,74.48,Monthly,Credit Card,Yes,2,15.8,2,1,No,3,Northeast,0
CUST-00556,37,64.38,Monthly,Credit Card,Yes,1,5.7,4,2,No,4,Northeast,0
CUST-00557,53,87.39,Annual,Credit Card,Yes,1,10.4,2,1,Yes,3,West,0
CUST-00558,64,24.14,Annual,PayPal,No,2,5.7,3,0,No,2,Northeast,0
CUST-00559,58,47.22,Annual,Credit Card,No,1,3.6,2,2,Yes,5,West,0
CUST-00560,62,43.67,Annual,Bank Transfer,Yes,0,6.9,1,1,No,4,Northeast,0
CUST-00561,39,16.47,Monthly,Credit Card,Yes,1,10.9,4,1,No,4,South,0
CUST-00562,4,71.09,Two-Year,Debit Card,Yes,0,14.1,1,0,No,3,South,0
CUST-00563,36,47.13,Two-Year,Debit Card,Yes,1,7.5,3,0,No,5,South,0
CUST-00564,14,65.31,Monthly,Debit Card,Yes,1,10.4,1,0,No,4,Northeast,1
CUST-00565,65,94.48,Annual,Bank Transfer,Yes,0,8.3,2,1,Yes,1,West,0
CUST-00566,18,45.64,Monthly,Bank Transfer,Yes,2,8.7,4,0,Yes,3,West,1
CUST-00567,17,44.42,Monthly,Credit Card,No,1,4.5,3,1,No,4,Midwest,1
CUST-00568,18,54.14,Monthly,Debit Card,Yes,2,4.8,3,0,No,3,Northeast,0
CUST-00569,47,69.77,Monthly,PayPal,No,0,3.8,3,0,No,2,South,0
CUST-00570,42,41.8,Two-Year,Credit Card,Yes,3,5.9,2,0,Yes,3,South,0
CUST-00571,69,40.64,Monthly,Debit Card,Yes,2,13.0,2,0,Yes,1,West,0
CUST-00572,30,71.03,Annual,Credit Card,Yes,1,17.9,2,2,No,3,West,0
CUST-00573,21,58.82,Monthly,Debit Card,Yes,2,13.0,1,0,No,4,South,0
CUST-00574,4,15.19,Monthly,Debit Card,Yes,2,10.1,2,1,Yes,4,South,0
CUST-00575,1,29.94,Monthly,Debit Card,No,1,8.1,1,0,Yes,3,West,0
CUST-00576,27,79.02,Monthly,Bank Transfer,No,0,13.0,3,3,No,5,Northeast,0
CUST-00577,67,59.23,Annual,Debit Card,Yes,1,33.2,2,0,No,1,South,0
CUST-00578,38,38.28,Two-Year,Bank Transfer,Yes,3,9.2,1,1,Yes,4,Northeast,1
CUST-00579,65,48.93,Monthly,PayPal,Yes,2,10.9,2,1,No,4,West,0
CUST-00580,8,52.24,Two-Year,Debit Card,No,3,9.2,3,1,Yes,4,South,0
CUST-00581,7,65.24,Annual,Debit Card,Yes,3,20.6,3,0,No,3,Northeast,0
CUST-00582,61,27.55,Annual,Debit Card,Yes,2,7.3,1,2,No,4,West,0
CUST-00583,8,36.86,Monthly,PayPal,No,2,4.8,2,2,No,4,West,0
CUST-00584,4,56.91,Monthly,Credit Card,No,0,11.7,1,0,Yes,2,South,0
CUST-00585,30,50.2,Annual,Bank Transfer,No,0,4.8,3,1,No,3,West,0
CUST-00586,67,62.29,Annual,PayPal,Yes,1,9.6,3,2,No,3,Northeast,0
CUST-00587,50,29.87,Monthly,PayPal,Yes,0,8.2,1,2,Yes,3,Midwest,0
CUST-00588,8,58.43,Annual,Debit Card,Yes,1,10.3,1,2,No,2,West,1
CUST-00589,61,71.65,Monthly,PayPal,No,4,8.4,1,0,Yes,3,Midwest,0
CUST-00590,61,60.76,Annual,PayPal,No,3,2.4,2,0,No,4,South,0
CUST-00591,58,54.5,Monthly,PayPal,Yes,1,11.1,1,0,No,4,South,0
CUST-00592,65,50.27,Two-Year,Credit Card,No,1,9.7,3,0,No,4,Midwest,0
CUST-00593,18,36.97,Monthly,PayPal,Yes,1,14.7,2,1,No,4,South,0
CUST-00594,71,50.7,Monthly,Debit Card,No,1,5.1,2,1,Yes,1,Northeast,0
CUST-00595,24,74.67,Annual,PayPal,Yes,1,2.2,2,3,Yes,3,West,0
CUST-00596,58,49.86,Monthly,Debit Card,Yes,1,11.6,2,0,No,4,West,0
CUST-00597,42,35.98,Two-Year,Credit Card,Yes,1,11.3,1,3,No,3,South,0
CUST-00598,57,43.14,Annual,PayPal,No,2,10.9,3,0,No,4,Northeast,0
CUST-00599,46,55.62,Monthly,Debit Card,Yes,0,1.4,2,0,No,4,Northeast,0
CUST-00600,47,45.28,Monthly,PayPal,Yes,0,22.5,1,0,Yes,4,South,0
CUST-00601,45,60.74,Two-Year,PayPal,No,2,1.0,1,0,No,3,Midwest,0
CUST-00602,57,61.41,Annual,PayPal,No,1,2.1,3,0,Yes,1,South,0
CUST-00603,54,68.0,Two-Year,PayPal,No,1,3.5,1,1,No,4,West,0
CUST-00604,10,77.62,Monthly,Credit Card,No,1,12.3,1,0,No,3,South,0
CUST-00605,60,69.93,Two-Year,Credit Card,No,1,15.4,2,1,No,3,West,0
CUST-00606,39,35.18,Monthly,PayPal,No,1,8.4,3,0,No,2,Midwest,0
CUST-00607,24,35.74,Annual,Credit Card,Yes,2,11.1,2,1,Yes,4,Midwest,0
CUST-00608,38,50.64,Monthly,Credit Card,Yes,0,4.9,3,0,No,5,South,0
CUST-00609,70,43.88,Monthly,Credit Card,Yes,1,4.1,1,1,Yes,4,West,0
CUST-00610,62,31.51,Two-Year,Credit Card,Yes,0,2.7,3,0,No,3,Northeast,0
CUST-00611,61,44.05,Two-Year,Bank Transfer,Yes,0,11.1,2,2,Yes,4,South,0
CUST-00612,34,43.46,Monthly,Credit Card,Yes,2,14.8,4,0,Yes,3,South,0
CUST-00613,57,39.91,Two-Year,Credit Card,Yes,1,3.3,2,1,No,3,South,0
CUST-00614,28,46.32,Monthly,Bank Transfer,No,0,4.7,2,1,Yes,5,West,0
CUST-00615,50,73.21,Monthly,Bank Transfer,No,3,5.9,3,1,No,5,Midwest,0
CUST-00616,47,55.59,Monthly,Credit Card,Yes,0,3.6,4,1,No,4,Northeast,0
CUST-00617,18,96.49,Monthly,Bank Transfer,No,2,9.7,1,2,No,1,West,1
CUST-00618,20,55.07,Monthly,Credit Card,Yes,0,6.4,1,0,No,3,Northeast,0
CUST-00619,5,46.78,Monthly,PayPal,Yes,1,16.2,2,1,No,2,Midwest,0
CUST-00620,11,52.07,Monthly,Credit Card,Yes,2,5.0,1,1,No,4,Midwest,0
CUST-00621,32,56.62,Annual,Debit Card,Yes,2,13.0,1,0,Yes,3,West,0
CUST-00622,35,59.83,Annual,Credit Card,Yes,2,2.8,1,0,Yes,3,Midwest,0
CUST-00623,12,89.38,Annual,PayPal,No,1,5.4,2,0,No,5,South,0
CUST-00624,31,36.78,Monthly,Credit Card,Yes,2,8.6,2,1,No,5,Northeast,0
CUST-00625,44,67.46,Annual,Debit Card,Yes,0,9.7,1,2,Yes,3,South,0
CUST-00626,17,55.74,Monthly,PayPal,Yes,0,17.5,2,0,Yes,4,Northeast,0
CUST-00627,25,23.72,Annual,Credit Card,Yes,3,9.5,2,2,No,5,South,0
CUST-00628,27,65.87,Annual,Bank Transfer,No,3,9.6,4,0,No,5,Northeast,0
CUST-00629,37,74.82,Monthly,Debit Card,No,2,4.2,1,1,Yes,4,Midwest,0
CUST-00630,27,36.57,Monthly,Credit Card,No,1,4.6,3,0,Yes,2,South,0
CUST-00631,54,51.84,Annual,Credit Card,No,2,5.8,4,1,Yes,4,Midwest,0
CUST-00632,24,20.94,Two-Year,Debit Card,Yes,1,7.8,2,0,No,4,Midwest,0
CUST-00633,32,29.34,Annual,Credit Card,Yes,0,7.3,2,0,Yes,3,South,0
CUST-00634,28,70.86,Two-Year,Debit Card,No,1,9.8,1,1,Yes,5,Midwest,0
CUST-00635,14,43.6,Two-Year,PayPal,Yes,1,16.5,1,0,No,4,Northeast,0
CUST-00636,50,32.04,Monthly,Debit Card,Yes,0,8.0,1,1,Yes,5,West,0
CUST-00637,17,56.13,Annual,Debit Card,Yes,1,12.1,2,0,No,1,Northeast,0
CUST-00638,22,42.6,Monthly,PayPal,No,2,4.6,4,0,Yes,5,South,0
CUST-00639,58,43.53,Monthly,Credit Card,Yes,0,17.8,1,2,No,4,Northeast,0
CUST-00640,69,65.31,Monthly,PayPal,No,0,7.9,2,0,Yes,3,Midwest,0
CUST-00641,49,31.09,Two-Year,Bank Transfer,Yes,0,17.6,2,0,No,5,South,0
CUST-00642,66,35.7,Annual,Credit Card,Yes,2,6.7,2,1,Yes,5,Northeast,0
CUST-00643,62,54.77,Monthly,PayPal,Yes,0,6.1,2,2,Yes,4,Midwest,0
CUST-00644,35,69.45,Monthly,Bank Transfer,Yes,0,5.3,2,0,No,5,West,0
CUST-00645,56,74.29,Monthly,Debit Card,Yes,0,3.8,2,0,No,5,Northeast,0
CUST-00646,24,40.03,Annual,Bank Transfer,No,0,13.6,1,1,No,4,Northeast,0
CUST-00647,34,68.87,Two-Year,Credit Card,Yes,1,4.7,2,2,No,1,South,0
CUST-00648,39,37.89,Monthly,PayPal,Yes,1,9.6,2,0,No,4,Midwest,0
CUST-00649,70,84.87,Monthly,Credit Card,Yes,2,3.5,1,1,No,3,South,1
CUST-00650,62,31.59,Annual,Credit Card,Yes,1,20.5,2,1,No,4,Midwest,0
CUST-00651,36,75.91,Monthly,Bank Transfer,No,4,13.8,2,0,No,1,South,1
CUST-00652,47,40.18,Monthly,Credit Card,Yes,2,13.2,2,0,No,5,Northeast,1
CUST-00653,15,88.24,Monthly,Bank Transfer,No,1,8.7,2,0,No,5,Northeast,1
CUST-00654,58,62.64,Monthly,PayPal,Yes,1,7.3,2,0,No,4,South,0
CUST-00655,40,33.71,Monthly,Bank Transfer,Yes,0,5.6,3,0,Yes,5,Midwest,0
CUST-00656,39,42.6,Two-Year,Bank Transfer,No,3,17.4,1,0,No,2,Midwest,0
CUST-00657,56,66.06,Monthly,PayPal,Yes,1,2.8,2,0,No,4,Midwest,0
CUST-00658,46,70.95,Monthly,Bank Transfer,No,2,11.2,2,0,No,4,Northeast,0
CUST-00659,6,50.73,Annual,PayPal,Yes,1,4.9,2,0,No,4,South,0
CUST-00660,21,52.8,Two-Year,Debit Card,Yes,1,3.5,3,1,No,4,Midwest,0
CUST-00661,13,65.65,Monthly,PayPal,No,0,6.3,2,2,No,3,Midwest,1
CUST-00662,53,54.37,Monthly,Credit Card,Yes,2,6.4,1,1,No,4,Midwest,0
CUST-00663,3,28.72,Annual,Credit Card,No,1,9.9,2,1,Yes,1,South,0
CUST-00664,15,37.37,Monthly,Credit Card,No,1,14.6,1,0,No,1,Northeast,0
CUST-00665,44,56.23,Annual,Debit Card,Yes,0,7.2,2,0,Yes,3,South,0
CUST-00666,51,73.88,Monthly,Credit Card,Yes,0,2.2,4,1,No,4,South,0
CUST-00667,37,81.09,Monthly,Debit Card,No,0,4.6,2,0,No,3,South,1
CUST-00668,62,66.03,Monthly,PayPal,Yes,0,7.1,1,0,No,4,Midwest,0
CUST-00669,67,57.17,Annual,PayPal,No,4,5.9,1,0,Yes,5,South,0
CUST-00670,10,65.48,Monthly,Bank Transfer,Yes,2,11.2,1,0,Yes,2,South,0
CUST-00671,69,40.0,Monthly,Bank Transfer,Yes,0,9.7,2,0,No,4,South,0
CUST-00672,45,49.24,Monthly,Bank Transfer,Yes,3,12.4,3,2,Yes,5,Midwest,0
CUST-00673,46,37.17,Annual,PayPal,No,1,1.5,2,1,No,5,South,0
CUST-00674,7,29.52,Monthly,Credit Card,No,2,13.9,4,0,No,4,Midwest,0
CUST-00675,45,58.0,Annual,Bank Transfer,No,3,2.4,1,1,No,5,Northeast,0
CUST-00676,53,55.34,Annual,Credit Card,Yes,0,10.8,1,1,No,2,Midwest,0
CUST-00677,42,64.38,Monthly,Credit Card,Yes,3,15.8,2,0,No,5,Northeast,0
CUST-00678,7,61.83,Two-Year,Credit Card,Yes,0,1.9,1,0,Yes,5,West,0
CUST-00679,38,56.37,Two-Year,PayPal,Yes,3,1.3,1,0,No,3,Northeast,0
CUST-00680,68,62.02,Monthly,PayPal,Yes,0,7.4,1,2,Yes,3,Midwest,0
CUST-00681,53,51.23,Monthly,Credit Card,No,2,6.0,2,3,No,2,South,1
CUST-00682,10,59.43,Monthly,PayPal,Yes,1,3.2,1,1,No,4,Midwest,1
CUST-00683,70,38.93,Monthly,Credit Card,Yes,0,1.3,4,1,Yes,3,South,0
CUST-00684,70,58.65,Monthly,Credit Card,No,1,14.0,3,0,No,4,South,0
CUST-00685,13,64.03,Two-Year,Debit Card,Yes,0,3.4,2,0,No,4,West,0
CUST-00686,58,39.95,Two-Year,Debit Card,No,1,29.4,1,2,No,5,Northeast,0
CUST-00687,30,52.93,Monthly,PayPal,Yes,4,3.6,1,0,No,5,Northeast,0
CUST-00688,43,40.78,Monthly,Credit Card,Yes,1,3.8,2,2,Yes,3,Midwest,1
CUST-00689,33,42.52,Monthly,Credit Card,No,0,0.9,1,2,No,4,Midwest,0
CUST-00690,57,31.75,Monthly,Credit Card,No,1,3.4,2,0,No,4,Northeast,0
CUST-00691,72,74.78,Monthly,PayPal,No,1,4.2,1,0,Yes,4,South,0
CUST-00692,58,71.18,Two-Year,Bank Transfer,Yes,1,7.5,2,3,No,4,South,0
CUST-00693,68,61.67,Annual,PayPal,Yes,2,10.8,2,0,No,5,Northeast,0
CUST-00694,69,87.5,Monthly,PayPal,No,1,5.3,2,0,No,2,South,0
CUST-00695,7,48.59,Annual,Bank Transfer,Yes,1,10.7,2,1,No,5,Northeast,0
CUST-00696,19,106.57,Annual,Credit Card,Yes,1,18.9,1,2,No,3,West,0
CUST-00697,52,47.9,Annual,Credit Card,Yes,2,6.5,1,0,No,4,West,0
CUST-00698,43,56.59,Monthly,Debit Card,Yes,2,5.5,2,1,No,5,South,0
CUST-00699,4,44.84,Monthly,Credit Card,Yes,2,3.8,2,0,No,4,South,0
CUST-00700,7,58.7,Annual,Debit Card,No,1,7.7,1,1,No,5,West,0
CUST-00701,38,67.04,Monthly,Debit Card,Yes,1,17.3,3,0,Yes,5,Midwest,0
CUST-00702,45,49.95,Annual,Credit Card,No,1,7.4,1,1,Yes,4,Northeast,0
CUST-00703,13,83.98,Monthly,Debit Card,Yes,0,10.9,1,0,No,1,Northeast,0
CUST-00704,13,56.3,Annual,Debit Card,Yes,3,7.7,2,1,Yes,1,Midwest,1
CUST-00705,10,56.87,Annual,Credit Card,Yes,2,7.3,1,0,No,5,West,0
CUST-00706,41,35.64,Monthly,Bank Transfer,No,2,26.6,2,2,Yes,4,South,0
CUST-00707,1,59.53,Monthly,PayPal,No,1,9.5,1,1,No,4,Northeast,1
CUST-00708,42,49.59,Annual,Credit Card,Yes,0,13.0,2,2,Yes,1,Midwest,0
CUST-00709,35,41.05,Monthly,Credit Card,Yes,1,10.3,1,0,No,2,Northeast,1
CUST-00710,34,38.02,Annual,Credit Card,No,4,7.5,1,0,Yes,4,Northeast,0
CUST-00711,49,100.09,Annual,Credit Card,Yes,0,1.3,2,0,No,3,Midwest,0
CUST-00712,38,47.26,Monthly,Credit Card,No,1,5.2,3,1,No,3,South,0
CUST-00713,53,25.77,Annual,Credit Card,No,0,17.1,3,0,No,5,South,0
CUST-00714,56,39.43,Monthly,Bank Transfer,Yes,0,2.1,1,0,Yes,3,Northeast,0
CUST-00715,67,51.07,Annual,PayPal,No,1,4.7,4,0,No,4,Northeast,0
CUST-00716,58,61.84,Monthly,PayPal,No,2,4.8,1,0,No,1,South,0
CUST-00717,38,61.99,Monthly,PayPal,Yes,1,13.5,3,2,No,4,Midwest,0
CUST-00718,36,64.18,Monthly,PayPal,Yes,0,17.5,4,2,No,4,West,0
CUST-00719,17,40.39,Two-Year,PayPal,Yes,1,2.9,2,1,No,3,Midwest,0
CUST-00720,44,58.13,Two-Year,Bank Transfer,No,3,6.9,1,0,No,4,South,0
CUST-00721,11,36.23,Annual,PayPal,Yes,2,13.3,3,1,No,4,Northeast,0
CUST-00722,68,40.85,Monthly,PayPal,Yes,1,5.0,2,1,No,5,Northeast,0
CUST-00723,61,35.48,Monthly,PayPal,Yes,0,10.8,1,0,No,3,Midwest,0
CUST-00724,9,30.61,Annual,PayPal,Yes,1,6.7,3,0,Yes,5,South,0
CUST-00725,57,71.16,Annual,Credit Card,Yes,5,22.9,2,0,No,4,Northeast,0
CUST-00726,9,64.4,Monthly,Credit Card,Yes,4,5.3,2,0,No,1,South,0
CUST-00727,52,69.58,Two-Year,Debit Card,Yes,1,11.9,2,0,No,1,Midwest,0
CUST-00728,7,52.71,Monthly,Credit Card,Yes,1,5.8,3,0,No,5,Northeast,0
CUST-00729,36,65.98,Monthly,Credit Card,No,1,8.4,2,0,No,1,Northeast,0
CUST-00730,48,20.3,Two-Year,Credit Card,No,1,3.2,3,0,No,5,Midwest,0
CUST-00731,53,67.54,Monthly,Credit Card,Yes,0,10.9,1,1,No,5,South,0
CUST-00732,31,55.19,Monthly,Bank Transfer,No,2,14.7,2,1,Yes,5,Northeast,0
CUST-00733,67,63.29,Monthly,Debit Card,Yes,0,2.8,2,2,Yes,3,Midwest,1
CUST-00734,56,58.84,Two-Year,Credit Card,Yes,2,4.6,1,2,Yes,3,Midwest,0
CUST-00735,15,34.23,Monthly,Debit Card,No,2,13.8,1,0,Yes,2,Northeast,0
CUST-00736,49,25.04,Annual,Credit Card,Yes,3,6.1,1,1,No,3,Midwest,0
CUST-00737,53,39.18,Monthly,PayPal,Yes,0,7.2,1,0,No,4,Northeast,0
CUST-00738,25,62.17,Monthly,PayPal,Yes,2,3.5,2,0,No,4,Midwest,0
CUST-00739,54,64.42,Monthly,Credit Card,No,2,14.9,1,0,Yes,4,South,0
CUST-00740,65,27.38,Monthly,Debit Card,Yes,0,3.2,2,0,No,5,Northeast,0
CUST-00741,59,34.34,Monthly,Credit Card,No,2,7.2,3,0,No,2,Midwest,0
CUST-00742,55,38.98,Monthly,PayPal,Yes,3,5.2,2,1,Yes,3,Midwest,1
CUST-00743,46,45.57,Annual,Bank Transfer,Yes,3,12.2,3,2,Yes,4,South,0
CUST-00744,20,27.48,Annual,Bank Transfer,Yes,3,26.9,2,2,No,5,West,0
CUST-00745,58,26.4,Annual,Credit Card,No,1,2.3,4,0,Yes,5,South,0
CUST-00746,27,37.21,Annual,PayPal,Yes,0,5.0,3,1,No,5,South,0
CUST-00747,39,53.55,Monthly,PayPal,No,3,6.1,1,0,No,5,Northeast,0
CUST-00748,23,30.75,Monthly,Bank Transfer,No,0,3.1,2,1,Yes,5,Northeast,1
CUST-00749,23,49.92,Monthly,Credit Card,Yes,1,7.7,2,2,Yes,5,West,1
CUST-00750,12,71.05,Annual,Debit Card,Yes,1,12.8,3,0,No,4,South,0
CUST-00751,70,28.57,Monthly,Credit Card,Yes,0,9.0,1,0,Yes,4,South,0
CUST-00752,11,48.28,Monthly,Credit Card,No,1,11.1,2,0,No,3,West,0
CUST-00753,7,70.45,Monthly,PayPal,No,1,4.8,3,3,Yes,5,Northeast,0
CUST-00754,68,44.47,Monthly,Debit Card,Yes,0,11.2,4,0,Yes,4,Midwest,0
CUST-00755,40,41.67,Two-Year,Credit Card,No,2,8.8,1,0,No,5,South,0
CUST-00756,32,72.94,Annual,Bank Transfer,Yes,0,3.4,2,0,No,3,West,0
CUST-00757,54,46.49,Monthly,Debit Card,No,1,7.9,1,2,No,3,South,0
CUST-00758,28,71.88,Annual,Bank Transfer,No,0,5.2,2,1,Yes,2,West,0
CUST-00759,10,59.72,Annual,PayPal,Yes,0,34.2,1,0,Yes,5,South,0
CUST-00760,53,45.83,Monthly,Bank Transfer,Yes,1,13.3,4,1,Yes,5,Northeast,0
CUST-00761,13,60.63,Monthly,PayPal,Yes,0,8.5,2,0,Yes,5,South,0
CUST-00762,40,57.77,Annual,Credit Card,No,2,16.3,1,0,No,3,Northeast,0
CUST-00763,69,70.38,Monthly,Credit Card,Yes,1,11.3,1,2,No,1,Northeast,0
CUST-00764,68,42.13,Monthly,Bank Transfer,No,3,3.5,2,1,No,5,South,0
CUST-00765,26,52.74,Monthly,Credit Card,Yes,0,19.1,2,0,No,3,South,0
CUST-00766,57,50.89,Annual,Debit Card,Yes,1,2.9,2,0,No,3,South,0
CUST-00767,45,64.67,Two-Year,PayPal,No,0,17.8,2,0,No,5,Midwest,0
CUST-00768,35,33.55,Annual,Credit Card,Yes,1,8.9,2,1,No,2,West,0
CUST-00769,11,70.31,Monthly,Credit Card,No,3,7.6,1,1,No,2,South,0
CUST-00770,28,60.39,Monthly,Debit Card,Yes,3,4.7,1,0,No,4,South,0
CUST-00771,47,28.3,Annual,Debit Card,Yes,2,9.2,1,1,Yes,4,Midwest,0
CUST-00772,72,73.75,Annual,PayPal,Yes,4,10.9,1,0,No,5,Midwest,0
CUST-00773,1,92.21,Two-Year,Credit Card,Yes,1,10.4,3,0,No,5,South,0
CUST-00774,52,70.03,Annual,Debit Card,No,0,8.8,1,1,No,3,Northeast,0
CUST-00775,61,77.69,Monthly,Credit Card,Yes,3,7.0,2,0,No,2,Northeast,0
CUST-00776,69,53.54,Annual,PayPal,Yes,0,11.7,1,0,No,4,Northeast,0
CUST-00777,31,22.09,Two-Year,Credit Card,Yes,1,6.0,1,3,No,4,Midwest,0
CUST-00778,9,18.81,Annual,Credit Card,No,0,7.4,1,0,No,5,South,0
CUST-00779,20,56.59,Annual,PayPal,No,2,9.9,1,0,No,2,South,1
CUST-00780,62,41.34,Monthly,Credit Card,No,1,7.9,1,0,Yes,2,West,0
CUST-00781,64,35.54,Annual,PayPal,No,1,2.9,3,0,Yes,2,South,0
CUST-00782,46,50.87,Monthly,Credit Card,Yes,0,8.9,1,1,No,2,West,0
CUST-00783,9,63.08,Monthly,Credit Card,Yes,2,8.9,2,0,Yes,1,South,0
CUST-00784,9,25.85,Annual,Credit Card,Yes,6,8.5,4,1,No,4,Midwest,0
CUST-00785,35,43.92,Two-Year,Bank Transfer,Yes,0,7.1,1,1,Yes,5,South,0
CUST-00786,43,79.18,Annual,Debit Card,No,5,6.4,2,2,Yes,5,West,0
CUST-00787,3,32.64,Monthly,Credit Card,No,1,8.0,2,0,Yes,2,South,0
CUST-00788,50,67.66,Monthly,Debit Card,Yes,1,4.7,1,2,Yes,2,Northeast,1
CUST-00789,40,43.27,Monthly,Debit Card,No,0,17.0,1,0,No,4,Midwest,0
CUST-00790,1,61.82,Annual,PayPal,Yes,1,10.1,3,1,Yes,3,South,0
CUST-00791,7,71.75,Annual,Bank Transfer,No,3,9.4,1,0,No,4,West,1
CUST-00792,33,65.34,Two-Year,Debit Card,Yes,2,1.4,1,1,No,4,Northeast,0
CUST-00793,53,68.36,Monthly,Debit Card,No,2,14.5,2,0,No,5,Northeast,0
CUST-00794,60,31.27,Monthly,Debit Card,Yes,2,4.3,1,0,No,2,Northeast,0
CUST-00795,32,72.05,Annual,Bank Transfer,No,2,5.7,3,1,Yes,1,South,0
CUST-00796,22,36.65,Monthly,Debit Card,No,1,5.4,3,0,No,3,West,1
CUST-00797,70,56.67,Two-Year,Credit Card,Yes,2,9.7,3,1,No,4,West,0
CUST-00798,34,56.65,Annual,Bank Transfer,Yes,1,4.2,1,0,No,2,West,1
CUST-00799,23,60.73,Monthly,Bank Transfer,No,1,12.3,4,2,No,3,West,0
CUST-00800,32,58.07,Monthly,Debit Card,No,1,9.6,2,0,No,3,South,0
CUST-00801,1,36.81,Two-Year,Debit Card,Yes,2,5.2,2,0,No,2,South,1
CUST-00802,22,27.7,Annual,PayPal,No,0,3.2,2,1,No,5,South,0
CUST-00803,38,67.7,Annual,PayPal,No,1,9.4,3,0,No,5,Midwest,0
CUST-00804,67,55.35,Annual,Debit Card,No,4,2.4,2,3,Yes,4,West,0
CUST-00805,54,72.69,Monthly,Debit Card,Yes,2,4.9,2,1,Yes,5,Northeast,0
CUST-00806,57,51.19,Annual,Credit Card,No,3,7.3,2,0,Yes,3,South,0
CUST-00807,40,26.71,Two-Year,Debit Card,Yes,3,7.0,1,0,No,5,South,0
CUST-00808,8,69.39,Monthly,Credit Card,Yes,4,5.3,1,0,No,4,West,0
CUST-00809,29,45.33,Annual,PayPal,No,3,11.8,2,2,Yes,3,West,0
CUST-00810,72,58.16,Monthly,Credit Card,Yes,1,4.5,2,0,No,4,West,0
CUST-00811,4,40.35,Monthly,Debit Card,Yes,1,5.3,2,1,Yes,4,Midwest,0
CUST-00812,64,81.6,Monthly,Bank Transfer,Yes,2,8.4,3,3,No,4,West,0
CUST-00813,50,36.22,Annual,Debit Card,No,3,8.4,2,1,No,5,West,0
CUST-00814,21,45.93,Monthly,Credit Card,Yes,1,3.6,1,1,No,3,Northeast,1
CUST-00815,57,53.93,Monthly,Bank Transfer,Yes,1,8.1,2,1,Yes,5,West,0
CUST-00816,61,32.34,Annual,Credit Card,Yes,1,5.7,1,0,No,5,South,0
CUST-00817,4,57.95,Monthly,Bank Transfer,Yes,1,5.4,3,0,Yes,3,South,1
CUST-00818,8,81.01,Annual,Credit Card,Yes,2,9.2,2,0,Yes,5,South,0
CUST-00819,48,43.17,Two-Year,Debit Card,Yes,1,4.2,3,1,No,2,South,0
CUST-00820,72,59.11,Monthly,PayPal,No,1,6.7,1,0,Yes,4,South,0
CUST-00821,2,10.0,Monthly,Debit Card,No,0,7.5,2,0,No,1,South,0
CUST-00822,48,51.3,Two-Year,Debit Card,No,1,9.3,2,0,No,2,Midwest,0
CUST-00823,10,46.37,Monthly,Credit Card,No,2,5.1,1,1,Yes,3,Midwest,0
CUST-00824,47,37.27,Monthly,PayPal,No,0,10.5,2,1,No,2,Northeast,1
CUST-00825,45,71.47,Two-Year,Credit Card,No,2,12.1,1,0,No,5,West,0
CUST-00826,7,46.13,Two-Year,PayPal,Yes,0,11.9,1,2,Yes,5,South,0
CUST-00827,50,48.81,Annual,PayPal,No,3,3.4,2,0,Yes,1,West,0
CUST-00828,65,45.21,Monthly,Debit Card,Yes,2,11.7,1,0,Yes,2,Midwest,0
CUST-00829,63,17.5,Two-Year,Credit Card,Yes,2,12.0,2,0,No,5,West,0
CUST-00830,3,31.62,Annual,Debit Card,Yes,2,18.9,2,0,Yes,1,Midwest,0
CUST-00831,18,69.3,Annual,PayPal,Yes,0,3.7,1,1,Yes,5,South,0
CUST-00832,18,14.02,Annual,Credit Card,Yes,1,15.8,1,0,No,4,Northeast,0
CUST-00833,33,38.21,Annual,PayPal,No,1,2.4,2,2,Yes,4,Midwest,0
CUST-00834,11,44.81,Monthly,Credit Card,Yes,1,12.3,2,1,Yes,1,South,0
CUST-00835,62,83.39,Monthly,Credit Card,Yes,4,13.6,2,1,No,3,South,0
CUST-00836,56,65.83,Monthly,PayPal,Yes,0,12.0,1,1,No,5,West,0
CUST-00837,59,41.97,Monthly,Credit Card,No,0,2.9,2,2,No,3,West,0
CUST-00838,15,75.48,Monthly,Credit Card,Yes,1,15.3,1,1,Yes,5,South,0
CUST-00839,2,38.67,Monthly,PayPal,Yes,0,25.6,1,0,No,4,Northeast,0
CUST-00840,66,70.16,Annual,PayPal,No,4,4.1,2,0,No,5,West,1
CUST-00841,21,27.54,Monthly,Credit Card,No,2,6.5,2,1,Yes,5,Northeast,0
CUST-00842,48,71.32,Monthly,Credit Card,Yes,1,5.0,1,2,Yes,4,South,0
CUST-00843,66,44.69,Monthly,Debit Card,No,2,10.9,1,1,No,5,South,0
CUST-00844,3,33.49,Monthly,PayPal,Yes,1,5.9,2,0,No,5,South,1
CUST-00845,1,48.09,Annual,Debit Card,No,1,11.3,2,3,Yes,5,Midwest,0
CUST-00846,1,56.99,Monthly,PayPal,Yes,0,7.1,2,1,No,1,West,0
CUST-00847,12,43.09,Monthly,PayPal,No,0,8.4,2,0,Yes,5,Midwest,0
CUST-00848,4,61.97,Annual,Bank Transfer,Yes,1,7.8,1,0,No,4,South,0
CUST-00849,60,41.51,Monthly,Debit Card,No,2,2.4,2,0,No,4,West,0
CUST-00850,44,63.17,Monthly,Credit Card,Yes,2,8.2,3,0,Yes,5,Midwest,0
CUST-00851,71,59.96,Annual,Credit Card,Yes,1,2.9,3,1,No,1,South,0
CUST-00852,58,50.9,Monthly,Credit Card,No,0,3.3,1,2,No,4,South,1
CUST-00853,70,44.06,Annual,Debit Card,No,0,15.4,3,4,No,3,South,0
CUST-00854,18,54.73,Annual,Bank Transfer,Yes,1,10.8,1,1,No,4,West,0
CUST-00855,21,61.9,Two-Year,Debit Card,No,0,10.3,1,2,Yes,3,Midwest,0
CUST-00856,62,89.11,Monthly,Credit Card,Yes,2,8.3,2,0,No,3,West,0
CUST-00857,18,68.91,Annual,Debit Card,Yes,0,23.0,1,0,No,4,West,0
CUST-00858,5,69.57,Annual,Bank Transfer,Yes,4,8.1,1,0,No,3,West,0
CUST-00859,49,107.59,Monthly,Credit Card,Yes,0,7.3,1,0,No,3,West,0
CUST-00860,58,61.29,Two-Year,PayPal,No,1,7.2,2,0,No,1,Midwest,0
CUST-00861,70,60.72,Monthly,PayPal,Yes,2,14.1,2,0,No,2,West,0
CUST-00862,67,64.67,Two-Year,Debit Card,No,1,7.9,2,2,Yes,4,South,0
CUST-00863,9,33.84,Annual,PayPal,Yes,1,9.3,2,2,No,3,Northeast,0
CUST-00864,56,44.01,Monthly,Debit Card,No,1,14.7,1,2,No,1,West,0
CUST-00865,61,42.89,Monthly,Credit Card,Yes,5,10.4,2,2,No,3,Northeast,1
CUST-00866,51,63.66,Two-Year,Debit Card,No,3,12.7,2,0,Yes,3,South,0
CUST-00867,60,48.86,Monthly,Credit Card,No,2,5.0,1,3,No,3,West,0
CUST-00868,61,54.49,Monthly,PayPal,Yes,1,3.7,4,0,Yes,2,West,0
CUST-00869,33,71.57,Monthly,PayPal,Yes,1,17.2,2,0,No,1,South,0
CUST-00870,3,67.54,Annual,Credit Card,No,1,12.5,2,1,No,4,Northeast,0
CUST-00871,33,49.09,Monthly,PayPal,No,1,11.0,2,0,No,5,Midwest,0
CUST-00872,15,39.94,Annual,Credit Card,Yes,1,9.6,2,1,No,3,Midwest,0
CUST-00873,9,72.43,Annual,Credit Card,No,4,7.8,2,1,Yes,3,Midwest,0
CUST-00874,9,65.93,Monthly,PayPal,No,0,5.1,3,0,No,5,Midwest,0
CUST-00875,51,23.09,Annual,Credit Card,No,0,5.0,1,0,No,5,Northeast,0
CUST-00876,37,46.36,Monthly,PayPal,Yes,1,3.7,1,1,Yes,4,Midwest,0
CUST-00877,39,54.98,Two-Year,Credit Card,Yes,3,3.0,1,1,No,3,Midwest,0
CUST-00878,54,66.02,Annual,PayPal,No,2,4.5,4,0,No,5,South,0
CUST-00879,40,68.38,Monthly,Debit Card,Yes,1,6.3,1,0,No,1,West,1
CUST-00880,46,57.11,Monthly,Debit Card,Yes,3,17.1,1,2,No,3,South,0
CUST-00881,7,62.53,Monthly,PayPal,No,0,2.9,1,0,Yes,4,Northeast,0
CUST-00882,62,53.15,Two-Year,Debit Card,Yes,0,8.4,2,0,Yes,3,Northeast,0
CUST-00883,33,39.87,Monthly,Credit Card,Yes,1,18.0,3,0,Yes,5,South,0
CUST-00884,12,47.3,Annual,Bank Transfer,No,2,14.0,2,1,Yes,4,Midwest,0
CUST-00885,59,52.34,Two-Year,Debit Card,No,1,7.9,1,0,No,5,West,0
CUST-00886,53,51.38,Monthly,Credit Card,No,1,5.2,3,2,No,3,South,0
CUST-00887,4,18.06,Monthly,Debit Card,No,2,2.0,4,0,Yes,2,Midwest,0
CUST-00888,14,44.85,Monthly,PayPal,Yes,1,8.6,2,0,No,5,West,0
CUST-00889,2,53.01,Annual,PayPal,Yes,1,11.6,2,2,No,4,Midwest,0
CUST-00890,20,46.94,Monthly,Bank Transfer,Yes,4,5.3,2,0,No,5,West,0
CUST-00891,8,47.56,Two-Year,Debit Card,No,2,14.5,2,0,No,3,Midwest,0
CUST-00892,52,60.78,Monthly,Credit Card,Yes,1,7.4,3,0,No,2,West,0
CUST-00893,38,32.58,Monthly,Credit Card,Yes,1,9.4,2,1,No,4,Midwest,0
CUST-00894,71,22.7,Annual,Credit Card,Yes,0,7.9,2,1,Yes,3,Northeast,0
CUST-00895,54,45.73,Annual,PayPal,Yes,1,14.4,1,1,No,5,South,0
CUST-00896,45,65.75,Annual,Credit Card,Yes,0,14.7,1,1,No,3,South,1
CUST-00897,37,82.38,Annual,PayPal,No,0,10.6,1,1,No,3,West,0
CUST-00898,4,66.08,Monthly,PayPal,Yes,2,6.7,2,1,Yes,4,South,1
CUST-00899,6,25.57,Annual,PayPal,No,2,7.8,4,0,No,3,South,0
CUST-00900,45,47.82,Monthly,Credit Card,No,1,23.6,1,2,Yes,2,Northeast,0
CUST-00901,1,56.62,Monthly,Credit Card,Yes,2,18.6,2,2,No,3,South,0
CUST-00902,4,55.2,Two-Year,Bank Transfer,No,1,8.2,2,2,No,4,South,0
CUST-00903,16,61.71,Annual,PayPal,Yes,1,3.9,1,0,Yes,2,West,0
CUST-00904,64,35.49,Monthly,Debit Card,Yes,2,13.1,2,0,No,4,West,0
CUST-00905,34,53.17,Monthly,PayPal,Yes,1,5.9,3,3,No,5,Midwest,0
CUST-00906,52,59.57,Two-Year,Bank Transfer,No,2,16.7,1,1,No,2,Northeast,0
CUST-00907,30,66.86,Monthly,Credit Card,No,1,5.2,2,3,No,3,West,0
CUST-00908,13,37.5,Monthly,Bank Transfer,Yes,2,6.0,2,3,No,3,Northeast,0
CUST-00909,27,45.79,Monthly,Credit Card,No,0,3.6,2,0,No,4,Northeast,0
CUST-00910,7,10.0,Monthly,Bank Transfer,No,1,20.5,1,0,No,4,Northeast,0
CUST-00911,56,40.81,Monthly,Credit Card,No,1,4.3,1,1,Yes,5,South,0
CUST-00912,14,42.56,Two-Year,Credit Card,Yes,0,12.6,1,0,Yes,5,Northeast,0
CUST-00913,28,33.65,Monthly,Credit Card,No,1,7.1,2,2,No,3,Northeast,0
CUST-00914,71,54.98,Monthly,PayPal,No,2,6.0,1,1,No,2,South,0
CUST-00915,43,50.99,Annual,Bank Transfer,Yes,2,5.8,2,1,Yes,3,West,0
CUST-00916,34,11.33,Monthly,Credit Card,No,0,16.5,2,1,No,4,West,0
CUST-00917,40,55.88,Annual,Debit Card,Yes,1,31.0,3,2,Yes,3,West,0
CUST-00918,57,35.29,Annual,Credit Card,No,0,15.5,3,0,No,5,West,0
CUST-00919,19,60.74,Annual,Credit Card,No,0,2.3,1,0,Yes,4,Midwest,0
CUST-00920,46,28.93,Annual,PayPal,Yes,1,12.6,1,1,No,1,Midwest,0
CUST-00921,63,52.54,Annual,Credit Card,Yes,0,7.2,1,0,No,5,West,0
CUST-00922,42,46.9,Annual,Bank Transfer,No,2,7.4,3,1,Yes,3,South,0
CUST-00923,33,57.46,Annual,Bank Transfer,No,1,4.4,2,2,No,5,Midwest,0
CUST-00924,11,54.24,Monthly,Credit Card,No,1,9.0,1,1,No,5,Northeast,0
CUST-00925,18,47.41,Annual,Debit Card,No,2,8.0,2,0,No,4,Northeast,0
CUST-00926,69,24.35,Annual,Bank Transfer,Yes,0,10.7,1,0,Yes,2,Midwest,0
CUST-00927,39,25.41,Monthly,Bank Transfer,Yes,2,7.0,2,1,No,4,West,0
CUST-00928,22,41.49,Two-Year,PayPal,No,5,13.3,2,1,Yes,4,West,0
CUST-00929,31,51.85,Monthly,Credit Card,Yes,1,8.3,1,1,No,5,Northeast,0
CUST-00930,42,41.05,Monthly,Credit Card,No,0,8.4,3,1,No,5,South,0
CUST-00931,39,63.25,Annual,PayPal,Yes,1,7.9,2,0,Yes,5,West,0
CUST-00932,51,46.97,Monthly,Debit Card,Yes,2,12.6,2,1,No,4,South,0
CUST-00933,19,34.63,Monthly,PayPal,No,2,6.3,2,0,Yes,4,Northeast,1
CUST-00934,47,46.99,Monthly,PayPal,No,1,10.7,1,0,No,3,South,0
CUST-00935,32,56.07,Two-Year,Debit Card,No,1,8.6,2,3,No,4,West,0
CUST-00936,68,57.85,Monthly,Credit Card,Yes,2,16.6,2,0,No,3,West,0
CUST-00937,12,85.81,Annual,Debit Card,No,0,6.5,2,0,No,2,West,0
CUST-00938,11,39.96,Annual,Bank Transfer,Yes,1,13.5,2,2,Yes,3,Northeast,0
CUST-00939,34,50.68,Annual,Debit Card,No,2,9.6,2,1,No,4,South,1
CUST-00940,37,59.67,Two-Year,Credit Card,No,1,15.9,2,2,No,1,South,0
CUST-00941,50,51.58,Annual,Bank Transfer,Yes,0,8.4,2,1,No,3,South,0
CUST-00942,30,42.99,Monthly,PayPal,No,2,6.2,2,0,No,2,South,0
CUST-00943,66,24.11,Two-Year,Debit Card,Yes,1,6.1,1,0,No,4,South,0
CUST-00944,35,42.8,Monthly,PayPal,Yes,2,9.1,3,2,No,3,South,0
CUST-00945,10,32.67,Monthly,Debit Card,No,1,8.0,1,1,No,4,South,0
CUST-00946,9,20.92,Monthly,Bank Transfer,Yes,0,6.4,1,0,No,5,South,0
CUST-00947,71,37.68,Annual,Bank Transfer,No,1,9.2,3,0,No,4,West,0
CUST-00948,10,33.15,Monthly,Credit Card,Yes,2,1.3,1,1,Yes,3,Midwest,0
CUST-00949,69,62.51,Annual,Debit Card,Yes,1,7.2,2,1,No,4,South,0
CUST-00950,21,62.82,Monthly,Credit Card,No,2,8.2,1,0,No,5,Northeast,1
CUST-00951,7,35.73,Monthly,PayPal,Yes,2,2.7,1,1,No,4,South,0
CUST-00952,22,47.32,Monthly,PayPal,No,1,4.2,2,2,No,3,Midwest,1
CUST-00953,45,18.55,Annual,Debit Card,Yes,2,4.4,2,1,Yes,5,South,0
CUST-00954,31,43.1,Monthly,Bank Transfer,Yes,3,7.8,1,0,No,4,South,0
CUST-00955,57,59.18,Monthly,Debit Card,Yes,1,6.9,3,1,No,5,Northeast,0
CUST-00956,44,66.85,Monthly,PayPal,Yes,0,7.0,1,1,No,2,West,1
CUST-00957,29,39.17,Monthly,PayPal,Yes,1,2.7,3,1,Yes,5,South,0
CUST-00958,46,70.93,Annual,Debit Card,Yes,2,14.2,2,0,Yes,4,Northeast,1
CUST-00959,70,24.72,Monthly,Credit Card,Yes,1,16.2,3,3,No,4,Midwest,1
CUST-00960,30,29.54,Monthly,PayPal,Yes,0,3.3,3,1,No,5,West,0
CUST-00961,12,64.77,Two-Year,PayPal,Yes,0,6.7,3,1,Yes,2,Midwest,0
CUST-00962,30,82.08,Monthly,Credit Card,Yes,1,6.9,4,0,Yes,3,South,0
CUST-00963,61,60.88,Monthly,PayPal,Yes,2,10.1,3,0,No,2,Midwest,0
CUST-00964,16,51.27,Annual,Debit Card,Yes,2,6.1,3,1,Yes,4,South,0
CUST-00965,69,12.49,Annual,Debit Card,Yes,2,13.4,1,0,No,4,South,0
CUST-00966,43,15.6,Annual,PayPal,Yes,3,4.0,3,1,No,5,Northeast,0
CUST-00967,44,54.33,Monthly,Debit Card,Yes,1,11.6,2,0,No,4,South,0
CUST-00968,23,45.55,Monthly,PayPal,Yes,2,9.9,4,0,Yes,4,South,0
CUST-00969,67,32.09,Monthly,PayPal,No,0,3.5,2,0,No,3,Northeast,1
CUST-00970,3,53.18,Monthly,Credit Card,Yes,0,6.5,1,1,No,5,Midwest,0
CUST-00971,22,54.07,Monthly,Debit Card,Yes,3,3.8,1,0,No,2,South,1
CUST-00972,31,69.0,Two-Year,Credit Card,No,1,21.3,1,0,No,2,South,0
CUST-00973,35,54.46,Annual,Credit Card,Yes,3,7.3,2,1,No,3,South,0
CUST-00974,35,74.11,Monthly,PayPal,Yes,0,6.0,2,0,No,5,Midwest,0
CUST-00975,11,52.14,Monthly,Credit Card,No,0,2.4,1,1,No,4,Midwest,0
CUST-00976,17,49.92,Annual,Bank Transfer,No,1,9.6,1,0,No,4,Midwest,0
CUST-00977,7,71.16,Monthly,Debit Card,No,1,6.4,1,0,No,2,Northeast,1
CUST-00978,42,34.39,Monthly,Credit Card,No,1,11.5,3,1,No,3,Midwest,0
CUST-00979,26,102.66,Monthly,Bank Transfer,No,0,17.8,1,0,No,5,South,0
CUST-00980,41,58.75,Annual,Debit Card,No,1,12.5,1,1,Yes,4,Northeast,0
CUST-00981,43,58.85,Annual,PayPal,Yes,2,4.2,2,2,No,1,Northeast,1
CUST-00982,51,61.45,Monthly,PayPal,No,2,6.0,1,0,No,5,Midwest,0
CUST-00983,40,85.79,Monthly,Bank Transfer,Yes,1,3.3,2,1,No,2,Midwest,1
CUST-00984,47,66.27,Annual,Credit Card,Yes,0,5.2,3,0,No,4,West,0
CUST-00985,43,23.11,Annual,Credit Card,Yes,0,13.8,1,1,No,2,Midwest,0
CUST-00986,47,77.26,Annual,Bank Transfer,No,1,5.4,3,1,No,5,South,0
CUST-00987,45,45.86,Monthly,Credit Card,Yes,2,11.6,2,1,No,5,South,0
CUST-00988,23,53.93,Annual,PayPal,No,1,5.8,1,1,Yes,3,South,0
CUST-00989,18,28.97,Two-Year,PayPal,Yes,0,12.3,1,0,No,5,West,0
CUST-00990,57,61.47,Annual,PayPal,No,2,4.1,1,2,Yes,5,Midwest,0
CUST-00991,25,40.28,Monthly,PayPal,Yes,4,3.6,1,0,No,4,South,1
CUST-00992,40,53.8,Annual,Bank Transfer,No,3,21.1,1,1,No,5,Midwest,0
CUST-00993,15,46.89,Monthly,Credit Card,Yes,1,4.4,3,1,No,4,South,0
CUST-00994,32,86.65,Monthly,PayPal,Yes,1,14.0,1,0,No,1,Midwest,0
CUST-00995,39,87.68,Monthly,PayPal,Yes,0,10.5,3,0,No,3,West,0
CUST-00996,46,52.84,Two-Year,Credit Card,Yes,2,5.1,2,0,No,3,Midwest,0
CUST-00997,38,53.15,Monthly,Bank Transfer,Yes,1,5.1,2,1,Yes,2,West,0
CUST-00998,26,45.28,Annual,Debit Card,No,2,6.7,2,1,Yes,4,South,0
CUST-00999,70,71.91,Monthly,Credit Card,Yes,1,14.2,3,1,No,3,Midwest,1
CUST-01000,37,46.08,Monthly,Bank Transfer,No,1,6.0,4,0,Yes,4,South,0
CUST-01001,59,44.42,Monthly,Bank Transfer,No,0,11.6,1,1,Yes,4,South,0
CUST-01002,54,69.61,Annual,Credit Card,Yes,0,9.8,2,1,Yes,1,South,0
CUST-01003,41,42.31,Monthly,PayPal,No,2,10.0,1,0,Yes,2,Midwest,0
CUST-01004,64,51.32,Monthly,Credit Card,No,2,21.5,1,0,No,4,Northeast,0
CUST-01005,10,23.54,Monthly,Credit Card,No,2,11.0,1,0,No,5,Midwest,1
CUST-01006,67,64.68,Monthly,Credit Card,No,1,9.9,2,3,Yes,4,South,1
CUST-01007,62,86.94,Monthly,Bank Transfer,No,2,2.4,1,2,No,5,Midwest,1
CUST-01008,37,64.98,Monthly,Credit Card,No,2,16.2,3,1,No,5,Northeast,0
CUST-01009,53,78.31,Monthly,Credit Card,Yes,2,12.5,3,1,No,4,South,0
CUST-01010,38,36.77,Two-Year,PayPal,Yes,2,9.7,2,0,No,4,South,0
CUST-01011,20,56.25,Monthly,Debit Card,No,4,6.6,2,0,Yes,4,South,0
CUST-01012,58,35.02,Monthly,Credit Card,Yes,0,2.5,2,2,No,2,Northeast,0
CUST-01013,18,47.9,Monthly,Credit Card,No,3,10.9,1,3,Yes,2,Northeast,1
CUST-01014,23,65.9,Monthly,PayPal,Yes,0,8.1,2,0,No,3,South,0
CUST-01015,38,53.83,Annual,PayPal,Yes,0,20.6,1,1,Yes,3,South,0
CUST-01016,61,26.57,Monthly,PayPal,No,1,11.6,1,0,No,3,South,0
CUST-01017,28,28.33,Monthly,Credit Card,Yes,0,8.7,2,0,Yes,2,West,0
CUST-01018,36,27.14,Annual,Debit Card,Yes,4,24.2,1,1,No,4,Northeast,0
CUST-01019,3,60.85,Monthly,PayPal,No,2,8.1,1,3,No,3,Midwest,1
CUST-01020,9,89.15,Two-Year,Credit Card,No,3,19.7,2,0,No,4,Northeast,1
CUST-01021,5,76.52,Two-Year,Credit Card,No,0,2.1,2,2,No,3,Northeast,1
CUST-01022,6,17.87,Monthly,Debit Card,Yes,1,26.8,1,0,Yes,3,Midwest,0
CUST-01023,63,77.58,Monthly,Debit Card,No,0,14.1,1,1,Yes,3,West,0
CUST-01024,61,68.86,Monthly,Credit Card,No,2,4.7,1,0,No,4,South,0
CUST-01025,60,24.18,Monthly,Bank Transfer,No,0,22.8,2,0,No,3,South,0
CUST-01026,5,46.54,Monthly,Debit Card,Yes,4,1.7,2,0,No,5,Midwest,1
CUST-01027,6,71.72,Annual,PayPal,Yes,4,3.7,3,0,No,4,Midwest,0
CUST-01028,21,61.91,Monthly,Credit Card,Yes,0,10.7,1,0,No,4,Midwest,0
CUST-01029,41,28.44,Monthly,PayPal,Yes,1,16.3,3,1,No,3,West,0
CUST-01030,25,62.99,Monthly,PayPal,Yes,2,9.8,1,0,No,5,Northeast,0
CUST-01031,36,13.52,Two-Year,Bank Transfer,Yes,3,2.6,1,0,No,3,Midwest,0
CUST-01032,13,47.99,Two-Year,Debit Card,No,0,5.0,3,0,No,5,West,0
CUST-01033,53,72.48,Monthly,PayPal,Yes,0,5.9,3,1,No,3,South,0
CUST-01034,23,52.33,Annual,Credit Card,Yes,1,10.4,2,1,Yes,5,West,0
CUST-01035,5,43.02,Monthly,PayPal,Yes,1,7.5,1,0,No,5,Midwest,0
CUST-01036,54,68.01,Annual,Bank Transfer,No,1,15.6,2,1,No,2,South,0
CUST-01037,66,69.55,Annual,PayPal,No,2,2.5,3,0,Yes,1,South,0
CUST-01038,2,75.58,Two-Year,PayPal,Yes,2,11.6,1,1,No,5,West,0
CUST-01039,32,67.74,Monthly,Bank Transfer,No,0,3.7,1,0,No,4,South,0
CUST-01040,60,71.46,Monthly,Bank Transfer,No,0,17.9,2,0,No,3,South,0
CUST-01041,51,65.19,Two-Year,Credit Card,Yes,2,11.7,2,0,No,4,West,0
CUST-01042,62,56.78,Monthly,Credit Card,No,0,7.5,2,2,Yes,5,South,0
CUST-01043,30,53.61,Monthly,PayPal,No,0,6.5,1,0,No,5,Northeast,0
CUST-01044,27,47.73,Annual,Bank Transfer,Yes,2,10.1,3,0,Yes,3,Northeast,0
CUST-01045,52,30.18,Annual,Debit Card,No,0,15.3,3,1,No,4,West,0
CUST-01046,12,34.8,Annual,Debit Card,Yes,2,9.9,2,0,No,4,South,0
CUST-01047,18,46.92,Annual,Debit Card,No,0,7.5,1,3,Yes,3,West,0
CUST-01048,44,56.35,Annual,Credit Card,No,1,4.4,1,0,No,2,West,0
CUST-01049,49,77.93,Monthly,Credit Card,No,1,7.3,2,0,No,2,Northeast,1
CUST-01050,9,51.25,Annual,Credit Card,No,0,15.3,3,0,No,1,Midwest,0
CUST-01051,37,70.06,Annual,Credit Card,Yes,1,12.8,2,0,No,4,South,0
CUST-01052,27,71.43,Annual,PayPal,Yes,1,16.5,1,0,No,3,Midwest,0
CUST-01053,37,47.83,Monthly,Debit Card,No,0,4.2,3,2,Yes,4,South,1
CUST-01054,70,62.7,Monthly,Credit Card,Yes,2,2.6,2,1,Yes,4,Northeast,0
CUST-01055,6,47.62,Annual,Debit Card,Yes,0,12.1,3,0,Yes,1,Northeast,0
CUST-01056,72,75.8,Monthly,Debit Card,No,3,3.1,2,0,No,4,Northeast,0
CUST-01057,33,63.45,Monthly,Debit Card,Yes,0,16.5,2,1,Yes,3,South,0
CUST-01058,56,30.57,Annual,Credit Card,Yes,1,12.3,1,2,No,4,Midwest,0
CUST-01059,31,54.91,Monthly,Credit Card,Yes,1,9.7,1,0,No,2,South,0
CUST-01060,23,81.67,Monthly,PayPal,Yes,0,3.9,4,0,No,4,South,1
CUST-01061,56,48.74,Monthly,Credit Card,No,1,8.1,2,1,Yes,4,Midwest,0
CUST-01062,50,60.06,Monthly,Credit Card,Yes,3,7.3,2,0,Yes,4,Midwest,1
CUST-01063,11,61.83,Annual,Credit Card,Yes,2,9.9,2,1,No,2,West,0
CUST-01064,51,33.34,Monthly,Debit Card,No,1,19.4,1,0,No,5,South,0
CUST-01065,55,61.19,Monthly,Credit Card,Yes,0,4.3,3,0,No,3,Midwest,0
CUST-01066,28,26.91,Monthly,Debit Card,No,2,6.6,1,0,Yes,4,South,0
CUST-01067,67,40.74,Monthly,Credit Card,Yes,2,7.6,2,2,No,4,Midwest,0
CUST-01068,47,71.36,Monthly,Credit Card,Yes,1,17.1,2,1,No,5,West,0
CUST-01069,25,58.42,Monthly,Bank Transfer,Yes,2,8.6,2,1,No,4,South,0
CUST-01070,1,46.52,Monthly,Credit Card,No,1,11.7,2,0,No,4,South,1
CUST-01071,49,60.04,Monthly,Credit Card,No,1,17.9,4,0,No,4,South,0
CUST-01072,16,50.92,Monthly,Debit Card,Yes,0,9.7,3,1,Yes,4,South,0
CUST-01073,55,52.23,Monthly,Credit Card,Yes,0,6.7,4,0,No,4,South,0
CUST-01074,38,63.82,Monthly,PayPal,Yes,4,15.9,2,0,No,4,West,0
CUST-01075,34,38.91,Monthly,Credit Card,Yes,0,19.0,1,1,Yes,4,West,0
CUST-01076,12,52.73,Monthly,Debit Card,Yes,2,11.2,4,1,No,5,South,0
CUST-01077,52,46.38,Monthly,Bank Transfer,No,0,5.4,1,0,No,4,Northeast,0
CUST-01078,12,23.46,Monthly,Credit Card,No,2,6.3,3,0,Yes,2,South,1
CUST-01079,31,35.43,Annual,Credit Card,Yes,4,18.9,1,0,No,4,South,0
CUST-01080,61,80.23,Monthly,PayPal,Yes,2,12.3,3,1,No,4,West,0
CUST-01081,67,58.93,Annual,Bank Transfer,Yes,3,6.9,3,0,Yes,4,Midwest,0
CUST-01082,72,28.18,Annual,Debit Card,Yes,0,2.3,2,0,No,4,South,0
CUST-01083,69,24.27,Monthly,PayPal,No,2,12.5,3,1,No,3,West,0
CUST-01084,41,49.98,Monthly,Credit Card,No,1,11.2,1,0,No,2,West,0
CUST-01085,15,80.1,Monthly,PayPal,Yes,1,12.3,1,2,Yes,4,South,0
CUST-01086,61,48.64,Monthly,Credit Card,Yes,1,4.9,1,0,Yes,1,Midwest,0
CUST-01087,58,75.53,Monthly,PayPal,Yes,1,6.7,4,1,No,3,Northeast,0
CUST-01088,72,58.33,Monthly,Credit Card,Yes,0,14.7,2,0,Yes,5,West,0
CUST-01089,47,60.48,Annual,Debit Card,No,4,1.3,1,0,No,3,Northeast,0
CUST-01090,11,27.96,Monthly,Credit Card,No,3,6.7,1,1,Yes,3,West,1
CUST-01091,37,68.88,Annual,PayPal,No,1,2.9,3,0,No,2,South,0
CUST-01092,33,45.97,Annual,PayPal,No,0,4.5,3,0,Yes,3,Midwest,0
CUST-01093,61,67.54,Monthly,Bank Transfer,Yes,1,13.5,3,0,No,3,South,0
CUST-01094,29,37.34,Two-Year,Bank Transfer,No,1,7.5,1,0,Yes,3,South,0
CUST-01095,24,55.19,Two-Year,Debit Card,No,2,3.9,2,0,No,3,Midwest,0
CUST-01096,6,58.34,Monthly,PayPal,Yes,1,10.7,2,1,Yes,5,South,0
CUST-01097,61,49.23,Monthly,Credit Card,Yes,1,5.6,2,1,Yes,4,South,0
CUST-01098,55,59.28,Monthly,Bank Transfer,No,0,7.3,3,0,Yes,1,West,0
CUST-01099,3,47.2,Monthly,PayPal,No,1,9.1,1,0,No,5,South,0
CUST-01100,32,40.32,Monthly,Debit Card,Yes,1,16.6,2,0,Yes,5,Northeast,0
CUST-01101,35,80.9,Monthly,Debit Card,No,2,9.1,1,0,No,2,South,1
CUST-01102,34,70.88,Monthly,PayPal,No,0,6.4,2,0,Yes,3,West,0
CUST-01103,67,38.3,Annual,Bank Transfer,No,0,10.3,1,0,No,2,South,0
CUST-01104,11,62.23,Monthly,PayPal,Yes,0,10.7,1,2,Yes,4,South,0
CUST-01105,23,38.63,Monthly,Debit Card,Yes,3,6.0,1,0,Yes,4,South,0
CUST-01106,14,30.68,Monthly,Debit Card,No,1,7.4,1,0,No,5,South,0
CUST-01107,18,70.61,Annual,Bank Transfer,Yes,0,8.0,2,1,Yes,4,South,0
CUST-01108,66,21.33,Annual,PayPal,Yes,0,15.0,2,0,No,3,South,0
CUST-01109,68,68.68,Monthly,Debit Card,No,4,1.3,3,1,No,3,Northeast,1
CUST-01110,4,47.45,Annual,PayPal,Yes,3,10.0,2,0,No,4,South,0
CUST-01111,46,48.19,Monthly,PayPal,Yes,0,13.0,2,1,Yes,3,South,0
CUST-01112,17,59.38,Annual,PayPal,No,2,14.8,4,0,Yes,3,South,0
CUST-01113,14,62.46,Annual,PayPal,Yes,0,2.8,2,1,Yes,3,Midwest,0
CUST-01114,22,37.13,Monthly,Bank Transfer,No,0,2.7,3,0,No,5,Midwest,0
CUST-01115,14,64.92,Annual,Bank Transfer,Yes,2,5.5,4,0,No,4,West,0
CUST-01116,36,54.04,Annual,Debit Card,Yes,0,11.8,3,0,No,3,South,0
CUST-01117,72,29.39,Annual,Credit Card,Yes,1,13.8,1,1,No,3,Midwest,0
CUST-01118,43,48.94,Monthly,PayPal,Yes,1,2.4,1,2,No,4,Northeast,0
CUST-01119,53,76.86,Annual,PayPal,Yes,3,9.2,1,1,No,4,Midwest,0
CUST-01120,36,82.18,Monthly,Debit Card,No,1,13.4,2,0,No,4,West,0
CUST-01121,2,64.91,Annual,Bank Transfer,No,3,6.2,2,0,No,4,West,0
CUST-01122,7,30.57,Annual,Credit Card,Yes,0,9.6,1,2,Yes,4,Midwest,0
CUST-01123,20,60.83,Monthly,Credit Card,Yes,2,3.5,2,0,Yes,2,South,0
CUST-01124,18,67.32,Monthly,Bank Transfer,No,4,11.1,2,0,Yes,4,Northeast,0
CUST-01125,61,65.06,Monthly,Bank Transfer,Yes,1,7.2,2,0,No,1,South,0
CUST-01126,61,66.13,Monthly,Debit Card,Yes,3,6.7,1,1,No,5,South,0
CUST-01127,62,58.54,Monthly,Credit Card,Yes,4,9.4,1,1,Yes,5,Midwest,0
CUST-01128,46,50.7,Monthly,Debit Card,Yes,1,2.1,2,1,Yes,1,Northeast,1
CUST-01129,41,41.05,Annual,Debit Card,Yes,0,5.6,1,1,No,3,Northeast,0
CUST-01130,47,17.84,Monthly,Debit Card,Yes,0,13.4,2,1,No,5,Midwest,0
CUST-01131,30,58.11,Monthly,Credit Card,No,1,2.4,2,0,Yes,4,Midwest,1
CUST-01132,49,55.35,Annual,Credit Card,Yes,0,2.6,2,2,No,3,South,0
CUST-01133,58,62.04,Monthly,PayPal,Yes,0,6.0,3,0,No,3,Midwest,0
CUST-01134,55,27.92,Monthly,PayPal,Yes,3,7.9,1,0,Yes,3,South,0
CUST-01135,45,63.61,Annual,PayPal,Yes,5,9.1,1,0,No,2,West,0
CUST-01136,5,88.98,Two-Year,Debit Card,No,2,20.6,3,1,No,5,West,0
CUST-01137,53,53.41,Annual,Debit Card,No,5,9.3,2,0,No,4,Midwest,0
CUST-01138,27,50.89,Monthly,Debit Card,No,1,10.0,1,0,No,4,West,0
CUST-01139,54,57.56,Monthly,Bank Transfer,Yes,0,14.8,2,0,Yes,5,Northeast,0
CUST-01140,39,88.58,Two-Year,Debit Card,Yes,2,4.7,2,0,No,3,Northeast,0
CUST-01141,64,33.57,Annual,PayPal,Yes,1,10.2,2,2,No,5,West,0
CUST-01142,25,55.66,Annual,Debit Card,Yes,3,11.7,3,3,No,5,Midwest,0
CUST-01143,68,37.61,Annual,Bank Transfer,No,2,10.8,1,1,No,2,South,0
CUST-01144,61,42.15,Monthly,Debit Card,Yes,0,9.1,2,0,No,5,South,0
CUST-01145,24,51.11,Monthly,Debit Card,Yes,0,8.7,1,0,No,4,Northeast,0
CUST-01146,35,76.25,Annual,Bank Transfer,Yes,0,3.9,2,0,No,3,South,0
CUST-01147,39,84.42,Annual,Credit Card,Yes,2,6.4,1,2,No,3,Northeast,0
CUST-01148,56,60.07,Monthly,PayPal,Yes,1,17.9,4,2,No,1,Northeast,0
CUST-01149,50,45.22,Annual,Debit Card,No,0,5.5,2,0,No,5,Midwest,0
CUST-01150,62,96.87,Monthly,Bank Transfer,No,6,8.2,3,2,No,3,Midwest,0
CUST-01151,27,44.3,Two-Year,PayPal,Yes,1,7.9,1,0,No,3,Midwest,0
CUST-01152,37,41.72,Monthly,Credit Card,Yes,2,10.2,1,1,Yes,4,South,1
CUST-01153,32,20.05,Annual,Bank Transfer,Yes,0,7.9,3,2,Yes,4,West,0
CUST-01154,66,77.13,Monthly,PayPal,Yes,1,7.1,1,0,Yes,2,South,0
CUST-01155,22,69.43,Annual,PayPal,No,3,13.1,4,1,Yes,1,South,1
CUST-01156,43,95.52,Annual,Credit Card,Yes,2,9.2,2,2,No,4,Midwest,0
CUST-01157,9,26.99,Monthly,Credit Card,No,1,8.7,3,0,No,3,South,0
CUST-01158,62,78.25,Annual,PayPal,No,4,5.7,1,3,No,4,Midwest,0
CUST-01159,28,53.26,Two-Year,Debit Card,Yes,2,6.5,2,0,No,3,South,0
CUST-01160,25,66.51,Annual,Bank Transfer,No,3,9.5,1,1,Yes,3,West,0
CUST-01161,42,22.34,Monthly,Credit Card,No,0,13.9,4,1,Yes,5,South,0
CUST-01162,36,78.43,Annual,PayPal,No,0,16.5,1,1,Yes,3,Northeast,0
CUST-01163,62,66.16,Monthly,Credit Card,Yes,0,9.9,2,1,No,3,Midwest,0
CUST-01164,39,51.3,Annual,PayPal,No,1,22.6,2,1,Yes,3,Midwest,0
CUST-01165,38,63.61,Monthly,Credit Card,Yes,0,6.9,3,0,Yes,2,South,0
CUST-01166,8,38.22,Annual,Debit Card,Yes,3,6.8,4,1,Yes,2,South,1
CUST-01167,2,41.57,Monthly,Credit Card,No,0,15.4,3,1,No,5,South,0
CUST-01168,29,43.66,Monthly,PayPal,Yes,2,8.9,1,0,No,2,Midwest,0
CUST-01169,72,18.65,Monthly,Credit Card,Yes,2,5.9,3,0,Yes,4,Midwest,0
CUST-01170,67,67.51,Monthly,PayPal,Yes,1,8.1,2,1,Yes,2,South,0
CUST-01171,46,73.45,Monthly,Credit Card,Yes,2,4.3,2,0,Yes,2,South,0
CUST-01172,46,39.38,Monthly,PayPal,Yes,1,7.4,1,0,No,4,West,0
CUST-01173,29,58.27,Annual,PayPal,Yes,3,4.0,3,0,No,4,South,0
CUST-01174,13,47.22,Monthly,Credit Card,Yes,2,4.3,2,0,Yes,3,South,0
CUST-01175,1,57.91,Monthly,Credit Card,No,0,9.4,3,0,Yes,3,Midwest,0
CUST-01176,25,40.7,Annual,Credit Card,Yes,0,1.7,2,1,No,3,South,0
CUST-01177,23,36.1,Two-Year,PayPal,No,0,4.0,2,0,Yes,5,South,0
CUST-01178,14,70.94,Two-Year,Bank Transfer,Yes,1,5.0,1,2,No,4,Northeast,0
CUST-01179,19,50.85,Annual,Credit Card,No,2,6.4,1,0,No,5,South,0
CUST-01180,2,88.4,Two-Year,PayPal,No,2,11.2,4,0,No,3,West,0
CUST-01181,44,52.83,Annual,PayPal,No,0,6.2,2,0,Yes,4,West,0
CUST-01182,67,35.33,Two-Year,PayPal,Yes,2,17.5,1,0,No,4,West,0
CUST-01183,50,74.08,Two-Year,Debit Card,Yes,5,5.5,2,2,No,5,South,0
CUST-01184,33,63.35,Monthly,Bank Transfer,No,1,1.8,3,1,Yes,4,West,0
CUST-01185,31,65.08,Annual,Debit Card,No,1,4.2,2,1,Yes,1,West,0
CUST-01186,23,73.43,Annual,Bank Transfer,Yes,1,9.3,2,1,No,4,Northeast,0
CUST-01187,11,40.25,Annual,Credit Card,No,1,4.3,3,0,No,5,South,0
CUST-01188,44,49.71,Two-Year,PayPal,No,2,5.4,1,0,No,5,West,0
CUST-01189,41,48.91,Monthly,Bank Transfer,Yes,1,15.3,2,2,No,5,West,0
CUST-01190,1,28.77,Monthly,Bank Transfer,No,4,17.9,2,0,No,4,West,0
CUST-01191,30,47.26,Annual,Credit Card,No,5,3.1,2,3,Yes,2,West,1
CUST-01192,21,76.05,Annual,Bank Transfer,Yes,1,7.0,1,1,No,2,South,0
CUST-01193,13,56.27,Two-Year,Credit Card,Yes,1,9.2,1,0,Yes,3,Midwest,0
CUST-01194,51,27.77,Two-Year,PayPal,Yes,2,13.5,4,1,No,2,Northeast,0
CUST-01195,38,23.99,Annual,Debit Card,No,0,6.2,3,0,No,4,South,0
CUST-01196,46,81.97,Two-Year,PayPal,Yes,1,9.2,3,1,No,3,Northeast,0
CUST-01197,52,50.37,Monthly,Debit Card,No,1,14.8,3,1,Yes,2,South,0
CUST-01198,71,40.35,Two-Year,Credit Card,Yes,1,8.2,1,1,No,3,South,0
CUST-01199,58,47.07,Monthly,Credit Card,No,0,1.1,2,1,Yes,5,Midwest,0
CUST-01200,45,25.41,Monthly,Credit Card,No,1,7.0,2,0,Yes,5,Northeast,0
CUST-01201,64,77.62,Monthly,Debit Card,No,2,4.8,1,0,No,3,West,1
CUST-01202,35,44.93,Annual,Bank Transfer,Yes,1,5.0,1,0,No,5,Northeast,0
CUST-01203,71,76.61,Monthly,PayPal,Yes,1,5.3,1,1,No,5,Midwest,0
CUST-01204,55,52.93,Monthly,PayPal,No,0,1.6,1,1,No,5,West,0
CUST-01205,47,77.73,Annual,PayPal,Yes,1,17.2,1,1,Yes,3,West,0
CUST-01206,66,56.62,Annual,Debit Card,Yes,3,13.9,2,0,No,2,South,0
CUST-01207,38,67.36,Monthly,Debit Card,Yes,1,18.7,3,0,Yes,5,Northeast,0
CUST-01208,52,64.94,Annual,Debit Card,Yes,0,23.6,2,0,Yes,1,Northeast,0
CUST-01209,21,63.22,Monthly,Credit Card,No,0,9.0,1,0,Yes,3,Midwest,0
CUST-01210,70,58.26,Monthly,PayPal,Yes,1,5.8,1,0,Yes,1,Northeast,0
CUST-01211,45,47.81,Monthly,PayPal,Yes,0,10.5,2,1,No,3,Northeast,0
CUST-01212,57,86.48,Annual,PayPal,Yes,2,10.7,1,2,No,3,South,0
CUST-01213,34,35.68,Annual,PayPal,Yes,2,5.8,2,2,No,3,Northeast,0
CUST-01214,63,52.08,Annual,Credit Card,Yes,1,5.7,1,1,No,2,West,0
CUST-01215,6,52.27,Annual,PayPal,No,1,7.6,3,2,No,4,South,0
CUST-01216,9,59.24,Annual,Credit Card,No,2,5.4,2,0,Yes,5,West,0
CUST-01217,37,44.27,Annual,Bank Transfer,No,0,10.8,1,1,Yes,2,South,0
CUST-01218,53,57.67,Two-Year,Credit Card,Yes,3,3.6,3,1,No,4,West,0
CUST-01219,59,48.96,Monthly,Debit Card,Yes,1,12.2,2,0,No,2,West,0
CUST-01220,32,23.52,Monthly,Debit Card,Yes,0,16.2,1,2,No,4,South,0
CUST-01221,47,52.17,Monthly,Credit Card,No,1,25.8,2,1,No,2,Northeast,0
CUST-01222,40,32.19,Annual,Debit Card,No,0,18.1,2,1,Yes,5,Northeast,0
CUST-01223,70,20.78,Monthly,Credit Card,No,1,25.6,3,1,Yes,1,West,0
CUST-01224,48,54.46,Monthly,PayPal,Yes,0,10.9,1,1,No,3,South,0
CUST-01225,31,60.78,Two-Year,Bank Transfer,Yes,0,3.2,3,1,Yes,4,Northeast,0
CUST-01226,70,61.48,Two-Year,Credit Card,No,0,8.6,2,2,No,4,South,0
CUST-01227,8,62.21,Monthly,Debit Card,Yes,0,22.5,2,2,Yes,4,West,0
CUST-01228,71,17.21,Monthly,Bank Transfer,No,0,17.8,1,1,Yes,3,West,0
CUST-01229,12,27.5,Monthly,Debit Card,No,1,6.8,1,2,No,4,Northeast,1
CUST-01230,21,87.52,Monthly,Bank Transfer,Yes,1,2.0,3,0,Yes,5,South,0
CUST-01231,60,33.15,Annual,Debit Card,No,3,10.6,2,1,No,4,West,0
CUST-01232,53,63.0,Annual,Debit Card,No,0,3.0,4,3,No,2,Midwest,0
CUST-01233,70,39.64,Monthly,Credit Card,No,0,10.4,2,1,No,5,Midwest,0
CUST-01234,54,53.43,Monthly,Credit Card,Yes,0,11.1,2,0,No,4,West,0
CUST-01235,46,40.6,Monthly,PayPal,Yes,5,17.3,4,2,Yes,4,West,0
CUST-01236,25,62.11,Monthly,PayPal,No,2,2.2,2,0,No,2,Midwest,0
CUST-01237,1,54.46,Monthly,Credit Card,Yes,3,13.5,1,0,Yes,3,South,0
CUST-01238,9,43.93,Annual,Bank Transfer,Yes,3,7.7,3,0,No,4,West,0
CUST-01239,22,33.1,Monthly,Debit Card,Yes,0,19.8,1,0,No,4,Midwest,0
CUST-01240,3,56.82,Two-Year,Debit Card,Yes,3,13.0,2,1,No,3,Northeast,0
CUST-01241,37,30.17,Monthly,Bank Transfer,No,0,9.0,1,0,No,4,South,0
CUST-01242,56,59.69,Annual,Bank Transfer,Yes,0,4.7,4,0,No,2,Midwest,0
CUST-01243,70,99.28,Monthly,Debit Card,Yes,2,8.2,3,0,Yes,5,West,0
CUST-01244,36,76.3,Monthly,Credit Card,Yes,0,15.4,3,0,No,2,South,0
CUST-01245,64,64.93,Two-Year,Credit Card,Yes,0,8.2,2,3,No,5,South,0
CUST-01246,71,50.46,Annual,Credit Card,Yes,2,8.0,2,0,Yes,4,Northeast,0
CUST-01247,62,17.1,Monthly,PayPal,Yes,0,8.3,1,1,Yes,5,West,0
CUST-01248,34,28.2,Monthly,Debit Card,Yes,0,5.8,2,0,No,3,South,0
CUST-01249,24,75.09,Annual,PayPal,Yes,0,4.4,3,0,No,3,South,0
CUST-01250,71,37.78,Two-Year,Credit Card,No,0,4.8,1,2,Yes,5,South,0
CUST-01251,18,39.41,Annual,Debit Card,Yes,1,8.7,1,1,No,5,Northeast,0
CUST-01252,30,49.02,Monthly,Debit Card,No,1,13.9,2,0,Yes,4,Northeast,0
CUST-01253,6,32.88,Monthly,Debit Card,Yes,1,9.4,3,1,Yes,3,South,0
CUST-01254,58,29.92,Monthly,PayPal,No,1,15.6,2,0,Yes,4,Midwest,0
CUST-01255,47,51.09,Monthly,Bank Transfer,Yes,1,17.9,2,1,No,4,Midwest,0
CUST-01256,7,35.95,Annual,Bank Transfer,Yes,0,23.3,3,2,No,5,Northeast,0
CUST-01257,16,38.66,Annual,PayPal,No,0,22.2,1,0,No,4,Midwest,0
CUST-01258,40,37.94,Monthly,Credit Card,No,2,3.3,3,0,Yes,5,Midwest,0
CUST-01259,39,61.4,Annual,Bank Transfer,Yes,0,11.6,2,0,Yes,4,Northeast,0
CUST-01260,58,47.82,Annual,Bank Transfer,No,1,6.4,2,1,No,5,Northeast,0
CUST-01261,20,48.79,Annual,Bank Transfer,No,0,5.0,1,0,No,5,Midwest,1
CUST-01262,67,62.75,Monthly,Debit Card,Yes,1,7.3,2,2,Yes,3,South,0
CUST-01263,33,49.44,Monthly,Credit Card,No,1,19.0,3,0,No,5,South,0
CUST-01264,60,46.99,Monthly,PayPal,Yes,2,15.4,2,1,No,4,Midwest,0
CUST-01265,18,60.47,Monthly,Debit Card,No,0,8.8,1,2,Yes,4,West,0
CUST-01266,3,64.03,Monthly,Debit Card,No,1,12.7,1,1,No,3,Northeast,0
CUST-01267,4,49.35,Monthly,Debit Card,No,1,10.7,3,1,No,5,South,0
CUST-01268,27,53.45,Monthly,PayPal,No,1,7.3,2,3,No,2,South,1
CUST-01269,69,37.93,Monthly,Debit Card,No,0,5.4,1,1,No,2,South,0
CUST-01270,4,36.51,Two-Year,PayPal,Yes,1,8.2,4,0,No,3,West,1
CUST-01271,27,65.84,Annual,PayPal,Yes,0,13.1,1,0,No,5,Midwest,0
CUST-01272,8,60.01,Monthly,Debit Card,No,1,20.3,3,0,Yes,3,West,1
CUST-01273,68,60.2,Two-Year,Credit Card,Yes,0,11.7,1,1,No,4,South,0
CUST-01274,49,57.06,Monthly,Bank Transfer,No,2,6.1,1,0,No,5,South,0
CUST-01275,55,52.83,Monthly,Debit Card,Yes,5,4.5,1,1,Yes,4,Northeast,0
CUST-01276,52,64.54,Annual,Debit Card,Yes,1,10.5,3,0,No,5,West,0
CUST-01277,48,68.83,Monthly,Debit Card,Yes,2,2.2,2,0,Yes,2,Midwest,0
CUST-01278,56,68.4,Monthly,Debit Card,Yes,2,30.7,1,2,No,1,West,0
CUST-01279,1,50.19,Monthly,PayPal,Yes,2,11.5,3,1,No,3,Midwest,0
CUST-01280,63,76.97,Monthly,Credit Card,Yes,1,17.2,3,0,No,5,Northeast,0
CUST-01281,54,56.11,Annual,Bank Transfer,No,0,14.9,2,1,No,4,South,0
CUST-01282,54,63.38,Monthly,Credit Card,No,5,11.4,2,0,No,3,West,0
CUST-01283,29,57.08,Monthly,Bank Transfer,No,2,11.0,2,0,Yes,5,Northeast,0
CUST-01284,58,56.45,Monthly,PayPal,Yes,4,13.6,1,1,Yes,4,South,1
CUST-01285,28,38.76,Monthly,Credit Card,Yes,3,6.9,3,2,No,5,Midwest,0
CUST-01286,4,64.62,Monthly,PayPal,No,4,8.9,2,0,No,2,South,1
CUST-01287,66,103.22,Annual,Debit Card,Yes,0,14.0,3,0,No,5,Northeast,0
CUST-01288,17,45.25,Annual,Bank Transfer,Yes,0,3.3,3,0,Yes,4,Northeast,0
CUST-01289,8,53.28,Monthly,PayPal,No,1,8.7,3,0,No,2,Northeast,0
CUST-01290,45,43.97,Annual,Debit Card,Yes,0,8.1,3,1,No,1,South,0
CUST-01291,17,43.22,Monthly,Debit Card,No,1,2.1,4,0,No,4,West,0
CUST-01292,62,79.8,Monthly,Bank Transfer,Yes,2,12.1,2,1,No,4,South,0
CUST-01293,32,39.89,Monthly,PayPal,Yes,1,9.9,3,3,Yes,2,South,0
CUST-01294,1,43.47,Monthly,Debit Card,Yes,3,8.7,3,0,No,3,Northeast,0
CUST-01295,69,23.43,Annual,Debit Card,No,2,15.5,1,2,Yes,3,West,0
CUST-01296,38,38.36,Two-Year,Debit Card,No,0,14.1,2,1,Yes,1,West,0
CUST-01297,19,21.25,Monthly,PayPal,No,2,14.7,2,4,Yes,5,Midwest,1
CUST-01298,49,63.37,Monthly,PayPal,Yes,0,8.1,1,1,No,5,South,1
CUST-01299,39,102.39,Annual,Bank Transfer,No,1,6.8,2,1,No,3,West,0
CUST-01300,3,45.4,Monthly,PayPal,No,2,9.8,1,1,Yes,5,South,0
CUST-01301,55,22.0,Monthly,PayPal,No,1,11.3,1,0,Yes,4,South,0
CUST-01302,29,68.2,Two-Year,Debit Card,No,2,13.0,2,1,Yes,2,Northeast,0
CUST-01303,51,38.92,Annual,PayPal,No,1,5.0,1,0,Yes,5,Northeast,0
CUST-01304,65,75.39,Two-Year,Debit Card,No,1,10.9,3,1,No,2,South,0
CUST-01305,44,46.92,Monthly,Bank Transfer,Yes,1,16.5,2,1,No,3,South,1
CUST-01306,49,40.63,Monthly,Debit Card,No,1,5.4,1,0,Yes,4,Northeast,0
CUST-01307,19,48.8,Monthly,PayPal,Yes,4,2.0,1,0,No,5,South,1
CUST-01308,18,65.64,Two-Year,Bank Transfer,No,3,1.2,1,0,No,3,Midwest,0
CUST-01309,30,47.91,Monthly,PayPal,Yes,0,6.8,2,1,Yes,4,Midwest,0
CUST-01310,62,43.06,Monthly,Debit Card,Yes,1,4.4,3,2,No,5,West,0
CUST-01311,38,48.42,Monthly,PayPal,Yes,1,11.8,2,2,No,5,West,0
CUST-01312,26,29.11,Annual,Credit Card,Yes,3,10.7,1,1,No,1,Northeast,0
CUST-01313,57,59.15,Annual,Credit Card,Yes,1,2.4,2,0,No,2,West,0
CUST-01314,62,19.84,Annual,PayPal,No,0,16.1,4,0,No,2,Northeast,0
CUST-01315,65,44.01,Monthly,PayPal,No,2,5.7,3,0,No,1,Midwest,1
CUST-01316,22,65.67,Annual,Credit Card,Yes,3,4.8,2,0,No,5,South,0
CUST-01317,52,57.45,Monthly,Bank Transfer,Yes,2,10.4,1,0,No,1,South,0
CUST-01318,43,62.63,Monthly,Debit Card,No,2,6.5,1,1,Yes,5,West,0
CUST-01319,33,50.83,Monthly,Bank Transfer,No,0,9.8,2,0,Yes,3,West,0
CUST-01320,29,73.06,Monthly,PayPal,Yes,5,7.9,1,0,No,1,Northeast,1
CUST-01321,9,68.64,Monthly,Bank Transfer,No,1,17.2,2,1,No,3,Midwest,0
CUST-01322,20,60.03,Two-Year,Bank Transfer,Yes,0,9.9,1,1,No,4,South,0
CUST-01323,40,68.7,Monthly,Bank Transfer,No,1,7.4,3,0,Yes,2,South,0
CUST-01324,64,65.51,Monthly,PayPal,No,0,8.5,2,1,Yes,5,Northeast,0
CUST-01325,63,44.09,Annual,Credit Card,Yes,3,15.2,4,0,No,2,West,0
CUST-01326,14,27.81,Annual,Debit Card,Yes,2,5.0,3,1,No,5,South,0
CUST-01327,49,59.57,Monthly,PayPal,No,0,12.1,2,2,No,1,West,1
CUST-01328,7,61.83,Annual,Credit Card,Yes,1,8.8,2,2,Yes,4,West,0
CUST-01329,49,71.63,Monthly,Bank Transfer,Yes,0,9.0,3,1,No,4,West,0
CUST-01330,25,35.15,Monthly,Credit Card,Yes,1,4.4,1,2,No,5,Midwest,1
CUST-01331,33,35.68,Annual,Bank Transfer,No,4,6.8,1,0,No,4,West,0
CUST-01332,52,60.28,Monthly,Debit Card,Yes,1,6.0,1,1,No,2,South,0
CUST-01333,31,50.72,Monthly,Bank Transfer,Yes,3,8.8,2,1,No,1,Midwest,1
CUST-01334,59,18.06,Monthly,Bank Transfer,No,0,3.4,2,1,Yes,3,Midwest,0
CUST-01335,39,58.75,Monthly,Debit Card,No,0,1.9,1,1,No,4,South,0
CUST-01336,72,18.66,Monthly,PayPal,Yes,0,6.4,2,2,No,5,South,0
CUST-01337,46,34.99,Two-Year,Credit Card,Yes,2,15.3,2,1,No,3,Midwest,0
CUST-01338,22,76.33,Monthly,PayPal,Yes,1,11.5,3,0,No,3,Northeast,0
CUST-01339,56,84.85,Annual,PayPal,Yes,0,8.2,1,1,No,3,West,0
CUST-01340,30,30.12,Monthly,Credit Card,Yes,0,4.6,3,1,No,4,South,0
CUST-01341,39,46.07,Annual,Credit Card,Yes,0,1.2,3,0,No,2,Midwest,0
CUST-01342,10,52.77,Monthly,Debit Card,Yes,1,5.7,2,1,No,4,West,0
CUST-01343,9,84.06,Monthly,Credit Card,No,3,7.6,2,0,No,4,West,1
CUST-01344,42,43.13,Monthly,PayPal,Yes,1,4.0,1,2,No,4,Midwest,0
CUST-01345,14,43.42,Monthly,Credit Card,Yes,0,11.0,2,1,No,4,West,1
CUST-01346,72,79.88,Two-Year,Bank Transfer,No,2,10.9,3,0,No,3,Midwest,0
CUST-01347,62,45.25,Annual,Bank Transfer,Yes,1,6.4,1,2,No,5,South,0
CUST-01348,51,65.0,Annual,Bank Transfer,No,1,7.8,3,0,No,4,South,0
CUST-01349,53,25.41,Monthly,PayPal,Yes,2,7.8,1,0,Yes,5,Northeast,0
CUST-01350,43,48.92,Annual,Credit Card,Yes,1,10.5,3,0,Yes,4,Midwest,0
CUST-01351,5,22.13,Annual,PayPal,Yes,1,4.9,2,1,Yes,4,Northeast,0
CUST-01352,29,33.0,Annual,PayPal,Yes,3,29.3,1,1,No,5,South,0
CUST-01353,36,67.11,Annual,Bank Transfer,No,2,3.4,4,1,No,5,South,0
CUST-01354,66,51.1,Annual,Debit Card,Yes,0,4.9,2,3,Yes,2,Northeast,0
CUST-01355,16,46.26,Monthly,Credit Card,Yes,3,9.6,1,2,No,4,Midwest,1
CUST-01356,36,38.52,Two-Year,Bank Transfer,Yes,3,20.4,3,1,Yes,2,South,0
CUST-01357,25,48.03,Monthly,Bank Transfer,Yes,0,6.1,1,1,Yes,1,West,0
CUST-01358,10,57.42,Monthly,Credit Card,Yes,4,4.5,3,1,Yes,5,Northeast,1
CUST-01359,8,69.69,Two-Year,PayPal,Yes,4,7.2,1,0,No,5,South,0
CUST-01360,27,10.0,Monthly,Credit Card,Yes,0,12.3,2,0,No,4,South,0
CUST-01361,6,37.03,Monthly,PayPal,No,3,12.7,2,1,Yes,3,Midwest,0
CUST-01362,5,54.86,Monthly,Debit Card,No,1,11.5,2,1,Yes,4,Northeast,1
CUST-01363,26,50.22,Monthly,Debit Card,Yes,5,21.7,2,0,No,5,West,0
CUST-01364,15,59.26,Two-Year,Credit Card,No,2,12.7,2,0,No,5,Northeast,0
CUST-01365,40,56.82,Annual,Credit Card,Yes,1,14.2,2,1,Yes,5,South,0
CUST-01366,2,46.51,Monthly,Debit Card,Yes,0,15.0,1,1,No,4,South,0
CUST-01367,22,42.52,Two-Year,Credit Card,No,2,4.1,3,0,No,3,Northeast,0
CUST-01368,33,47.58,Annual,Debit Card,No,0,7.7,1,0,No,2,Midwest,0
CUST-01369,70,72.68,Two-Year,PayPal,Yes,2,5.0,3,0,No,1,Northeast,0
CUST-01370,46,38.82,Monthly,PayPal,No,2,5.3,2,0,No,3,Midwest,0
CUST-01371,64,50.87,Monthly,PayPal,No,2,6.7,3,0,Yes,1,South,0
CUST-01372,25,55.3,Monthly,Credit Card,Yes,0,10.3,1,1,No,4,Midwest,0
CUST-01373,33,80.09,Monthly,Credit Card,Yes,0,19.9,3,0,No,5,South,0
CUST-01374,31,46.59,Annual,Bank Transfer,No,5,12.1,2,1,Yes,5,West,0
CUST-01375,64,69.26,Monthly,Bank Transfer,No,1,10.8,4,2,Yes,2,South,0
CUST-01376,70,74.18,Monthly,Bank Transfer,No,2,6.8,1,2,No,2,South,1
CUST-01377,70,50.85,Annual,Bank Transfer,Yes,1,21.0,3,0,No,5,South,0
CUST-01378,55,48.21,Monthly,PayPal,No,3,3.2,2,0,No,5,Northeast,0
CUST-01379,37,46.08,Monthly,Bank Transfer,Yes,2,12.9,4,1,No,5,South,0
CUST-01380,39,47.4,Annual,Debit Card,No,3,2.0,2,2,Yes,5,South,0
CUST-01381,71,67.38,Two-Year,PayPal,No,1,9.2,1,0,Yes,2,Northeast,0
CUST-01382,21,56.16,Monthly,Bank Transfer,No,2,15.1,3,0,Yes,5,Midwest,0
CUST-01383,25,56.24,Two-Year,PayPal,Yes,1,8.6,1,0,No,3,South,0
CUST-01384,65,31.75,Annual,Debit Card,Yes,1,17.4,2,2,Yes,3,Northeast,0
CUST-01385,28,34.59,Annual,Debit Card,No,0,4.6,1,0,No,4,Midwest,0
CUST-01386,17,90.58,Monthly,Credit Card,Yes,2,1.1,4,1,No,5,South,0
CUST-01387,41,48.8,Annual,Debit Card,Yes,2,3.4,2,1,Yes,4,West,0
CUST-01388,24,38.05,Annual,PayPal,Yes,2,6.9,1,1,Yes,3,South,0
CUST-01389,65,77.76,Monthly,PayPal,No,1,10.3,3,1,No,5,South,0
CUST-01390,66,57.07,Two-Year,Credit Card,Yes,1,5.6,1,1,Yes,3,Midwest,0
CUST-01391,23,62.41,Two-Year,PayPal,No,1,9.2,1,1,No,5,South,0
CUST-01392,39,49.52,Monthly,Debit Card,Yes,1,11.6,3,0,No,5,West,0
CUST-01393,71,46.26,Annual,PayPal,No,3,4.8,1,0,No,2,South,0
CUST-01394,54,48.95,Monthly,Debit Card,Yes,0,4.9,1,2,Yes,4,Northeast,0
CUST-01395,16,27.11,Annual,Debit Card,Yes,2,2.9,2,0,No,2,South,1
CUST-01396,43,50.42,Annual,PayPal,Yes,1,17.4,1,0,No,4,Northeast,0
CUST-01397,45,57.33,Monthly,PayPal,Yes,0,17.6,4,3,Yes,4,South,0
CUST-01398,48,85.31,Monthly,PayPal,No,2,9.1,3,1,Yes,3,South,0
CUST-01399,2,53.55,Monthly,Debit Card,No,4,3.6,3,0,No,4,Midwest,0
CUST-01400,22,10.0,Two-Year,PayPal,No,1,19.3,3,1,No,3,South,0
CUST-01401,62,50.31,Monthly,Credit Card,No,2,4.9,3,0,No,4,Northeast,0
CUST-01402,18,101.31,Two-Year,Debit Card,No,2,3.0,1,2,Yes,4,South,0
CUST-01403,22,67.59,Monthly,PayPal,No,1,4.8,2,1,No,5,South,0
CUST-01404,24,37.4,Monthly,PayPal,No,0,4.4,3,0,Yes,4,South,0
CUST-01405,13,62.64,Two-Year,Bank Transfer,Yes,0,3.7,2,0,No,4,West,0
CUST-01406,12,38.64,Annual,Credit Card,Yes,4,5.6,4,1,No,3,Northeast,0
CUST-01407,25,27.63,Monthly,Bank Transfer,No,1,8.7,3,1,No,4,South,0
CUST-01408,63,45.73,Monthly,Credit Card,No,1,12.8,1,0,Yes,2,Northeast,0
CUST-01409,1,53.65,Monthly,PayPal,Yes,1,7.2,2,0,No,4,West,0
CUST-01410,21,18.3,Monthly,PayPal,Yes,1,7.3,1,2,Yes,3,Midwest,0
CUST-01411,5,31.32,Monthly,PayPal,No,3,7.1,3,1,Yes,5,South,0
CUST-01412,41,52.19,Annual,Bank Transfer,Yes,1,3.0,3,0,Yes,3,Midwest,0
CUST-01413,19,44.65,Monthly,PayPal,Yes,0,12.7,2,0,No,5,West,0
CUST-01414,58,59.11,Monthly,Credit Card,No,1,15.1,1,0,No,3,Northeast,0
CUST-01415,43,30.14,Monthly,Bank Transfer,Yes,0,18.8,1,3,No,4,South,0
CUST-01416,57,64.85,Monthly,Bank Transfer,Yes,1,6.6,1,1,Yes,3,South,1
CUST-01417,46,30.69,Two-Year,Debit Card,Yes,2,18.2,2,0,No,5,South,0
CUST-01418,32,81.57,Monthly,Credit Card,Yes,2,13.6,4,0,No,4,Northeast,0
CUST-01419,62,21.12,Monthly,Credit Card,Yes,2,3.9,1,0,No,3,Northeast,0
CUST-01420,35,32.33,Annual,Bank Transfer,Yes,0,4.9,2,0,No,2,South,0
CUST-01421,69,59.51,Two-Year,Bank Transfer,No,1,8.8,3,0,No,4,Midwest,0
CUST-01422,72,81.96,Annual,Bank Transfer,No,1,7.3,3,1,No,5,West,0
CUST-01423,43,57.67,Annual,Debit Card,Yes,0,3.4,1,1,Yes,5,Northeast,0
CUST-01424,49,62.13,Two-Year,Credit Card,Yes,0,8.8,1,0,No,4,West,0
CUST-01425,19,52.32,Annual,Debit Card,Yes,3,8.9,1,0,No,5,South,0
CUST-01426,59,33.52,Two-Year,Debit Card,Yes,2,13.5,1,1,Yes,4,Northeast,0
CUST-01427,49,43.18,Monthly,Credit Card,Yes,1,5.9,1,2,Yes,3,Midwest,0
CUST-01428,65,30.19,Annual,Credit Card,Yes,0,5.0,2,3,No,3,South,0
CUST-01429,20,28.98,Annual,Credit Card,Yes,2,2.9,2,1,No,4,South,0
CUST-01430,57,59.23,Two-Year,Credit Card,No,0,9.8,1,0,Yes,5,South,0
CUST-01431,34,31.78,Monthly,PayPal,Yes,4,9.1,2,0,Yes,4,South,0
CUST-01432,14,57.75,Annual,Debit Card,No,2,20.3,2,0,Yes,2,South,1
CUST-01433,13,28.57,Monthly,Debit Card,Yes,0,13.0,1,3,No,4,South,0
CUST-01434,41,57.33,Annual,PayPal,No,1,5.9,1,0,Yes,1,Northeast,0
CUST-01435,24,43.2,Monthly,Bank Transfer,Yes,4,8.4,1,0,No,5,South,0
CUST-01436,8,77.32,Annual,PayPal,No,3,3.4,2,1,No,2,West,1
CUST-01437,31,57.83,Annual,PayPal,No,0,6.5,2,1,Yes,5,South,0
CUST-01438,48,74.24,Monthly,PayPal,Yes,3,9.3,1,0,No,3,South,1
CUST-01439,23,38.4,Monthly,PayPal,Yes,2,20.8,1,0,Yes,4,Midwest,0
CUST-01440,69,53.01,Monthly,PayPal,No,2,4.4,1,0,No,4,South,0
CUST-01441,57,34.34,Annual,Debit Card,No,0,17.1,1,2,No,5,West,0
CUST-01442,37,44.56,Annual,PayPal,No,1,9.7,2,0,No,4,Northeast,0
CUST-01443,68,47.28,Annual,Debit Card,Yes,1,12.8,2,1,Yes,4,Northeast,0
CUST-01444,32,38.93,Monthly,Debit Card,Yes,0,8.3,2,0,No,3,Northeast,0
CUST-01445,11,30.12,Annual,Credit Card,Yes,1,5.3,2,1,No,2,West,0
CUST-01446,3,26.56,Annual,Debit Card,No,2,16.6,1,2,Yes,4,Northeast,1
CUST-01447,68,10.0,Monthly,Debit Card,Yes,1,6.2,1,0,No,3,West,0
CUST-01448,70,32.99,Monthly,PayPal,Yes,3,12.4,2,0,Yes,4,Northeast,0
CUST-01449,54,63.29,Monthly,Debit Card,No,4,3.6,2,1,No,5,South,0
CUST-01450,8,23.23,Monthly,Credit Card,Yes,1,4.2,3,2,No,3,South,1
CUST-01451,22,27.37,Monthly,Debit Card,No,0,2.0,2,0,No,1,West,0
CUST-01452,3,84.24,Monthly,Debit Card,Yes,1,7.7,2,0,Yes,4,Northeast,1
CUST-01453,4,40.54,Monthly,PayPal,No,0,9.7,3,0,Yes,3,Midwest,1
CUST-01454,18,57.78,Monthly,Debit Card,Yes,1,8.4,3,2,No,2,West,0
CUST-01455,42,63.56,Monthly,Credit Card,No,2,2.9,4,0,No,3,West,1
CUST-01456,5,63.93,Annual,Credit Card,Yes,0,4.3,1,0,No,3,West,0
CUST-01457,71,24.6,Monthly,Debit Card,Yes,0,12.7,1,0,Yes,3,West,0
CUST-01458,33,47.84,Monthly,Credit Card,Yes,1,5.8,2,2,No,3,South,0
CUST-01459,19,22.87,Annual,Debit Card,No,2,8.7,2,1,Yes,1,Northeast,0
CUST-01460,38,96.03,Monthly,PayPal,Yes,0,5.6,1,2,No,5,South,0
CUST-01461,57,23.29,Monthly,Bank Transfer,Yes,1,11.8,2,2,Yes,4,Northeast,0
CUST-01462,23,33.14,Monthly,PayPal,No,2,5.6,2,1,No,2,West,0
CUST-01463,4,33.27,Monthly,Credit Card,Yes,1,7.3,2,0,No,4,South,1
CUST-01464,4,25.06,Annual,Debit Card,Yes,2,14.6,1,2,Yes,4,South,0
CUST-01465,62,76.35,Monthly,PayPal,Yes,0,8.5,2,0,No,4,West,0
CUST-01466,9,95.6,Monthly,Credit Card,Yes,2,4.6,2,0,No,4,South,1
CUST-01467,46,43.44,Monthly,Bank Transfer,Yes,1,10.8,1,0,Yes,5,South,0
CUST-01468,28,28.23,Two-Year,Debit Card,Yes,1,2.9,1,1,Yes,5,South,0
CUST-01469,56,11.74,Monthly,Credit Card,Yes,1,4.5,2,0,Yes,1,West,0
CUST-01470,5,47.61,Monthly,Credit Card,Yes,1,3.0,3,1,Yes,4,South,0
CUST-01471,65,46.31,Monthly,Bank Transfer,No,2,12.0,1,2,No,4,South,1
CUST-01472,51,40.28,Annual,Bank Transfer,No,1,10.3,1,0,Yes,1,Northeast,0
CUST-01473,33,55.98,Annual,Bank Transfer,Yes,1,11.3,1,1,No,5,South,0
CUST-01474,15,59.11,Annual,Debit Card,Yes,0,9.4,1,1,Yes,5,Midwest,0
CUST-01475,71,57.82,Monthly,PayPal,No,2,16.4,2,0,No,4,South,0
CUST-01476,22,46.31,Monthly,Credit Card,Yes,3,9.3,1,1,Yes,3,Midwest,0
CUST-01477,36,32.17,Annual,Debit Card,No,2,5.8,2,2,No,1,South,1
CUST-01478,29,63.98,Monthly,PayPal,Yes,1,4.7,3,0,No,3,Northeast,0
CUST-01479,17,52.23,Two-Year,Bank Transfer,Yes,1,9.2,1,2,No,4,Northeast,0
CUST-01480,30,67.99,Monthly,Debit Card,Yes,0,15.6,2,0,No,3,Northeast,0
CUST-01481,11,66.22,Monthly,Debit Card,No,2,3.5,3,1,Yes,4,South,0
CUST-01482,1,26.41,Monthly,Credit Card,Yes,2,11.1,2,3,No,5,West,0
CUST-01483,21,26.18,Monthly,Debit Card,Yes,0,7.3,1,1,Yes,3,South,0
CUST-01484,9,38.4,Annual,Credit Card,Yes,1,14.3,1,0,Yes,5,Midwest,0
CUST-01485,30,32.99,Monthly,Bank Transfer,No,0,2.6,3,1,No,4,West,0
CUST-01486,63,65.59,Annual,Credit Card,Yes,2,20.3,3,2,Yes,3,South,0
CUST-01487,12,58.32,Annual,PayPal,No,3,7.3,1,0,Yes,2,West,0
CUST-01488,1,71.79,Annual,Credit Card,Yes,1,2.2,2,0,Yes,1,South,0
CUST-01489,8,59.14,Annual,Debit Card,Yes,0,3.4,1,0,No,4,South,0
CUST-01490,37,55.76,Two-Year,Credit Card,Yes,2,21.9,1,2,No,4,South,0
CUST-01491,20,73.6,Two-Year,Debit Card,No,0,11.1,3,2,Yes,5,Northeast,0
CUST-01492,36,60.46,Monthly,Debit Card,Yes,2,6.8,2,0,No,3,South,0
CUST-01493,3,53.23,Annual,PayPal,Yes,1,24.7,1,0,No,4,Midwest,0
CUST-01494,24,78.65,Two-Year,Bank Transfer,No,1,9.1,2,2,No,4,Northeast,0
CUST-01495,30,54.07,Monthly,Debit Card,Yes,2,13.8,3,1,No,3,Midwest,0
CUST-01496,32,46.52,Annual,PayPal,Yes,2,4.2,3,0,Yes,2,South,0
CUST-01497,40,36.92,Monthly,Bank Transfer,Yes,3,6.6,2,0,Yes,4,South,0
CUST-01498,57,64.65,Annual,Credit Card,No,3,9.0,3,1,No,5,South,0
CUST-01499,34,74.27,Monthly,Bank Transfer,Yes,1,6.1,3,1,No,5,West,0
CUST-01500,61,51.09,Annual,Bank Transfer,No,0,20.9,4,0,No,5,West,0
CUST-01501,39,75.54,Monthly,Bank Transfer,No,1,16.3,2,1,No,2,South,0
CUST-01502,19,16.54,Annual,PayPal,Yes,4,10.9,2,1,No,4,South,1
CUST-01503,17,51.0,Monthly,PayPal,Yes,1,3.4,3,0,No,3,South,0
CUST-01504,24,51.28,Annual,Debit Card,No,2,7.0,1,1,No,3,Midwest,1
CUST-01505,44,38.91,Monthly,PayPal,No,0,4.8,2,0,Yes,3,South,0
CUST-01506,18,94.91,Annual,Bank Transfer,No,0,11.1,3,0,No,4,South,0
CUST-01507,66,50.81,Monthly,Credit Card,Yes,1,6.1,4,1,Yes,5,Northeast,0
CUST-01508,35,44.66,Monthly,PayPal,No,1,2.2,2,0,No,4,Northeast,0
CUST-01509,63,52.47,Monthly,Debit Card,No,0,10.0,2,1,No,4,Northeast,0
CUST-01510,50,15.95,Two-Year,Credit Card,No,2,5.9,3,0,No,3,Northeast,0
CUST-01511,25,38.32,Monthly,PayPal,Yes,0,17.6,2,0,No,4,South,0
CUST-01512,17,69.7,Annual,PayPal,No,1,3.8,2,0,Yes,2,South,0
CUST-01513,54,40.68,Monthly,PayPal,No,2,5.0,1,1,Yes,1,Northeast,0
CUST-01514,24,37.08,Annual,Bank Transfer,No,1,6.8,1,0,No,4,West,0
CUST-01515,18,75.57,Monthly,Debit Card,No,0,10.3,1,0,Yes,5,Northeast,0
CUST-01516,67,76.12,Monthly,Bank Transfer,No,1,14.6,2,0,No,5,West,0
CUST-01517,35,61.31,Monthly,PayPal,Yes,0,6.6,3,0,Yes,5,Midwest,0
CUST-01518,4,43.81,Monthly,PayPal,Yes,5,9.1,1,0,No,3,Midwest,1
CUST-01519,36,47.69,Monthly,Credit Card,Yes,2,2.7,1,0,Yes,4,Northeast,0
CUST-01520,34,37.53,Monthly,Debit Card,No,3,5.0,2,1,No,5,West,0
CUST-01521,63,34.09,Monthly,Bank Transfer,Yes,2,6.2,1,0,No,1,Northeast,0
CUST-01522,52,33.2,Two-Year,Credit Card,No,2,6.8,3,1,No,4,Northeast,0
CUST-01523,14,40.88,Monthly,Debit Card,No,1,11.8,1,0,No,3,Northeast,0
CUST-01524,11,33.38,Two-Year,PayPal,No,1,22.6,3,0,Yes,5,South,0
CUST-01525,44,23.85,Monthly,PayPal,No,1,5.2,1,0,Yes,4,Northeast,0
CUST-01526,4,55.95,Monthly,Bank Transfer,No,2,11.0,4,0,Yes,5,West,1
CUST-01527,23,56.22,Monthly,PayPal,Yes,2,16.2,2,0,No,1,South,1
CUST-01528,10,82.61,Monthly,Bank Transfer,Yes,3,15.8,4,0,Yes,3,West,1
CUST-01529,2,39.97,Monthly,Debit Card,Yes,3,4.4,2,0,No,4,Midwest,0
CUST-01530,67,57.33,Annual,PayPal,No,1,15.2,2,0,Yes,3,Northeast,0
CUST-01531,7,57.63,Annual,Bank Transfer,Yes,1,3.5,1,2,No,5,South,0
CUST-01532,1,47.43,Annual,PayPal,Yes,2,3.5,2,0,Yes,4,Northeast,0
CUST-01533,68,65.4,Monthly,Credit Card,No,2,8.4,1,1,No,4,West,0
CUST-01534,14,65.95,Monthly,Debit Card,Yes,2,6.2,3,0,No,2,Midwest,1
CUST-01535,59,57.89,Annual,PayPal,No,0,18.4,2,2,No,5,South,0
CUST-01536,3,47.4,Monthly,PayPal,Yes,4,2.2,2,0,No,5,Midwest,1
CUST-01537,12,45.56,Monthly,Debit Card,No,0,8.5,1,0,Yes,5,Midwest,0
CUST-01538,8,27.38,Monthly,PayPal,Yes,1,14.0,1,1,No,4,West,0
CUST-01539,51,37.49,Monthly,Bank Transfer,No,1,2.0,2,1,Yes,4,Midwest,1
CUST-01540,45,40.8,Annual,Credit Card,No,1,6.4,2,0,No,4,Midwest,0
CUST-01541,35,31.77,Monthly,PayPal,Yes,0,13.7,2,1,No,1,South,0
CUST-01542,18,59.92,Monthly,PayPal,Yes,1,8.0,4,1,No,5,Northeast,0
CUST-01543,7,73.54,Two-Year,Credit Card,No,0,8.0,1,1,No,3,South,0
CUST-01544,41,35.65,Two-Year,Debit Card,Yes,2,14.6,2,1,No,3,Midwest,0
CUST-01545,17,57.1,Monthly,Debit Card,No,1,10.6,1,2,Yes,5,West,0
CUST-01546,43,33.39,Monthly,PayPal,Yes,1,5.1,2,2,No,4,Midwest,0
CUST-01547,50,46.51,Annual,Debit Card,No,3,20.2,2,2,No,4,West,0
CUST-01548,62,39.57,Monthly,Credit Card,Yes,2,7.3,2,0,No,3,Midwest,0
CUST-01549,36,62.83,Monthly,Debit Card,No,1,3.4,3,0,No,5,Midwest,0
CUST-01550,1,39.78,Monthly,Bank Transfer,Yes,0,8.2,1,2,No,4,Northeast,0
CUST-01551,21,70.21,Monthly,PayPal,Yes,0,7.7,1,2,Yes,4,Midwest,0
CUST-01552,62,47.58,Two-Year,Credit Card,Yes,1,10.3,1,1,No,2,Northeast,0
CUST-01553,39,40.31,Annual,Bank Transfer,No,0,11.4,2,0,No,3,South,0
CUST-01554,45,29.44,Two-Year,Credit Card,No,2,2.8,1,0,Yes,3,Midwest,0
CUST-01555,33,56.56,Annual,Debit Card,No,1,6.9,2,0,No,3,Midwest,0
CUST-01556,12,68.11,Annual,Debit Card,No,2,10.6,2,0,Yes,4,West,1
CUST-01557,65,56.92,Annual,PayPal,No,2,8.1,2,2,No,5,South,0
CUST-01558,56,92.3,Annual,Bank Transfer,Yes,3,5.8,1,1,No,3,South,0
CUST-01559,72,77.74,Monthly,Credit Card,No,1,12.5,3,0,Yes,3,South,0
CUST-01560,62,46.46,Monthly,PayPal,Yes,1,12.4,4,0,Yes,5,South,0
CUST-01561,21,46.28,Monthly,PayPal,Yes,3,0.3,1,0,No,5,South,0
CUST-01562,19,60.45,Monthly,Bank Transfer,No,1,9.2,3,1,Yes,4,Northeast,1
CUST-01563,18,36.92,Monthly,Bank Transfer,No,1,10.3,3,0,Yes,4,West,0
CUST-01564,67,72.99,Monthly,PayPal,Yes,1,6.9,1,0,No,2,Northeast,0
CUST-01565,41,58.51,Annual,Credit Card,Yes,2,8.7,2,1,No,4,West,0
CUST-01566,33,56.62,Monthly,Credit Card,No,0,7.2,1,2,No,5,South,0
CUST-01567,70,64.37,Monthly,Bank Transfer,No,1,10.1,3,0,No,4,Midwest,1
CUST-01568,44,83.01,Monthly,PayPal,Yes,1,5.9,3,2,No,5,Midwest,0
CUST-01569,66,55.08,Monthly,Debit Card,No,1,6.1,2,0,No,4,South,0
CUST-01570,71,49.97,Two-Year,Bank Transfer,Yes,0,7.3,2,0,Yes,1,South,0
CUST-01571,6,79.16,Monthly,Bank Transfer,Yes,1,10.2,2,2,No,1,Midwest,1
CUST-01572,27,69.42,Monthly,PayPal,No,3,11.0,2,0,No,2,Northeast,0
CUST-01573,53,46.22,Monthly,Bank Transfer,Yes,0,17.0,2,0,Yes,5,Northeast,0
CUST-01574,59,52.09,Annual,Credit Card,No,1,3.7,2,1,Yes,5,Midwest,0
CUST-01575,11,55.52,Annual,PayPal,Yes,0,1.8,3,0,No,1,South,1
CUST-01576,23,58.51,Monthly,Bank Transfer,No,1,12.5,2,1,Yes,3,West,0
CUST-01577,40,27.58,Monthly,Credit Card,Yes,2,8.3,1,1,No,5,South,0
CUST-01578,58,24.24,Annual,Credit Card,No,2,2.1,1,1,No,4,South,0
CUST-01579,9,36.03,Two-Year,PayPal,No,0,7.2,2,0,Yes,5,Midwest,0
CUST-01580,44,34.63,Monthly,Debit Card,Yes,1,14.5,2,2,No,2,Midwest,1
CUST-01581,22,40.41,Monthly,Credit Card,No,3,5.9,2,1,No,2,South,1
CUST-01582,16,63.42,Monthly,Credit Card,Yes,0,9.1,2,1,No,3,Northeast,0
CUST-01583,38,48.96,Monthly,Debit Card,Yes,0,5.1,3,0,No,4,Northeast,0
CUST-01584,30,55.54,Annual,Debit Card,No,2,4.0,3,0,No,5,Northeast,0
CUST-01585,46,29.96,Two-Year,Bank Transfer,No,0,13.3,2,2,Yes,5,South,0
CUST-01586,23,43.69,Two-Year,PayPal,No,2,5.5,2,1,No,3,South,0
CUST-01587,60,62.57,Annual,PayPal,No,2,6.7,2,0,Yes,3,Northeast,0
CUST-01588,6,62.71,Monthly,Credit Card,Yes,5,8.2,2,0,No,5,Midwest,1
CUST-01589,63,38.96,Two-Year,Debit Card,Yes,2,5.1,1,0,No,4,South,0
CUST-01590,3,54.91,Monthly,Credit Card,Yes,3,27.8,2,1,No,4,South,0
CUST-01591,53,91.58,Monthly,Bank Transfer,Yes,3,12.3,2,1,Yes,3,West,1
CUST-01592,25,51.68,Annual,Bank Transfer,No,0,3.1,2,0,No,4,South,0
CUST-01593,28,39.52,Monthly,Debit Card,Yes,0,1.8,3,0,Yes,2,Northeast,0
CUST-01594,2,48.87,Annual,Bank Transfer,Yes,0,13.9,1,1,No,3,South,0
CUST-01595,51,53.66,Two-Year,Credit Card,Yes,0,9.3,1,0,No,4,Northeast,0
CUST-01596,12,49.28,Annual,Debit Card,Yes,1,9.9,3,0,No,4,Northeast,0
CUST-01597,48,51.44,Annual,PayPal,No,2,7.3,1,1,No,2,West,0
CUST-01598,53,26.02,Monthly,Debit Card,Yes,1,6.6,1,1,Yes,3,Northeast,0
CUST-01599,61,34.67,Monthly,Bank Transfer,No,2,13.9,2,0,No,3,South,0
CUST-01600,51,49.31,Annual,Credit Card,No,1,3.9,1,1,Yes,3,Northeast,0
CUST-01601,22,49.03,Annual,PayPal,Yes,1,15.7,2,0,No,2,Northeast,0
CUST-01602,54,41.81,Two-Year,Credit Card,No,1,8.6,1,1,No,4,South,0
CUST-01603,60,48.81,Monthly,Credit Card,No,1,3.0,4,0,No,3,West,1
CUST-01604,23,53.1,Monthly,Debit Card,Yes,0,2.5,1,0,No,4,Northeast,0
CUST-01605,9,68.01,Monthly,Bank Transfer,No,1,5.2,1,1,Yes,4,Midwest,0
CUST-01606,65,50.21,Annual,PayPal,Yes,3,5.7,2,3,No,5,Northeast,0
CUST-01607,11,59.18,Annual,PayPal,Yes,2,2.5,1,2,No,4,Midwest,0
CUST-01608,43,42.25,Two-Year,Credit Card,No,2,10.6,1,1,No,5,West,0
CUST-01609,18,62.3,Monthly,Credit Card,No,2,11.6,1,0,No,5,South,0
CUST-01610,10,58.76,Monthly,Credit Card,No,6,11.2,1,1,No,3,South,1
CUST-01611,56,67.58,Monthly,PayPal,No,3,13.1,3,0,No,2,South,0
CUST-01612,11,64.84,Monthly,Credit Card,No,3,6.0,3,0,No,3,Northeast,1
CUST-01613,49,62.6,Monthly,Debit Card,No,3,9.7,2,1,No,4,Northeast,0
CUST-01614,50,50.23,Annual,PayPal,Yes,3,13.1,2,3,No,3,Northeast,0
CUST-01615,5,56.41,Monthly,PayPal,Yes,2,10.7,2,0,Yes,2,South,0
CUST-01616,13,71.14,Monthly,Debit Card,Yes,2,9.2,1,2,Yes,2,Northeast,1
CUST-01617,58,40.26,Annual,Credit Card,No,2,16.0,2,1,No,3,South,0
CUST-01618,37,40.69,Annual,Debit Card,Yes,0,6.4,4,1,No,2,Northeast,0
CUST-01619,9,55.27,Monthly,PayPal,Yes,1,6.4,1,0,No,5,Midwest,0
CUST-01620,72,59.48,Monthly,Credit Card,Yes,0,8.6,1,1,No,1,Northeast,0
CUST-01621,20,37.17,Annual,PayPal,Yes,2,8.6,1,0,Yes,3,Northeast,0
CUST-01622,1,50.65,Annual,Credit Card,Yes,2,8.4,2,2,Yes,5,South,0
CUST-01623,67,50.31,Annual,Bank Transfer,Yes,1,2.7,3,0,Yes,5,Midwest,0
CUST-01624,2,12.12,Monthly,Bank Transfer,Yes,3,14.1,1,0,No,5,Northeast,1
CUST-01625,40,48.05,Monthly,Credit Card,Yes,3,9.7,1,0,Yes,5,West,1
CUST-01626,72,49.17,Two-Year,Debit Card,Yes,2,1.1,1,0,No,3,Midwest,0
CUST-01627,42,49.11,Monthly,Debit Card,No,0,2.0,3,0,No,2,South,0
CUST-01628,43,77.49,Monthly,Bank Transfer,Yes,2,15.9,2,0,No,5,Northeast,0
CUST-01629,28,30.12,Two-Year,Debit Card,Yes,1,5.7,1,0,No,3,West,1
CUST-01630,10,37.16,Monthly,PayPal,Yes,4,8.2,1,0,No,2,Northeast,0
CUST-01631,42,10.0,Annual,Credit Card,No,1,4.1,1,1,Yes,5,Midwest,0
CUST-01632,65,43.34,Annual,Credit Card,Yes,0,28.9,4,0,No,1,Midwest,0
CUST-01633,7,44.88,Monthly,PayPal,Yes,1,7.5,2,0,No,3,South,0
CUST-01634,64,42.82,Annual,PayPal,No,2,5.8,1,1,No,4,Midwest,0
CUST-01635,30,71.94,Monthly,Bank Transfer,No,2,13.5,3,1,No,3,South,0
CUST-01636,39,67.49,Annual,Bank Transfer,Yes,0,3.7,4,0,No,1,Midwest,0
CUST-01637,12,53.4,Two-Year,PayPal,No,4,14.5,1,1,No,4,West,0
CUST-01638,45,45.33,Two-Year,Debit Card,Yes,0,7.1,1,1,Yes,3,West,0
CUST-01639,14,70.47,Monthly,Bank Transfer,Yes,1,12.0,4,1,Yes,5,Northeast,0
CUST-01640,20,51.64,Annual,PayPal,Yes,1,9.3,1,1,Yes,1,West,1
CUST-01641,52,37.27,Two-Year,Bank Transfer,No,1,6.8,1,0,No,3,Midwest,0
CUST-01642,4,21.11,Annual,Bank Transfer,Yes,3,2.7,2,1,No,5,South,0
CUST-01643,33,44.06,Annual,Debit Card,Yes,2,8.6,3,0,No,1,South,1
CUST-01644,43,65.58,Monthly,PayPal,Yes,2,4.7,1,0,No,5,South,0
CUST-01645,10,92.98,Annual,PayPal,Yes,0,8.4,1,4,No,5,West,0
CUST-01646,22,53.11,Monthly,Credit Card,Yes,2,12.8,2,0,No,2,Midwest,1
CUST-01647,25,38.22,Monthly,PayPal,Yes,0,10.7,3,1,Yes,4,West,0
CUST-01648,48,30.67,Two-Year,Debit Card,Yes,0,0.9,1,0,Yes,2,West,0
CUST-01649,71,61.94,Two-Year,Debit Card,Yes,1,6.4,1,1,No,5,West,0
CUST-01650,61,20.24,Two-Year,Credit Card,Yes,6,5.3,2,1,No,5,West,0
CUST-01651,14,61.91,Monthly,PayPal,No,2,5.7,1,1,Yes,3,Northeast,1
CUST-01652,2,66.72,Monthly,PayPal,Yes,0,8.9,2,0,Yes,5,South,0
CUST-01653,4,59.85,Monthly,Debit Card,Yes,3,5.9,1,1,Yes,3,South,1
CUST-01654,43,48.05,Monthly,Credit Card,No,3,4.7,3,0,No,4,Midwest,0
CUST-01655,12,62.17,Two-Year,PayPal,No,1,3.3,1,1,Yes,3,South,0
CUST-01656,17,55.08,Annual,Credit Card,Yes,1,6.2,1,0,No,1,West,0
CUST-01657,62,37.99,Monthly,Debit Card,Yes,1,12.2,1,0,Yes,3,Midwest,0
CUST-01658,63,85.31,Monthly,Debit Card,Yes,3,12.6,1,3,Yes,4,South,0
CUST-01659,61,45.67,Monthly,Bank Transfer,Yes,2,9.4,2,0,No,2,West,0
CUST-01660,19,65.96,Annual,Debit Card,No,1,1.7,2,0,No,4,West,0
CUST-01661,45,10.0,Annual,PayPal,No,2,8.9,3,0,Yes,5,Northeast,0
CUST-01662,44,74.98,Monthly,Bank Transfer,Yes,2,17.0,2,1,No,5,South,0
CUST-01663,14,78.44,Monthly,Debit Card,Yes,2,3.5,2,1,No,3,West,0
CUST-01664,40,52.54,Monthly,Bank Transfer,Yes,3,6.0,3,0,No,3,Midwest,1
CUST-01665,38,62.06,Monthly,Credit Card,Yes,3,12.3,1,0,No,5,Northeast,0
CUST-01666,29,62.05,Two-Year,Debit Card,Yes,1,1.9,2,0,Yes,4,Northeast,0
CUST-01667,55,40.43,Annual,Credit Card,Yes,1,6.1,2,0,Yes,3,Midwest,1
CUST-01668,49,61.85,Monthly,PayPal,No,2,19.1,1,1,No,3,West,0
CUST-01669,39,37.44,Annual,Bank Transfer,No,3,17.9,2,2,No,5,West,0
CUST-01670,53,41.04,Monthly,PayPal,No,2,18.0,4,0,No,4,South,0
CUST-01671,55,72.28,Monthly,PayPal,No,3,6.2,1,1,No,3,West,0
CUST-01672,41,69.54,Annual,Credit Card,No,0,15.8,2,1,Yes,5,West,0
CUST-01673,20,39.29,Monthly,Bank Transfer,No,1,9.1,2,0,No,4,Midwest,1
CUST-01674,55,38.8,Monthly,Debit Card,Yes,0,4.5,2,1,No,5,Midwest,0
CUST-01675,52,40.38,Annual,Credit Card,Yes,0,5.4,1,0,No,3,South,0
CUST-01676,71,65.19,Two-Year,Bank Transfer,Yes,2,10.2,1,3,No,5,Northeast,0
CUST-01677,11,34.0,Monthly,Debit Card,No,1,1.7,1,1,No,5,Northeast,0
CUST-01678,31,58.42,Annual,Debit Card,No,0,7.2,3,0,No,4,Northeast,0
CUST-01679,67,65.44,Monthly,Credit Card,Yes,1,8.5,1,0,No,5,Northeast,0
CUST-01680,38,50.41,Annual,Credit Card,No,3,11.3,2,2,No,3,Midwest,0
CUST-01681,68,70.18,Monthly,PayPal,No,3,2.2,1,1,No,4,Northeast,0
CUST-01682,1,46.52,Annual,Debit Card,No,0,7.3,1,0,Yes,4,West,1
CUST-01683,3,48.15,Monthly,Bank Transfer,Yes,0,13.2,2,1,No,5,West,0
CUST-01684,58,34.41,Two-Year,Credit Card,Yes,2,22.0,2,1,No,4,South,0
CUST-01685,26,70.31,Two-Year,PayPal,Yes,0,4.5,2,0,No,5,West,0
CUST-01686,38,38.2,Monthly,PayPal,Yes,2,15.8,2,0,Yes,4,South,0
CUST-01687,31,58.3,Annual,PayPal,No,3,12.8,2,1,No,4,West,0
CUST-01688,30,50.72,Monthly,Debit Card,Yes,1,17.2,1,3,No,3,Midwest,0
CUST-01689,68,33.05,Annual,PayPal,Yes,5,1.8,1,0,No,5,Northeast,1
CUST-01690,7,41.04,Monthly,PayPal,Yes,0,11.7,1,0,No,4,Midwest,0
CUST-01691,56,76.89,Monthly,Bank Transfer,No,1,15.6,2,0,Yes,5,Midwest,0
CUST-01692,65,55.63,Annual,Debit Card,Yes,2,7.9,1,0,No,5,West,0
CUST-01693,48,33.84,Monthly,Debit Card,No,0,6.5,2,0,No,4,Midwest,0
CUST-01694,29,57.5,Monthly,PayPal,Yes,1,8.5,1,3,No,1,Midwest,0
CUST-01695,12,49.37,Monthly,Credit Card,No,0,14.9,2,1,No,4,Midwest,0
CUST-01696,50,114.17,Monthly,Credit Card,Yes,1,4.7,1,1,No,4,West,0
CUST-01697,34,57.13,Monthly,Bank Transfer,Yes,4,4.5,4,0,No,1,West,1
CUST-01698,11,45.15,Annual,Credit Card,No,3,1.3,3,0,Yes,2,Midwest,0
CUST-01699,26,77.56,Annual,Credit Card,No,0,7.4,4,0,Yes,5,Northeast,0
CUST-01700,70,18.86,Monthly,PayPal,No,0,3.0,2,0,Yes,3,West,0
CUST-01701,20,53.7,Monthly,Credit Card,No,1,7.5,4,0,No,5,West,0
CUST-01702,13,87.9,Annual,Credit Card,Yes,1,4.1,1,0,No,3,South,0
CUST-01703,50,49.91,Annual,Credit Card,No,0,5.6,2,1,Yes,5,West,0
CUST-01704,15,20.8,Annual,Credit Card,Yes,2,6.1,2,0,No,4,South,0
CUST-01705,67,44.87,Monthly,Debit Card,No,1,8.8,2,2,No,4,South,0
CUST-01706,62,78.18,Monthly,PayPal,No,3,9.2,1,1,Yes,4,West,0
CUST-01707,71,58.77,Annual,Debit Card,No,1,6.8,2,2,No,4,South,0
CUST-01708,66,36.9,Monthly,Debit Card,No,3,5.9,4,0,No,4,Midwest,1
CUST-01709,18,39.67,Monthly,PayPal,No,2,5.5,2,1,Yes,2,West,0
CUST-01710,16,41.93,Monthly,Credit Card,Yes,1,2.4,1,1,No,4,West,1
CUST-01711,25,58.5,Annual,Debit Card,Yes,1,14.9,1,0,No,5,Midwest,0
CUST-01712,34,76.09,Monthly,Debit Card,No,6,4.5,1,1,Yes,5,South,1
CUST-01713,64,70.94,Annual,Debit Card,No,1,8.0,3,0,No,5,West,0
CUST-01714,53,60.21,Annual,Debit Card,Yes,1,3.4,2,0,No,5,Northeast,0
CUST-01715,47,28.03,Monthly,Credit Card,No,1,11.5,1,0,No,5,Midwest,0
CUST-01716,64,28.1,Annual,Bank Transfer,Yes,1,8.2,3,0,Yes,5,Midwest,0
CUST-01717,47,61.6,Annual,Bank Transfer,No,1,9.6,2,1,No,5,West,0
CUST-01718,28,27.78,Monthly,Bank Transfer,No,3,3.3,3,0,No,2,South,1
CUST-01719,30,47.94,Annual,Credit Card,Yes,1,9.9,3,1,Yes,4,Midwest,0
CUST-01720,38,57.47,Monthly,PayPal,Yes,1,1.9,2,2,Yes,1,South,1
CUST-01721,7,31.52,Monthly,PayPal,No,2,5.1,4,2,No,2,Midwest,1
CUST-01722,54,33.56,Annual,Credit Card,Yes,2,27.7,3,1,No,4,Midwest,0
CUST-01723,47,50.31,Annual,Bank Transfer,No,3,3.6,1,3,Yes,5,Northeast,0
CUST-01724,53,61.07,Monthly,PayPal,Yes,1,8.1,1,1,Yes,1,Midwest,0
CUST-01725,39,71.11,Two-Year,Credit Card,Yes,1,15.5,4,1,No,4,Northeast,0
CUST-01726,57,62.93,Annual,Bank Transfer,Yes,3,10.9,2,0,No,4,West,0
CUST-01727,69,53.33,Annual,Credit Card,No,1,17.3,2,1,Yes,5,Northeast,0
CUST-01728,42,38.57,Monthly,Debit Card,Yes,1,8.3,3,1,No,4,West,0
CUST-01729,32,32.72,Monthly,Credit Card,No,0,11.7,2,1,Yes,4,South,0
CUST-01730,8,42.8,Monthly,Credit Card,No,2,13.8,1,1,Yes,3,South,0
CUST-01731,57,59.38,Annual,Bank Transfer,No,2,13.7,1,1,No,3,Midwest,1
CUST-01732,66,58.06,Monthly,PayPal,Yes,2,3.2,3,2,No,4,South,0
CUST-01733,51,14.2,Annual,Credit Card,Yes,3,4.5,3,1,Yes,4,Midwest,0
CUST-01734,63,37.86,Monthly,PayPal,No,0,12.9,3,1,No,3,Midwest,0
CUST-01735,63,73.68,Annual,Bank Transfer,Yes,1,17.4,3,0,No,4,South,0
CUST-01736,58,53.43,Annual,Bank Transfer,No,3,4.3,1,0,No,4,Midwest,0
CUST-01737,37,26.49,Annual,Bank Transfer,No,1,4.7,2,1,Yes,1,South,0
CUST-01738,8,94.4,Annual,Bank Transfer,No,1,10.8,1,0,No,3,Midwest,0
CUST-01739,1,51.48,Two-Year,PayPal,No,3,5.9,1,0,No,2,Midwest,0
CUST-01740,15,58.92,Monthly,Debit Card,No,2,13.3,3,0,No,5,Midwest,0
CUST-01741,32,59.19,Annual,Bank Transfer,No,4,11.3,1,3,No,5,Northeast,0
CUST-01742,54,45.38,Two-Year,Credit Card,No,1,14.4,2,0,No,2,Midwest,0
CUST-01743,33,38.9,Annual,Credit Card,Yes,2,6.5,3,0,No,4,South,0
CUST-01744,2,90.19,Monthly,Debit Card,Yes,2,5.7,3,2,Yes,3,Northeast,0
CUST-01745,16,70.06,Two-Year,Credit Card,Yes,2,4.7,1,0,No,4,Northeast,0
CUST-01746,71,66.79,Monthly,PayPal,No,0,17.2,1,0,Yes,3,Northeast,0
CUST-01747,72,62.37,Monthly,Bank Transfer,No,3,3.3,2,2,Yes,4,West,0
CUST-01748,28,33.94,Monthly,Debit Card,No,0,3.0,2,2,Yes,4,Midwest,0
CUST-01749,58,75.0,Monthly,PayPal,Yes,1,8.4,3,0,Yes,3,Northeast,0
CUST-01750,52,36.82,Monthly,Debit Card,No,2,5.7,2,0,Yes,1,West,0
CUST-01751,68,57.1,Monthly,PayPal,Yes,4,13.8,1,1,Yes,4,Midwest,0
CUST-01752,64,22.49,Two-Year,Credit Card,No,3,2.8,2,3,No,2,South,0
CUST-01753,46,15.26,Monthly,Credit Card,Yes,2,6.9,2,0,No,5,West,0
CUST-01754,29,57.73,Monthly,PayPal,No,1,2.1,3,1,No,3,Midwest,0
CUST-01755,46,37.44,Two-Year,Debit Card,No,1,6.2,1,0,No,1,South,1
CUST-01756,23,16.19,Annual,Debit Card,Yes,1,8.3,2,0,No,4,Midwest,0
CUST-01757,26,61.73,Monthly,Debit Card,Yes,1,7.5,2,0,Yes,3,Northeast,0
CUST-01758,44,90.16,Monthly,Credit Card,Yes,1,7.2,2,1,No,4,South,0
CUST-01759,42,77.01,Annual,PayPal,Yes,2,11.4,1,2,Yes,4,South,0
CUST-01760,42,47.37,Annual,Debit Card,Yes,1,4.1,2,0,No,4,Northeast,0
CUST-01761,28,52.16,Monthly,Debit Card,Yes,1,9.7,2,0,No,3,South,0
CUST-01762,30,67.98,Monthly,Bank Transfer,Yes,2,7.1,1,0,Yes,5,South,0
CUST-01763,1,72.2,Annual,PayPal,Yes,1,6.3,1,1,No,1,Northeast,0
CUST-01764,44,45.82,Annual,Credit Card,No,2,10.4,1,0,No,4,West,0
CUST-01765,42,52.62,Annual,PayPal,Yes,0,8.7,1,0,Yes,5,Northeast,0
CUST-01766,68,57.41,Annual,Credit Card,Yes,0,10.1,2,0,No,3,West,0
CUST-01767,37,61.97,Annual,Credit Card,No,3,21.3,1,1,Yes,5,Midwest,0
CUST-01768,34,49.6,Annual,PayPal,Yes,1,7.0,1,1,Yes,4,Northeast,0
CUST-01769,5,49.84,Annual,Credit Card,No,0,3.1,4,1,No,3,South,0
CUST-01770,15,76.84,Annual,Credit Card,No,1,4.2,2,0,Yes,4,Midwest,0
CUST-01771,25,73.77,Monthly,Bank Transfer,No,1,17.1,3,0,No,5,Northeast,1
CUST-01772,28,60.59,Monthly,PayPal,Yes,2,6.2,2,0,No,5,Midwest,0
CUST-01773,27,82.94,Annual,Bank Transfer,Yes,0,11.3,1,1,Yes,2,South,0
CUST-01774,29,45.04,Annual,Bank Transfer,No,1,7.5,2,2,No,5,Northeast,0
CUST-01775,56,81.21,Monthly,Credit Card,No,1,3.7,2,0,No,3,Midwest,0
CUST-01776,10,61.77,Monthly,PayPal,Yes,0,8.7,1,1,No,2,South,0
CUST-01777,24,110.88,Annual,Debit Card,No,1,4.9,1,0,No,3,South,0
CUST-01778,12,30.54,Annual,PayPal,No,1,5.3,1,1,No,4,South,0
CUST-01779,23,39.59,Monthly,Debit Card,No,2,7.5,1,1,No,3,South,0
CUST-01780,50,59.54,Monthly,Credit Card,Yes,2,2.4,1,1,Yes,5,West,0
CUST-01781,4,59.15,Monthly,Credit Card,Yes,3,11.2,1,1,No,3,Midwest,1
CUST-01782,25,87.1,Two-Year,PayPal,Yes,0,5.7,2,0,Yes,2,West,0
CUST-01783,2,39.97,Annual,Credit Card,Yes,1,12.1,1,1,No,4,West,0
CUST-01784,69,68.29,Annual,PayPal,No,2,11.8,3,0,Yes,4,West,0
CUST-01785,53,72.92,Monthly,Bank Transfer,Yes,1,6.9,1,0,Yes,3,South,1
CUST-01786,18,64.68,Annual,PayPal,Yes,3,8.3,2,2,Yes,5,Midwest,1
CUST-01787,15,34.7,Monthly,Debit Card,Yes,1,9.8,3,0,No,1,West,1
CUST-01788,8,77.34,Two-Year,Credit Card,No,2,6.1,2,0,Yes,4,West,0
CUST-01789,35,74.13,Monthly,Bank Transfer,No,1,2.0,1,1,Yes,5,West,0
CUST-01790,55,62.79,Monthly,PayPal,No,2,8.6,1,0,No,5,South,0
CUST-01791,43,55.68,Annual,Debit Card,No,0,13.7,1,0,Yes,4,South,0
CUST-01792,64,56.07,Monthly,Bank Transfer,No,0,4.8,1,0,No,1,Northeast,0
CUST-01793,25,50.58,Annual,Credit Card,Yes,0,12.5,2,1,Yes,2,Northeast,0
CUST-01794,21,63.53,Annual,Debit Card,Yes,5,3.4,2,2,No,4,South,1
CUST-01795,35,52.56,Monthly,Credit Card,No,2,6.6,2,1,Yes,5,South,0
CUST-01796,15,36.73,Monthly,Credit Card,No,2,7.2,4,0,No,1,South,0
CUST-01797,71,33.13,Annual,Debit Card,Yes,0,7.6,3,1,No,5,Northeast,0
CUST-01798,14,38.46,Annual,PayPal,No,2,4.3,1,0,Yes,5,Midwest,1
CUST-01799,35,56.0,Monthly,Debit Card,Yes,3,3.4,2,0,No,5,West,0
CUST-01800,38,51.51,Monthly,PayPal,No,1,6.7,1,1,No,2,South,0
CUST-01801,5,55.88,Annual,PayPal,No,0,10.5,3,1,No,2,West,1
CUST-01802,34,61.01,Monthly,Bank Transfer,Yes,1,4.8,2,2,Yes,3,West,0
CUST-01803,33,40.71,Annual,Credit Card,No,1,7.1,1,1,Yes,4,Northeast,0
CUST-01804,19,78.38,Monthly,PayPal,No,3,21.3,2,0,No,5,West,0
CUST-01805,10,47.18,Monthly,Credit Card,No,2,9.0,2,1,Yes,5,Northeast,0
CUST-01806,4,44.2,Annual,PayPal,No,1,6.7,1,2,Yes,3,Northeast,0
CUST-01807,1,60.68,Monthly,Debit Card,Yes,3,7.5,2,1,Yes,5,South,0
CUST-01808,35,18.94,Monthly,PayPal,Yes,3,19.0,3,0,Yes,5,Midwest,0
CUST-01809,7,37.77,Annual,Credit Card,Yes,0,10.7,2,0,Yes,3,South,0
CUST-01810,70,69.66,Two-Year,PayPal,Yes,0,4.9,1,3,Yes,4,Northeast,0
CUST-01811,18,20.73,Annual,Credit Card,Yes,0,11.3,2,2,Yes,5,Midwest,0
CUST-01812,47,72.12,Monthly,Credit Card,Yes,2,3.9,2,2,No,5,West,0
CUST-01813,49,79.2,Annual,PayPal,Yes,5,8.2,2,2,No,5,West,0
CUST-01814,36,45.35,Monthly,Debit Card,Yes,2,15.1,1,0,No,4,South,0
CUST-01815,64,57.25,Monthly,PayPal,Yes,0,8.2,2,0,No,4,West,0
CUST-01816,8,72.14,Monthly,PayPal,Yes,3,3.7,1,1,No,5,South,0
CUST-01817,17,43.6,Monthly,PayPal,No,2,7.8,2,0,Yes,2,West,0
CUST-01818,19,67.62,Monthly,PayPal,No,2,15.0,2,1,No,5,Northeast,0
CUST-01819,10,39.92,Two-Year,PayPal,No,5,4.7,3,0,No,3,West,0
CUST-01820,22,43.4,Monthly,Bank Transfer,Yes,0,11.2,3,3,No,4,South,0
CUST-01821,23,37.61,Annual,Credit Card,No,3,15.5,3,0,Yes,4,South,0
CUST-01822,56,58.17,Annual,PayPal,Yes,1,9.7,3,2,No,1,West,0
CUST-01823,22,72.84,Monthly,PayPal,Yes,0,7.9,1,0,No,3,Midwest,1
CUST-01824,64,48.69,Monthly,Credit Card,No,0,5.0,2,1,No,3,South,0
CUST-01825,56,29.12,Monthly,Credit Card,Yes,3,5.4,2,1,No,1,Midwest,0
CUST-01826,65,32.51,Monthly,Credit Card,No,1,6.7,3,0,Yes,2,South,0
CUST-01827,8,59.1,Annual,PayPal,No,2,11.3,3,0,Yes,2,Northeast,1
CUST-01828,71,85.19,Two-Year,Debit Card,Yes,1,24.2,1,2,Yes,4,South,0
CUST-01829,45,59.09,Two-Year,PayPal,Yes,1,4.7,1,1,No,3,Midwest,0
CUST-01830,71,45.04,Monthly,PayPal,No,4,10.5,3,0,Yes,1,Northeast,0
CUST-01831,26,65.79,Monthly,PayPal,Yes,1,13.5,1,1,No,3,Northeast,1
CUST-01832,69,47.69,Monthly,Credit Card,Yes,2,7.9,1,1,No,4,Northeast,0
CUST-01833,43,45.19,Two-Year,PayPal,Yes,1,7.7,4,1,No,3,South,0
CUST-01834,6,34.75,Monthly,PayPal,No,0,2.8,4,0,No,3,Northeast,1
CUST-01835,30,77.35,Monthly,Credit Card,Yes,4,8.6,1,0,No,4,Northeast,1
CUST-01836,10,10.0,Annual,Credit Card,No,0,7.5,1,0,No,5,South,0
CUST-01837,68,66.36,Monthly,Credit Card,No,3,6.3,2,1,No,1,West,0
CUST-01838,22,43.65,Monthly,Bank Transfer,Yes,1,9.4,1,0,No,3,South,0
CUST-01839,17,44.61,Annual,Debit Card,Yes,1,4.1,1,1,No,3,South,0
CUST-01840,40,82.46,Monthly,Credit Card,No,2,4.7,1,0,No,5,South,0
CUST-01841,31,39.15,Monthly,Credit Card,Yes,0,8.7,3,0,Yes,4,South,1
CUST-01842,7,39.76,Monthly,Credit Card,Yes,3,17.1,1,1,No,4,West,0
CUST-01843,59,49.65,Monthly,Debit Card,Yes,2,7.0,1,0,No,4,West,0
CUST-01844,61,59.45,Two-Year,PayPal,No,0,7.9,2,0,Yes,4,South,0
CUST-01845,54,44.05,Monthly,Debit Card,No,3,7.7,1,0,No,5,Northeast,0
CUST-01846,45,23.67,Annual,Bank Transfer,Yes,2,4.0,3,0,No,2,Northeast,0
CUST-01847,29,36.42,Monthly,Credit Card,Yes,1,6.5,1,0,No,3,West,0
CUST-01848,40,75.06,Annual,Debit Card,Yes,0,8.5,1,1,No,5,South,0
CUST-01849,38,53.35,Two-Year,PayPal,No,0,8.4,2,0,No,3,Northeast,0
CUST-01850,12,60.12,Monthly,PayPal,Yes,1,9.9,1,1,No,2,Midwest,0
CUST-01851,6,47.29,Two-Year,Bank Transfer,No,3,3.9,1,0,No,3,Midwest,0
CUST-01852,19,40.13,Annual,Credit Card,No,2,5.2,3,1,No,5,South,0
CUST-01853,33,82.2,Annual,Debit Card,Yes,2,2.4,3,1,No,5,Northeast,0
CUST-01854,12,48.61,Monthly,PayPal,No,2,15.7,3,1,Yes,4,South,1
CUST-01855,8,44.02,Annual,Credit Card,No,6,5.9,2,1,No,5,South,1
CUST-01856,62,71.73,Monthly,PayPal,No,3,9.0,1,1,Yes,2,South,0
CUST-01857,27,39.0,Two-Year,Credit Card,Yes,2,7.6,4,1,No,4,West,1
CUST-01858,43,41.29,Two-Year,Credit Card,No,0,1.3,2,0,Yes,4,South,0
CUST-01859,38,52.18,Monthly,PayPal,Yes,2,3.4,2,0,No,2,South,0
CUST-01860,53,52.0,Two-Year,PayPal,No,2,7.4,2,2,Yes,4,Midwest,0
CUST-01861,54,56.67,Two-Year,Bank Transfer,Yes,1,10.4,2,1,No,4,Midwest,0
CUST-01862,22,89.65,Annual,Bank Transfer,Yes,2,10.0,2,0,No,4,West,0
CUST-01863,62,58.05,Monthly,Credit Card,No,2,3.1,3,1,Yes,5,Northeast,0
CUST-01864,27,10.0,Monthly,PayPal,Yes,2,4.0,3,1,No,3,West,0
CUST-01865,61,57.87,Monthly,Bank Transfer,Yes,2,9.5,3,1,Yes,2,Northeast,0
CUST-01866,30,52.68,Monthly,Credit Card,No,0,9.9,3,0,Yes,5,Northeast,0
CUST-01867,8,52.78,Two-Year,Debit Card,Yes,0,3.0,2,1,No,4,West,0
CUST-01868,55,56.43,Monthly,Bank Transfer,No,4,9.5,1,0,Yes,3,South,0
CUST-01869,3,51.48,Annual,Credit Card,No,3,7.4,2,1,No,4,West,0
CUST-01870,56,51.05,Annual,Bank Transfer,Yes,2,6.6,2,2,Yes,5,West,0
CUST-01871,4,63.03,Annual,Debit Card,No,2,17.4,1,1,No,2,Midwest,0
CUST-01872,15,42.24,Monthly,Bank Transfer,No,2,7.0,2,0,No,1,Northeast,1
CUST-01873,44,34.94,Annual,PayPal,No,3,5.5,2,0,No,4,South,0
CUST-01874,68,106.43,Annual,PayPal,Yes,1,11.7,1,1,Yes,2,West,0
CUST-01875,30,39.11,Annual,PayPal,No,1,11.5,2,0,Yes,5,Northeast,0
CUST-01876,9,53.8,Monthly,Credit Card,No,1,15.2,3,3,No,2,South,0
CUST-01877,17,25.08,Annual,PayPal,Yes,1,11.1,1,2,Yes,4,Northeast,0
CUST-01878,65,54.1,Monthly,Bank Transfer,No,0,10.8,3,0,No,4,Northeast,0
CUST-01879,53,35.2,Annual,Bank Transfer,Yes,3,7.8,1,0,No,2,South,0
CUST-01880,8,44.04,Monthly,Bank Transfer,Yes,0,23.0,2,2,No,1,South,0
CUST-01881,28,70.81,Monthly,PayPal,Yes,3,4.1,3,0,Yes,3,West,0
CUST-01882,20,60.5,Annual,PayPal,No,2,10.1,3,2,No,4,South,0
CUST-01883,13,62.23,Monthly,PayPal,Yes,0,3.8,1,0,No,2,Midwest,0
CUST-01884,61,20.12,Two-Year,PayPal,Yes,2,7.7,3,1,No,5,Midwest,0
CUST-01885,45,85.06,Two-Year,PayPal,Yes,2,7.6,3,0,No,5,West,0
CUST-01886,13,30.55,Monthly,Credit Card,Yes,3,7.7,1,1,Yes,3,South,0
CUST-01887,47,79.51,Monthly,Credit Card,No,1,2.2,2,1,No,2,West,1
CUST-01888,30,70.39,Monthly,PayPal,Yes,1,5.9,3,1,Yes,1,Northeast,0
CUST-01889,5,62.39,Two-Year,Credit Card,Yes,1,25.3,1,0,Yes,5,West,0
CUST-01890,33,36.61,Annual,Credit Card,No,2,8.2,2,0,No,5,West,0
CUST-01891,14,54.73,Monthly,Credit Card,Yes,2,13.1,2,4,No,4,West,0
CUST-01892,18,43.52,Monthly,PayPal,Yes,1,9.4,2,0,Yes,4,South,0
CUST-01893,64,52.52,Monthly,Bank Transfer,No,1,21.5,2,0,Yes,3,Northeast,0
CUST-01894,52,47.5,Annual,PayPal,No,1,9.5,1,1,No,5,West,0
CUST-01895,10,15.31,Monthly,Bank Transfer,Yes,1,8.3,1,0,No,5,Midwest,0
CUST-01896,62,72.19,Monthly,Bank Transfer,No,4,3.3,3,0,No,3,South,1
CUST-01897,42,50.54,Annual,Credit Card,No,0,3.4,2,1,No,5,South,0
CUST-01898,63,43.27,Monthly,Credit Card,No,0,5.3,2,0,No,3,Northeast,0
CUST-01899,54,41.91,Monthly,Credit Card,Yes,2,6.9,2,1,Yes,3,Midwest,0
CUST-01900,25,58.45,Annual,Credit Card,No,3,3.6,1,0,Yes,5,South,0
CUST-01901,39,35.91,Two-Year,PayPal,Yes,4,8.2,1,1,No,4,West,0
CUST-01902,39,11.41,Monthly,Credit Card,No,2,8.0,2,0,No,1,Midwest,0
CUST-01903,52,59.33,Two-Year,Bank Transfer,No,3,18.6,1,2,Yes,2,West,0
CUST-01904,18,61.34,Monthly,PayPal,No,2,20.1,1,0,Yes,3,Northeast,0
CUST-01905,24,48.41,Annual,Debit Card,No,0,11.8,2,0,No,2,Midwest,0
CUST-01906,18,31.34,Monthly,Bank Transfer,Yes,0,11.9,3,0,No,5,West,0
CUST-01907,22,53.6,Annual,Bank Transfer,Yes,1,14.3,1,0,No,4,Midwest,0
CUST-01908,12,25.64,Monthly,PayPal,Yes,0,9.5,2,0,No,3,Midwest,0
CUST-01909,3,33.51,Two-Year,PayPal,Yes,2,14.8,2,0,No,5,Northeast,0
CUST-01910,68,38.49,Two-Year,Bank Transfer,No,2,3.1,3,0,No,3,South,0
CUST-01911,6,67.19,Monthly,PayPal,No,1,12.7,1,1,Yes,1,Midwest,0
CUST-01912,64,45.47,Monthly,Bank Transfer,Yes,0,3.8,3,0,No,3,South,0
CUST-01913,1,43.94,Annual,Credit Card,Yes,1,4.1,4,0,No,3,West,0
CUST-01914,56,87.18,Monthly,PayPal,No,0,14.2,1,1,No,2,West,0
CUST-01915,24,58.34,Annual,Debit Card,No,2,5.0,1,0,No,4,South,0
CUST-01916,38,58.1,Annual,Credit Card,Yes,3,4.2,2,0,Yes,3,Midwest,0
CUST-01917,21,45.35,Monthly,Credit Card,Yes,3,9.9,1,0,No,3,Midwest,0
CUST-01918,36,41.27,Monthly,Credit Card,Yes,1,4.7,1,1,No,4,Midwest,0
CUST-01919,33,12.64,Two-Year,Credit Card,No,2,4.2,3,1,No,4,Midwest,0
CUST-01920,39,69.44,Monthly,Credit Card,Yes,1,2.8,2,1,No,5,South,0
CUST-01921,29,60.07,Annual,Debit Card,Yes,3,5.8,2,0,No,5,Northeast,0
CUST-01922,39,48.78,Monthly,PayPal,Yes,2,11.7,2,0,Yes,1,West,0
CUST-01923,60,49.53,Monthly,PayPal,Yes,2,12.7,2,0,Yes,2,Northeast,0
CUST-01924,32,65.25,Monthly,PayPal,Yes,0,6.7,3,0,No,4,Northeast,0
CUST-01925,27,24.02,Monthly,Credit Card,Yes,2,18.4,3,0,No,4,West,0
CUST-01926,10,41.38,Annual,Bank Transfer,No,1,10.2,3,0,No,5,South,0
CUST-01927,26,31.55,Monthly,Credit Card,No,3,14.4,2,0,No,5,West,0
CUST-01928,10,83.89,Annual,Credit Card,Yes,3,5.4,3,1,Yes,4,South,0
CUST-01929,14,67.76,Annual,Debit Card,Yes,0,6.3,3,0,No,5,South,0
CUST-01930,69,12.35,Monthly,Bank Transfer,No,2,6.9,2,2,No,3,Midwest,0
CUST-01931,7,24.75,Monthly,Bank Transfer,Yes,1,6.3,1,1,No,4,South,0
CUST-01932,35,49.62,Annual,PayPal,Yes,0,1.5,2,2,No,4,West,0
CUST-01933,61,43.5,Annual,PayPal,Yes,0,8.0,2,1,No,4,Midwest,0
CUST-01934,69,28.16,Monthly,Debit Card,No,0,9.5,1,0,Yes,3,South,0
CUST-01935,11,87.01,Monthly,PayPal,No,0,9.1,1,0,Yes,2,West,1
CUST-01936,12,57.63,Annual,Credit Card,Yes,0,19.5,1,2,Yes,2,South,1
CUST-01937,27,60.55,Monthly,Credit Card,No,2,20.4,1,1,No,3,South,0
CUST-01938,40,39.54,Annual,Bank Transfer,No,2,2.3,2,0,No,4,Northeast,0
CUST-01939,70,65.0,Monthly,Bank Transfer,No,0,16.4,2,2,No,3,South,0
CUST-01940,15,45.15,Annual,Debit Card,No,1,18.9,2,0,No,5,Midwest,0
CUST-01941,12,46.9,Monthly,Credit Card,No,1,1.7,2,2,Yes,4,West,0
CUST-01942,19,63.0,Annual,Credit Card,No,1,11.4,2,0,No,4,Midwest,0
CUST-01943,63,22.68,Monthly,Debit Card,No,1,8.1,3,1,No,3,Midwest,0
CUST-01944,3,80.75,Monthly,Credit Card,Yes,0,18.3,2,1,Yes,2,Northeast,0
CUST-01945,28,55.28,Monthly,PayPal,No,1,17.7,2,0,Yes,4,Midwest,0
CUST-01946,9,75.06,Annual,Credit Card,No,3,30.8,3,1,Yes,3,South,0
CUST-01947,12,32.64,Monthly,Credit Card,Yes,1,11.7,1,0,Yes,5,Midwest,0
CUST-01948,67,35.38,Monthly,Credit Card,Yes,2,10.5,2,0,No,4,South,0
CUST-01949,1,31.09,Annual,PayPal,Yes,3,4.7,3,1,Yes,2,South,0
CUST-01950,24,56.51,Monthly,Debit Card,Yes,1,5.7,1,2,Yes,4,South,0
CUST-01951,66,53.19,Monthly,Debit Card,Yes,2,10.8,1,0,No,5,South,0
CUST-01952,44,43.64,Annual,PayPal,Yes,0,5.5,2,0,Yes,5,Midwest,0
CUST-01953,6,33.75,Annual,PayPal,Yes,1,8.1,2,1,No,5,South,0
CUST-01954,34,29.2,Annual,Credit Card,No,1,2.5,3,1,Yes,5,Northeast,0
CUST-01955,70,51.13,Monthly,PayPal,Yes,1,8.4,3,1,No,3,Northeast,0
CUST-01956,29,43.62,Monthly,Credit Card,Yes,1,1.9,1,1,No,4,South,1
CUST-01957,39,39.66,Annual,PayPal,Yes,0,14.1,2,0,No,4,Northeast,0
CUST-01958,39,79.85,Monthly,Debit Card,Yes,0,8.7,3,2,Yes,5,South,0
CUST-01959,48,50.52,Annual,Bank Transfer,Yes,1,5.3,2,0,Yes,5,Midwest,0
CUST-01960,14,74.86,Monthly,Bank Transfer,No,0,7.1,2,1,No,4,South,0
CUST-01961,61,42.4,Two-Year,PayPal,Yes,2,5.6,1,0,No,3,South,0
CUST-01962,72,56.41,Annual,Bank Transfer,Yes,0,4.5,3,0,Yes,4,Midwest,0
CUST-01963,11,51.0,Monthly,Credit Card,Yes,1,6.1,2,0,No,5,Northeast,0
CUST-01964,59,21.44,Monthly,PayPal,No,2,6.1,1,0,No,4,South,0
CUST-01965,59,77.71,Monthly,Credit Card,Yes,1,6.7,1,0,Yes,2,South,0
CUST-01966,54,49.57,Monthly,Credit Card,Yes,1,1.4,3,0,No,3,South,0
CUST-01967,27,65.44,Annual,Debit Card,Yes,2,14.7,2,2,No,5,South,0
CUST-01968,34,38.46,Monthly,PayPal,Yes,0,14.9,1,0,No,5,West,0
CUST-01969,61,49.03,Monthly,PayPal,Yes,2,7.7,2,0,Yes,3,Northeast,0
CUST-01970,12,36.4,Monthly,Bank Transfer,No,2,20.9,4,1,Yes,5,South,1
CUST-01971,60,74.25,Annual,PayPal,No,0,6.3,2,2,Yes,3,West,0
CUST-01972,67,57.61,Monthly,Bank Transfer,Yes,2,8.3,2,0,Yes,3,South,0
CUST-01973,50,58.61,Monthly,Bank Transfer,Yes,0,10.4,1,1,Yes,3,West,0
CUST-01974,25,76.45,Two-Year,Bank Transfer,Yes,0,8.2,1,1,Yes,4,Northeast,0
CUST-01975,41,72.81,Monthly,Credit Card,No,1,5.3,3,3,No,5,Midwest,0
CUST-01976,4,65.78,Monthly,Debit Card,No,3,7.9,1,1,No,5,West,0
CUST-01977,68,26.41,Two-Year,PayPal,Yes,3,3.1,1,0,No,4,West,0
CUST-01978,25,39.48,Monthly,Bank Transfer,Yes,5,4.5,1,0,No,4,Northeast,0
CUST-01979,5,33.93,Two-Year,Credit Card,Yes,0,13.1,1,0,No,5,South,0
CUST-01980,58,65.1,Annual,Debit Card,No,2,27.7,2,0,No,5,South,0
CUST-01981,48,55.07,Annual,Debit Card,Yes,1,5.2,3,0,No,5,Midwest,0
CUST-01982,45,26.97,Monthly,Credit Card,Yes,3,7.0,1,0,Yes,4,Northeast,0
CUST-01983,4,48.6,Monthly,PayPal,Yes,2,6.7,1,1,Yes,5,South,1
CUST-01984,55,25.11,Monthly,Credit Card,Yes,0,9.0,2,1,No,4,Northeast,0
CUST-01985,46,51.04,Monthly,Debit Card,No,3,14.0,3,0,No,3,South,1
CUST-01986,58,22.2,Monthly,PayPal,Yes,6,8.5,3,2,Yes,5,West,0
CUST-01987,60,61.52,Annual,Debit Card,Yes,0,3.2,4,0,No,4,South,0
CUST-01988,16,58.8,Annual,Credit Card,No,0,5.4,1,3,No,4,West,0
CUST-01989,16,86.34,Monthly,PayPal,No,2,9.7,2,0,Yes,2,Northeast,0
CUST-01990,67,67.26,Annual,Debit Card,No,2,6.2,2,0,Yes,4,Midwest,0
CUST-01991,39,44.39,Two-Year,Bank Transfer,No,0,6.4,1,1,No,3,Northeast,0
CUST-01992,32,66.73,Annual,PayPal,Yes,1,6.5,2,0,Yes,3,Northeast,0
CUST-01993,21,26.84,Annual,Bank Transfer,Yes,3,7.6,2,1,Yes,5,West,0
CUST-01994,47,34.68,Annual,Credit Card,Yes,4,4.3,2,0,No,5,Northeast,0
CUST-01995,55,58.0,Monthly,PayPal,No,0,13.0,1,3,No,5,South,0
CUST-01996,1,13.15,Monthly,PayPal,No,3,3.2,1,2,Yes,3,West,1
CUST-01997,40,51.33,Two-Year,PayPal,Yes,2,9.6,2,0,Yes,4,Northeast,0
CUST-01998,72,33.64,Annual,Debit Card,No,1,5.6,1,1,No,3,West,0
CUST-01999,21,53.82,Annual,Credit Card,No,4,8.1,1,0,No,4,Northeast,0
CUST-02000,21,32.6,Two-Year,Credit Card,No,3,16.1,2,0,No,3,South,0
CUST-02001,64,59.64,Monthly,Bank Transfer,Yes,1,15.9,1,0,No,4,Midwest,0
CUST-02002,5,52.35,Monthly,PayPal,Yes,0,13.9,1,1,No,3,Northeast,0
CUST-02003,29,77.21,Annual,Credit Card,No,2,17.7,1,0,Yes,3,Midwest,1
CUST-02004,33,52.12,Monthly,PayPal,No,2,25.3,1,0,No,3,West,0
CUST-02005,58,38.16,Annual,PayPal,No,2,13.0,1,1,No,1,South,0
CUST-02006,10,47.56,Annual,PayPal,No,2,10.4,3,2,No,5,Midwest,0
CUST-02007,32,27.8,Annual,Credit Card,Yes,1,4.3,3,1,No,3,South,1
CUST-02008,11,59.31,Monthly,Bank Transfer,No,0,11.4,1,0,No,4,Midwest,0
CUST-02009,57,62.62,Annual,PayPal,Yes,2,8.4,2,0,No,1,South,0
CUST-02010,46,96.45,Monthly,PayPal,Yes,0,19.7,1,1,No,3,South,1
CUST-02011,36,40.81,Two-Year,PayPal,Yes,4,12.4,1,1,Yes,1,Northeast,0
CUST-02012,29,47.18,Monthly,PayPal,Yes,1,3.7,3,2,No,5,Midwest,0
CUST-02013,12,41.64,Annual,Credit Card,Yes,0,9.4,4,2,Yes,5,South,0
CUST-02014,67,55.82,Monthly,Bank Transfer,No,0,13.3,1,1,Yes,5,South,0
CUST-02015,47,58.87,Monthly,Credit Card,No,1,8.3,3,2,No,2,South,0
CUST-02016,23,51.04,Monthly,Bank Transfer,Yes,1,24.9,1,0,No,4,South,0
CUST-02017,30,71.55,Monthly,Bank Transfer,Yes,1,12.1,3,0,Yes,5,South,0
CUST-02018,53,40.89,Monthly,PayPal,Yes,1,4.4,2,0,No,3,Northeast,0
CUST-02019,52,69.75,Annual,PayPal,Yes,2,4.2,2,1,Yes,1,Northeast,0
CUST-02020,34,61.69,Annual,Credit Card,Yes,2,4.9,3,1,Yes,3,Northeast,0
CUST-02021,22,51.78,Monthly,Debit Card,Yes,1,5.8,2,0,No,5,Northeast,0
CUST-02022,48,46.33,Annual,PayPal,No,1,8.1,4,0,Yes,2,Midwest,0
CUST-02023,48,95.68,Annual,Credit Card,Yes,0,9.8,1,1,No,2,Northeast,0
CUST-02024,44,37.29,Annual,Credit Card,No,2,16.1,4,0,No,4,South,0
CUST-02025,6,57.36,Monthly,Bank Transfer,No,1,13.1,3,1,No,3,Midwest,0
CUST-02026,35,38.5,Monthly,Debit Card,Yes,2,6.5,2,0,No,3,Midwest,0
CUST-02027,45,84.14,Two-Year,Debit Card,Yes,0,6.5,2,0,No,3,Northeast,0
CUST-02028,69,67.96,Monthly,Credit Card,Yes,3,12.7,3,2,No,4,West,0
CUST-02029,38,39.79,Monthly,PayPal,Yes,0,5.8,2,3,Yes,1,Northeast,0
CUST-02030,25,61.23,Annual,Debit Card,No,3,10.9,1,2,No,4,South,0
CUST-02031,41,56.64,Monthly,PayPal,Yes,2,2.9,1,1,No,4,West,1
CUST-02032,13,42.7,Annual,Debit Card,Yes,0,10.1,1,0,No,4,South,0
CUST-02033,7,65.65,Monthly,Credit Card,Yes,0,9.3,1,0,Yes,4,West,0
CUST-02034,49,59.01,Annual,Debit Card,Yes,3,5.9,1,0,No,4,Midwest,0
CUST-02035,72,55.88,Two-Year,Credit Card,No,0,3.4,2,1,No,4,South,0
CUST-02036,61,51.25,Two-Year,PayPal,Yes,2,3.1,2,1,Yes,3,Northeast,0
CUST-02037,43,59.76,Two-Year,Credit Card,No,0,8.9,1,1,No,5,West,0
CUST-02038,3,56.13,Two-Year,Credit Card,Yes,1,9.8,1,1,No,4,West,0
CUST-02039,72,53.06,Monthly,Debit Card,Yes,2,2.0,1,0,No,4,Midwest,0
CUST-02040,33,40.46,Two-Year,Credit Card,Yes,1,2.0,2,0,No,4,South,0
CUST-02041,21,82.49,Two-Year,Debit Card,No,2,3.9,2,2,No,3,South,1
CUST-02042,65,33.09,Monthly,Debit Card,Yes,0,4.3,3,1,No,5,Northeast,0
CUST-02043,54,59.7,Monthly,Bank Transfer,No,0,5.0,2,0,No,3,South,0
CUST-02044,54,46.24,Monthly,Credit Card,Yes,2,8.9,3,0,Yes,4,West,0
CUST-02045,20,83.67,Annual,PayPal,No,1,13.9,1,1,Yes,5,Northeast,0
CUST-02046,72,35.74,Annual,PayPal,No,2,14.0,3,0,No,4,Midwest,0
CUST-02047,33,38.77,Monthly,Credit Card,No,1,11.5,2,1,No,1,Northeast,0
CUST-02048,39,34.54,Monthly,PayPal,Yes,1,13.7,4,1,Yes,5,Midwest,0
CUST-02049,55,57.82,Annual,Bank Transfer,Yes,0,4.4,2,0,No,4,South,0
CUST-02050,48,27.29,Monthly,PayPal,No,2,11.3,3,1,Yes,2,South,0
CUST-02051,13,43.39,Two-Year,Bank Transfer,Yes,1,12.2,3,0,No,4,South,0
CUST-02052,22,13.26,Monthly,PayPal,Yes,2,2.6,3,0,No,3,West,1
CUST-02053,27,56.33,Monthly,Debit Card,Yes,3,16.2,2,0,Yes,3,West,0
CUST-02054,69,43.0,Monthly,Bank Transfer,Yes,0,12.5,1,1,No,4,South,0
CUST-02055,52,25.21,Annual,Credit Card,Yes,4,5.4,2,1,No,5,Midwest,0
CUST-02056,27,71.54,Annual,PayPal,Yes,0,2.3,3,1,Yes,3,South,0
CUST-02057,53,28.46,Monthly,PayPal,Yes,1,8.8,4,0,Yes,4,South,0
CUST-02058,54,66.34,Monthly,Bank Transfer,Yes,3,6.5,4,1,No,4,Midwest,0
CUST-02059,29,39.38,Monthly,Bank Transfer,No,0,3.3,2,2,No,5,South,0
CUST-02060,30,80.83,Monthly,Credit Card,No,3,8.0,3,1,No,3,South,0
CUST-02061,65,65.49,Annual,PayPal,No,1,5.9,2,0,Yes,2,Northeast,0
CUST-02062,41,33.86,Monthly,Credit Card,Yes,2,12.6,2,0,Yes,5,Midwest,0
CUST-02063,11,35.49,Monthly,PayPal,No,1,1.9,2,1,Yes,5,West,0
CUST-02064,52,62.9,Monthly,PayPal,Yes,1,13.3,1,0,No,5,West,0
CUST-02065,43,47.28,Monthly,Credit Card,No,0,7.6,2,1,No,3,West,1
CUST-02066,37,48.95,Monthly,Bank Transfer,Yes,2,11.4,1,0,No,5,West,0
CUST-02067,53,74.9,Monthly,Debit Card,Yes,1,17.0,2,0,No,4,South,0
CUST-02068,66,38.52,Monthly,Debit Card,No,2,9.9,2,0,Yes,3,West,0
CUST-02069,24,53.64,Monthly,Bank Transfer,Yes,2,13.2,1,0,No,5,South,0
CUST-02070,31,69.18,Monthly,PayPal,No,2,2.9,2,1,Yes,4,South,1
CUST-02071,14,66.56,Two-Year,PayPal,No,1,3.1,1,4,No,1,West,1
CUST-02072,47,49.13,Monthly,Credit Card,Yes,1,6.4,1,0,No,5,Midwest,0
CUST-02073,29,46.8,Monthly,Credit Card,Yes,1,5.2,1,0,No,5,Midwest,0
CUST-02074,25,20.7,Monthly,Credit Card,No,1,10.4,1,0,Yes,5,Midwest,0
CUST-02075,51,32.99,Annual,Debit Card,No,1,10.4,3,1,No,2,West,0
CUST-02076,30,57.73,Two-Year,Debit Card,No,1,14.9,3,1,No,3,Northeast,0
CUST-02077,34,49.52,Annual,Debit Card,Yes,1,7.6,2,1,Yes,5,South,1
CUST-02078,32,53.35,Annual,PayPal,No,2,2.9,2,0,No,5,West,1
CUST-02079,19,70.71,Annual,Credit Card,Yes,1,15.0,2,2,Yes,5,West,0
CUST-02080,10,30.63,Monthly,PayPal,Yes,1,14.6,3,0,No,4,South,1
CUST-02081,60,47.75,Annual,Bank Transfer,No,1,6.5,2,1,No,3,South,0
CUST-02082,7,55.4,Annual,Credit Card,Yes,2,14.9,1,0,No,3,West,0
CUST-02083,24,39.33,Monthly,PayPal,Yes,1,2.6,3,1,No,3,West,0
CUST-02084,49,77.77,Monthly,Credit Card,Yes,3,6.8,2,0,No,4,South,0
CUST-02085,10,68.35,Monthly,Debit Card,No,0,3.8,3,0,No,4,Midwest,0
CUST-02086,48,57.22,Monthly,PayPal,No,2,13.0,3,0,Yes,4,West,0
CUST-02087,53,84.3,Annual,Credit Card,No,2,5.3,2,0,No,4,South,0
CUST-02088,48,25.02,Monthly,Debit Card,Yes,2,13.9,3,3,Yes,3,Northeast,0
CUST-02089,22,51.86,Annual,Bank Transfer,Yes,3,3.6,1,2,No,5,West,0
CUST-02090,2,58.59,Two-Year,Credit Card,No,3,22.5,2,0,No,1,Midwest,0
CUST-02091,64,35.54,Monthly,PayPal,Yes,2,6.4,2,0,Yes,3,Midwest,0
CUST-02092,24,57.41,Monthly,PayPal,Yes,1,6.0,3,0,Yes,2,Midwest,0
CUST-02093,58,32.08,Annual,Credit Card,Yes,0,12.5,2,1,No,3,South,0
CUST-02094,15,64.43,Annual,PayPal,Yes,1,9.9,1,0,Yes,5,West,0
CUST-02095,12,71.04,Monthly,Debit Card,No,0,6.4,1,2,No,5,Midwest,0
CUST-02096,57,56.9,Monthly,Credit Card,Yes,1,5.9,2,1,Yes,4,South,0
CUST-02097,68,18.65,Annual,Bank Transfer,Yes,0,18.8,2,0,Yes,3,South,0
CUST-02098,62,34.6,Two-Year,Debit Card,No,0,7.3,1,1,No,1,Midwest,0
CUST-02099,55,62.16,Monthly,PayPal,No,1,7.5,2,0,No,4,Midwest,0
CUST-02100,18,52.38,Monthly,Credit Card,Yes,1,3.6,2,0,No,3,Northeast,1
CUST-02101,66,10.0,Two-Year,Credit Card,Yes,0,16.5,1,2,No,1,South,0
CUST-02102,49,74.37,Monthly,PayPal,No,1,4.4,1,0,Yes,5,South,0
CUST-02103,13,54.46,Monthly,PayPal,No,2,4.1,3,0,No,4,Northeast,0
CUST-02104,10,37.26,Annual,Credit Card,No,0,13.4,2,0,No,5,West,1
CUST-02105,63,69.91,Monthly,PayPal,No,1,0.7,2,0,No,4,West,1
CUST-02106,20,39.8,Monthly,Debit Card,No,2,8.7,2,1,Yes,4,Midwest,1
CUST-02107,56,39.61,Annual,Debit Card,Yes,1,6.0,1,0,Yes,4,South,0
CUST-02108,10,58.45,Annual,PayPal,Yes,2,6.9,1,1,No,5,South,0
CUST-02109,21,84.06,Monthly,PayPal,Yes,1,4.5,3,0,No,2,West,1
CUST-02110,21,81.22,Monthly,Debit Card,No,0,5.2,1,1,No,1,South,0
CUST-02111,21,58.47,Annual,PayPal,Yes,3,2.0,1,1,No,4,South,0
CUST-02112,49,60.32,Annual,Debit Card,Yes,3,12.5,2,0,No,4,South,0
CUST-02113,66,66.25,Annual,Bank Transfer,Yes,3,6.5,3,0,Yes,4,West,0
CUST-02114,66,29.37,Annual,PayPal,No,2,13.9,1,1,No,5,Midwest,0
CUST-02115,54,63.59,Annual,Debit Card,No,2,24.2,2,2,Yes,5,West,0
CUST-02116,15,38.79,Two-Year,Debit Card,Yes,1,3.7,3,0,Yes,3,West,0
CUST-02117,70,57.73,Annual,Bank Transfer,Yes,3,11.1,3,0,Yes,4,Northeast,0
CUST-02118,40,47.91,Monthly,Bank Transfer,No,2,4.0,2,1,No,4,Midwest,1
CUST-02119,40,61.02,Two-Year,Credit Card,Yes,4,4.8,1,0,No,4,South,0
CUST-02120,51,54.13,Two-Year,Credit Card,No,2,7.3,2,0,Yes,5,Midwest,0
CUST-02121,56,10.0,Monthly,Debit Card,Yes,1,22.0,3,0,No,3,South,0
CUST-02122,69,55.22,Monthly,Bank Transfer,No,3,6.2,2,0,No,2,Northeast,0
CUST-02123,42,63.56,Annual,Bank Transfer,Yes,0,7.2,4,0,No,4,Midwest,0
CUST-02124,44,60.03,Monthly,PayPal,No,0,8.7,2,1,No,3,South,1
CUST-02125,54,50.15,Annual,Credit Card,Yes,0,7.1,1,1,No,3,Northeast,0
CUST-02126,19,81.56,Monthly,Bank Transfer,Yes,2,3.7,2,0,Yes,2,Midwest,0
CUST-02127,23,57.6,Monthly,Credit Card,No,2,14.6,3,2,No,5,Northeast,1
CUST-02128,46,59.88,Monthly,Debit Card,Yes,2,5.8,1,0,No,5,West,0
CUST-02129,5,70.8,Two-Year,Debit Card,No,1,2.8,2,1,No,4,Northeast,0
CUST-02130,24,58.53,Monthly,Debit Card,Yes,3,9.2,1,2,Yes,4,South,0
CUST-02131,52,35.84,Annual,PayPal,Yes,4,15.1,2,1,Yes,1,South,0
CUST-02132,71,10.0,Monthly,Credit Card,No,1,4.4,2,0,Yes,5,West,0
CUST-02133,38,43.41,Monthly,Credit Card,Yes,1,6.5,2,1,Yes,2,Midwest,0
CUST-02134,29,65.7,Monthly,PayPal,No,2,7.5,3,0,No,4,South,0
CUST-02135,32,45.64,Monthly,Credit Card,Yes,3,5.5,1,0,Yes,4,South,0
CUST-02136,50,66.42,Annual,Debit Card,Yes,1,7.6,3,0,Yes,3,Midwest,0
CUST-02137,40,54.68,Annual,Credit Card,No,3,18.4,1,2,No,4,West,0
CUST-02138,2,75.19,Monthly,Credit Card,Yes,3,7.7,1,1,Yes,4,South,1
CUST-02139,39,46.69,Monthly,Credit Card,Yes,0,10.3,1,1,No,4,West,0
CUST-02140,29,60.42,Annual,PayPal,Yes,3,6.0,1,3,Yes,4,Midwest,0
CUST-02141,51,61.11,Annual,Debit Card,Yes,1,9.0,2,0,No,1,Midwest,0
CUST-02142,64,79.03,Monthly,Credit Card,No,3,9.7,1,1,No,5,Northeast,0
CUST-02143,70,21.28,Annual,Bank Transfer,Yes,3,12.0,1,1,No,4,Northeast,0
CUST-02144,44,43.75,Monthly,Credit Card,Yes,3,5.6,3,0,Yes,5,South,0
CUST-02145,27,67.27,Monthly,PayPal,Yes,0,6.7,2,1,No,3,Midwest,0
CUST-02146,32,79.83,Annual,Credit Card,Yes,2,12.7,4,0,No,4,South,0
CUST-02147,13,56.32,Annual,Bank Transfer,Yes,1,6.0,3,0,Yes,4,South,0
CUST-02148,68,46.73,Annual,Credit Card,Yes,0,3.7,2,0,No,3,South,0
CUST-02149,62,65.63,Monthly,PayPal,No,3,5.5,2,0,Yes,2,West,0
CUST-02150,62,67.64,Monthly,PayPal,No,0,12.5,4,1,Yes,4,Northeast,0
CUST-02151,24,45.53,Annual,PayPal,Yes,1,13.6,2,1,No,5,Northeast,0
CUST-02152,24,57.95,Monthly,PayPal,Yes,2,11.2,2,2,No,3,Northeast,0
CUST-02153,62,73.25,Monthly,Credit Card,Yes,1,14.9,1,0,No,5,South,0
CUST-02154,40,86.03,Annual,Debit Card,Yes,2,17.6,1,0,No,5,South,0
CUST-02155,51,65.37,Monthly,Bank Transfer,Yes,2,23.3,3,0,Yes,5,Midwest,0
CUST-02156,36,52.79,Monthly,Bank Transfer,No,1,11.6,1,0,Yes,2,South,0
CUST-02157,32,51.03,Monthly,Debit Card,No,0,7.1,1,1,Yes,4,Midwest,0
CUST-02158,46,62.03,Two-Year,PayPal,Yes,1,2.9,2,1,No,5,Northeast,0
CUST-02159,59,49.92,Monthly,PayPal,Yes,0,3.5,3,0,Yes,3,South,0
CUST-02160,25,55.41,Monthly,PayPal,No,0,4.6,3,1,No,1,Midwest,1
CUST-02161,59,32.96,Monthly,Bank Transfer,No,3,13.9,2,0,No,4,South,0
CUST-02162,18,75.35,Monthly,Bank Transfer,Yes,0,4.8,1,1,No,3,South,0
CUST-02163,30,31.48,Monthly,Debit Card,No,1,4.8,2,2,No,4,South,1
CUST-02164,66,44.22,Annual,PayPal,Yes,1,5.1,1,0,No,5,South,0
CUST-02165,69,53.76,Monthly,Debit Card,No,1,7.6,1,0,No,3,Northeast,0
CUST-02166,67,87.84,Monthly,Credit Card,Yes,2,9.2,3,0,No,5,West,0
CUST-02167,23,44.39,Monthly,PayPal,No,1,9.2,3,0,Yes,4,Northeast,0
CUST-02168,61,40.01,Monthly,PayPal,Yes,2,5.3,1,0,No,4,West,0
CUST-02169,68,42.09,Monthly,Credit Card,Yes,1,13.4,2,1,Yes,1,Northeast,0
CUST-02170,71,81.86,Annual,PayPal,No,2,7.3,4,0,No,4,South,0
CUST-02171,2,10.0,Annual,Credit Card,No,2,12.3,2,2,No,5,South,0
CUST-02172,54,33.95,Annual,Credit Card,No,2,7.9,1,0,Yes,1,Northeast,0
CUST-02173,72,101.16,Monthly,PayPal,Yes,2,5.1,1,0,No,5,West,0
CUST-02174,56,62.64,Annual,PayPal,No,2,6.1,2,0,No,4,South,0
CUST-02175,17,32.09,Annual,Debit Card,Yes,1,4.5,1,0,No,5,West,0
CUST-02176,55,51.25,Monthly,Credit Card,No,2,2.7,2,1,No,4,South,0
CUST-02177,8,53.21,Monthly,PayPal,Yes,0,8.5,1,1,Yes,5,Northeast,0
CUST-02178,35,67.23,Annual,Credit Card,Yes,1,4.0,2,1,No,1,West,1
CUST-02179,46,85.11,Monthly,Bank Transfer,Yes,1,3.2,1,0,No,4,Northeast,0
CUST-02180,33,58.99,Monthly,Credit Card,No,5,12.0,1,0,No,3,South,0
CUST-02181,51,42.28,Annual,Bank Transfer,No,1,15.4,1,0,No,3,Midwest,0
CUST-02182,18,66.17,Monthly,Credit Card,Yes,0,4.8,2,1,Yes,2,Northeast,0
CUST-02183,44,39.43,Two-Year,Credit Card,No,5,35.0,2,0,No,4,Midwest,0
CUST-02184,47,33.4,Monthly,Debit Card,Yes,0,11.8,1,1,Yes,4,West,0
CUST-02185,46,20.32,Monthly,PayPal,Yes,2,8.4,3,2,No,3,South,0
CUST-02186,21,23.83,Monthly,Bank Transfer,Yes,0,2.0,1,0,No,2,South,0
CUST-02187,22,35.86,Monthly,Debit Card,No,4,10.2,3,0,Yes,5,West,1
CUST-02188,19,30.8,Two-Year,Debit Card,No,5,3.7,3,3,Yes,3,West,1
CUST-02189,34,57.64,Annual,Credit Card,No,2,4.1,1,0,No,3,Midwest,1
CUST-02190,43,30.41,Two-Year,PayPal,Yes,2,10.8,1,2,No,5,Midwest,0
CUST-02191,27,10.0,Monthly,Debit Card,Yes,1,21.0,1,3,No,3,Midwest,0
CUST-02192,30,33.21,Monthly,Bank Transfer,No,0,8.6,3,2,No,3,South,1
CUST-02193,21,43.51,Monthly,Debit Card,Yes,1,13.3,2,1,No,1,South,1
CUST-02194,16,41.1,Monthly,PayPal,No,2,20.7,1,2,No,5,Northeast,0
CUST-02195,48,79.35,Two-Year,Bank Transfer,No,1,2.7,1,0,Yes,4,Northeast,0
CUST-02196,59,40.96,Monthly,Credit Card,Yes,3,10.9,1,0,Yes,3,Northeast,0
CUST-02197,21,67.86,Monthly,Debit Card,Yes,2,15.7,2,0,No,4,Northeast,0
CUST-02198,62,51.66,Monthly,Bank Transfer,No,2,14.3,2,1,No,1,Northeast,0
CUST-02199,42,51.24,Annual,Debit Card,No,2,15.0,2,0,No,3,Northeast,0
CUST-02200,13,36.96,Monthly,PayPal,No,2,5.6,1,1,Yes,5,Midwest,1
CUST-02201,27,50.94,Annual,Bank Transfer,No,0,9.4,3,0,No,5,South,0
CUST-02202,1,38.23,Annual,Credit Card,Yes,2,15.8,3,0,No,5,West,0
CUST-02203,3,55.06,Annual,Bank Transfer,No,0,10.7,2,1,No,4,Midwest,0
CUST-02204,25,47.75,Monthly,Debit Card,No,0,3.4,2,1,No,4,West,0
CUST-02205,33,35.0,Monthly,PayPal,No,1,3.9,3,1,Yes,1,Northeast,1
CUST-02206,58,69.85,Monthly,Debit Card,Yes,1,14.6,2,1,Yes,4,South,0
CUST-02207,10,59.68,Annual,Debit Card,Yes,3,1.0,1,1,No,4,West,0
CUST-02208,61,43.93,Two-Year,Credit Card,Yes,0,11.1,1,0,Yes,5,Midwest,0
CUST-02209,17,54.62,Annual,Credit Card,Yes,1,12.3,1,1,No,4,South,0
CUST-02210,10,50.49,Monthly,Debit Card,No,2,10.0,1,0,No,3,West,0
CUST-02211,51,36.38,Monthly,Debit Card,No,2,12.4,3,0,No,4,South,0
CUST-02212,56,53.27,Annual,PayPal,Yes,2,12.3,3,1,No,5,West,0
CUST-02213,44,40.82,Monthly,Credit Card,No,1,1.4,2,0,Yes,4,South,0
CUST-02214,9,34.99,Monthly,Credit Card,Yes,3,2.1,3,0,No,3,Midwest,0
CUST-02215,9,22.79,Annual,Credit Card,No,2,4.9,3,1,No,2,South,0
CUST-02216,29,45.55,Monthly,Debit Card,No,1,10.0,2,0,No,4,Northeast,0
CUST-02217,33,62.21,Monthly,Credit Card,No,1,9.3,3,0,No,4,Northeast,0
CUST-02218,72,39.5,Monthly,Credit Card,No,3,3.9,3,1,Yes,3,South,1
CUST-02219,21,97.37,Monthly,PayPal,No,0,16.3,1,1,No,4,West,0
CUST-02220,14,67.94,Annual,PayPal,No,0,23.9,4,0,No,5,South,0
CUST-02221,69,75.48,Monthly,PayPal,Yes,1,12.3,4,0,No,2,West,0
CUST-02222,12,66.31,Monthly,Credit Card,No,1,9.2,1,1,No,4,West,0
CUST-02223,2,85.35,Monthly,Bank Transfer,Yes,0,10.0,2,0,Yes,3,South,0
CUST-02224,31,37.83,Monthly,PayPal,Yes,0,5.2,1,0,No,3,South,0
CUST-02225,29,10.0,Annual,PayPal,No,1,3.3,2,0,No,4,West,0
CUST-02226,45,43.97,Annual,Credit Card,No,0,13.5,2,0,Yes,3,South,0
CUST-02227,64,62.05,Monthly,Credit Card,No,1,12.3,1,0,No,4,West,0
CUST-02228,68,54.73,Monthly,Debit Card,Yes,2,13.6,2,1,No,4,Midwest,0
CUST-02229,21,56.96,Monthly,Credit Card,Yes,0,9.7,2,0,No,3,South,0
CUST-02230,71,75.78,Monthly,PayPal,Yes,0,3.1,1,3,Yes,1,Midwest,1
CUST-02231,46,58.88,Monthly,Credit Card,No,0,3.0,2,0,Yes,5,Northeast,0
CUST-02232,6,66.38,Two-Year,Credit Card,No,3,4.0,4,0,No,5,South,0
CUST-02233,68,35.09,Monthly,Credit Card,No,1,17.5,1,2,Yes,3,Northeast,0
CUST-02234,10,32.28,Monthly,Credit Card,Yes,2,2.8,2,0,No,5,South,1
CUST-02235,43,81.05,Monthly,Debit Card,No,1,7.2,1,1,No,5,West,0
CUST-02236,57,53.82,Annual,Credit Card,Yes,0,5.5,1,1,Yes,3,Northeast,0
CUST-02237,18,40.78,Monthly,Debit Card,No,0,3.0,2,1,No,4,South,0
CUST-02238,20,40.81,Two-Year,Credit Card,Yes,0,10.4,1,1,No,2,South,0
CUST-02239,35,40.32,Monthly,PayPal,Yes,0,17.9,2,1,No,4,Northeast,0
CUST-02240,64,39.24,Annual,Bank Transfer,No,0,7.6,1,1,No,3,Northeast,0
CUST-02241,17,28.9,Annual,Bank Transfer,No,2,2.4,3,0,No,2,Northeast,0
CUST-02242,48,24.99,Monthly,PayPal,Yes,0,6.4,1,3,Yes,4,South,1
CUST-02243,33,48.49,Monthly,Debit Card,Yes,0,5.3,3,0,No,2,South,0
CUST-02244,9,41.33,Monthly,PayPal,No,0,6.4,2,0,Yes,3,South,1
CUST-02245,52,71.93,Annual,Bank Transfer,No,0,6.9,1,0,No,5,West,0
CUST-02246,60,57.28,Annual,Debit Card,No,1,19.5,1,0,Yes,4,South,0
CUST-02247,42,56.78,Monthly,Credit Card,Yes,0,10.1,2,0,No,5,Northeast,0
CUST-02248,13,38.62,Monthly,PayPal,No,2,10.0,3,0,No,3,South,0
CUST-02249,12,49.82,Monthly,Credit Card,Yes,3,5.3,2,1,No,4,South,0
CUST-02250,31,58.5,Monthly,PayPal,Yes,2,13.2,2,1,Yes,3,South,0
CUST-02251,37,64.89,Annual,Credit Card,Yes,3,14.2,3,1,No,4,Midwest,0
CUST-02252,40,50.31,Monthly,Credit Card,Yes,5,11.3,1,2,Yes,4,Northeast,1
CUST-02253,18,71.42,Monthly,PayPal,Yes,1,10.7,2,0,No,3,South,0
CUST-02254,37,52.14,Annual,PayPal,Yes,3,2.9,1,1,No,4,South,0
CUST-02255,22,66.27,Annual,PayPal,Yes,1,9.8,3,1,Yes,4,Midwest,0
CUST-02256,50,43.18,Annual,PayPal,No,1,16.9,3,1,No,2,South,0
CUST-02257,58,19.37,Monthly,Bank Transfer,Yes,2,10.1,1,0,No,1,West,0
CUST-02258,47,56.83,Two-Year,Debit Card,Yes,3,12.2,1,1,No,2,South,0
CUST-02259,1,65.06,Annual,Bank Transfer,Yes,2,6.5,2,0,Yes,5,South,0
CUST-02260,72,62.36,Monthly,Debit Card,No,2,5.0,2,1,No,5,Northeast,0
CUST-02261,2,59.6,Monthly,Credit Card,No,3,3.7,2,0,No,2,Northeast,1
CUST-02262,72,45.73,Two-Year,Bank Transfer,Yes,0,15.4,2,1,Yes,3,Midwest,0
CUST-02263,3,37.48,Monthly,Debit Card,No,3,7.3,1,0,No,3,Midwest,0
CUST-02264,38,61.93,Annual,Bank Transfer,No,0,14.3,2,1,No,4,South,0
CUST-02265,8,59.68,Annual,Credit Card,No,0,6.0,1,0,Yes,3,Northeast,0
CUST-02266,7,41.9,Annual,Credit Card,Yes,2,14.8,2,2,No,5,Northeast,0
CUST-02267,50,71.97,Annual,Credit Card,Yes,2,8.3,1,0,No,2,South,0
CUST-02268,53,36.11,Two-Year,PayPal,Yes,0,6.4,1,3,No,4,West,0
CUST-02269,9,41.5,Monthly,Bank Transfer,Yes,2,6.5,3,2,No,3,South,1
CUST-02270,71,81.46,Monthly,Debit Card,Yes,0,13.0,2,1,No,3,West,0
CUST-02271,24,67.63,Annual,Credit Card,No,1,10.1,2,0,Yes,2,West,0
CUST-02272,23,45.56,Monthly,Debit Card,Yes,2,13.0,3,1,No,2,Northeast,0
CUST-02273,22,57.17,Annual,Debit Card,Yes,3,16.8,2,3,No,5,West,0
CUST-02274,34,54.79,Annual,PayPal,No,2,7.0,3,2,No,4,Midwest,0
CUST-02275,13,10.0,Monthly,PayPal,No,2,11.4,3,1,No,4,Northeast,0
CUST-02276,31,35.68,Annual,Credit Card,Yes,0,7.6,2,1,No,3,Midwest,0
CUST-02277,16,51.08,Monthly,Debit Card,No,0,6.1,1,1,Yes,2,South,0
CUST-02278,4,45.58,Annual,PayPal,Yes,2,10.2,1,1,Yes,5,Northeast,0
CUST-02279,27,56.45,Monthly,Credit Card,Yes,0,2.9,2,2,No,3,Northeast,1
CUST-02280,49,72.33,Annual,Debit Card,Yes,2,13.8,1,2,No,4,Midwest,0
CUST-02281,55,46.21,Two-Year,PayPal,Yes,2,9.5,1,1,No,5,South,0
CUST-02282,26,32.96,Monthly,Debit Card,No,0,5.1,1,2,No,4,West,0
CUST-02283,24,57.85,Monthly,Credit Card,Yes,3,9.6,1,1,No,3,West,0
CUST-02284,57,46.12,Monthly,Credit Card,No,4,2.3,2,0,No,3,South,0
CUST-02285,50,49.19,Annual,PayPal,Yes,0,3.6,1,1,No,1,Midwest,0
CUST-02286,60,46.75,Monthly,Credit Card,No,1,3.6,1,1,Yes,1,West,1
CUST-02287,66,92.35,Monthly,PayPal,Yes,1,3.4,2,1,Yes,4,South,0
CUST-02288,60,11.67,Two-Year,Debit Card,No,2,7.1,3,1,No,5,West,0
CUST-02289,68,45.01,Monthly,Debit Card,Yes,4,9.6,2,1,Yes,4,South,0
CUST-02290,30,51.93,Monthly,PayPal,No,1,28.9,3,1,No,3,West,0
CUST-02291,29,37.94,Annual,Debit Card,No,1,15.0,1,0,No,2,Northeast,0
CUST-02292,24,68.2,Monthly,Credit Card,No,2,1.9,3,0,No,2,Midwest,0
CUST-02293,17,66.64,Monthly,Credit Card,Yes,1,19.8,2,4,Yes,5,West,0
CUST-02294,54,51.14,Two-Year,PayPal,No,1,5.2,2,0,Yes,3,Midwest,0
CUST-02295,52,47.13,Annual,Debit Card,No,3,10.9,2,1,Yes,4,South,0
CUST-02296,58,49.98,Monthly,PayPal,Yes,2,7.2,3,1,No,5,Northeast,0
CUST-02297,13,50.11,Annual,Debit Card,No,0,20.5,1,0,No,5,Midwest,0
CUST-02298,36,50.59,Monthly,Debit Card,No,0,14.3,2,0,No,3,Northeast,0
CUST-02299,16,48.62,Monthly,Credit Card,No,1,18.9,3,0,Yes,5,West,0
CUST-02300,65,56.54,Annual,Credit Card,Yes,2,11.2,2,0,Yes,3,South,0
CUST-02301,20,65.56,Monthly,Bank Transfer,Yes,1,5.9,1,0,No,5,South,1
CUST-02302,11,29.86,Monthly,Credit Card,Yes,1,12.2,1,0,Yes,3,Northeast,0
CUST-02303,42,33.09,Two-Year,Bank Transfer,No,0,16.8,1,0,No,1,Northeast,0
CUST-02304,64,20.53,Monthly,Credit Card,No,0,4.6,2,0,Yes,5,West,0
CUST-02305,66,67.6,Monthly,Debit Card,Yes,1,10.4,2,2,No,4,Midwest,0
CUST-02306,7,56.51,Monthly,Credit Card,Yes,3,13.4,1,1,No,5,Midwest,1
CUST-02307,24,61.09,Annual,PayPal,Yes,1,5.6,3,2,No,3,West,0
CUST-02308,12,26.27,Annual,Credit Card,Yes,3,6.5,2,1,No,3,Northeast,0
CUST-02309,23,84.13,Two-Year,PayPal,No,2,7.6,1,1,No,4,Northeast,0
CUST-02310,39,41.04,Monthly,Bank Transfer,No,2,10.5,1,1,Yes,5,South,1
CUST-02311,21,55.03,Annual,PayPal,Yes,1,8.3,3,2,Yes,1,South,0
CUST-02312,5,67.38,Annual,Credit Card,Yes,1,8.8,3,0,No,4,Northeast,0
CUST-02313,37,34.23,Monthly,PayPal,Yes,1,21.8,4,1,No,3,South,0
CUST-02314,4,42.17,Monthly,Debit Card,No,1,8.1,2,0,No,3,South,1
CUST-02315,17,55.23,Annual,Credit Card,No,0,18.1,3,1,Yes,2,Northeast,0
CUST-02316,1,103.43,Monthly,Debit Card,Yes,0,27.3,1,1,No,1,Midwest,0
CUST-02317,7,57.42,Annual,PayPal,Yes,2,4.9,1,2,No,3,South,0
CUST-02318,32,80.91,Monthly,Debit Card,No,1,14.5,1,0,Yes,4,South,0
CUST-02319,62,73.7,Monthly,PayPal,No,1,6.2,2,1,Yes,3,Midwest,0
CUST-02320,56,58.62,Two-Year,PayPal,Yes,1,14.1,1,1,No,2,South,0
CUST-02321,8,34.19,Annual,Debit Card,Yes,2,6.1,2,1,No,4,Midwest,0
CUST-02322,3,71.08,Monthly,Debit Card,No,2,1.7,1,1,Yes,5,Midwest,1
CUST-02323,25,25.03,Annual,PayPal,No,0,12.9,2,0,Yes,5,Northeast,0
CUST-02324,47,80.82,Monthly,Debit Card,No,3,8.9,3,0,No,4,Northeast,0
CUST-02325,54,55.6,Annual,Credit Card,Yes,0,17.2,2,2,Yes,4,Northeast,0
CUST-02326,60,10.0,Monthly,Debit Card,Yes,1,6.0,1,1,No,3,West,0
CUST-02327,25,45.87,Monthly,Bank Transfer,Yes,0,8.0,1,1,Yes,4,South,0
CUST-02328,13,63.77,Monthly,Credit Card,No,0,5.8,1,0,No,5,South,0
CUST-02329,2,47.73,Monthly,Credit Card,No,1,3.5,2,0,Yes,3,South,1
CUST-02330,11,64.87,Monthly,Credit Card,Yes,2,10.3,1,1,Yes,5,South,0
CUST-02331,5,36.7,Monthly,Credit Card,No,0,8.0,3,0,No,4,South,0
CUST-02332,62,28.49,Two-Year,Bank Transfer,No,2,2.2,3,0,Yes,3,South,0
CUST-02333,20,50.71,Monthly,Debit Card,Yes,2,17.5,1,2,Yes,5,South,0
CUST-02334,60,52.57,Monthly,PayPal,No,2,8.7,1,0,No,5,Northeast,0
CUST-02335,40,45.73,Monthly,PayPal,No,0,5.7,1,1,No,3,Midwest,1
CUST-02336,39,74.09,Annual,Debit Card,Yes,1,13.0,3,1,No,4,Midwest,0
CUST-02337,33,36.7,Monthly,PayPal,No,4,15.2,1,1,Yes,5,South,0
CUST-02338,59,57.64,Monthly,Bank Transfer,Yes,2,3.8,2,2,No,4,Northeast,0
CUST-02339,4,53.22,Annual,PayPal,No,2,3.4,2,0,Yes,5,West,1
CUST-02340,7,23.98,Monthly,PayPal,No,2,6.5,2,1,No,1,Northeast,0
CUST-02341,31,28.26,Two-Year,Debit Card,No,1,10.7,2,2,No,5,South,0
CUST-02342,29,52.21,Monthly,Bank Transfer,No,1,19.3,1,0,Yes,4,South,0
CUST-02343,40,87.66,Annual,Credit Card,Yes,4,1.0,3,0,No,2,Midwest,0
CUST-02344,54,62.43,Monthly,PayPal,Yes,0,22.6,1,0,No,2,West,0
CUST-02345,43,20.94,Annual,Debit Card,No,1,9.2,2,0,No,4,West,0
CUST-02346,19,10.0,Annual,PayPal,Yes,1,16.8,3,0,No,3,South,0
CUST-02347,24,65.19,Monthly,Bank Transfer,No,2,16.1,1,0,No,1,Northeast,0
CUST-02348,55,50.27,Monthly,PayPal,Yes,2,8.1,2,1,No,2,South,0
CUST-02349,15,72.54,Monthly,Credit Card,Yes,2,6.4,2,0,Yes,2,South,0
CUST-02350,37,36.15,Monthly,PayPal,Yes,2,11.1,1,1,No,2,South,0
CUST-02351,39,58.3,Two-Year,Bank Transfer,No,1,9.4,2,1,No,4,West,0
CUST-02352,55,67.23,Annual,PayPal,Yes,2,5.5,1,1,No,4,South,0
CUST-02353,52,43.95,Annual,Bank Transfer,No,2,8.1,3,0,No,4,South,0
CUST-02354,34,44.33,Two-Year,PayPal,Yes,4,6.8,2,0,Yes,4,Northeast,0
CUST-02355,23,52.45,Annual,Bank Transfer,No,0,8.5,2,1,No,1,West,0
CUST-02356,27,61.77,Annual,Debit Card,No,1,15.2,2,1,No,5,South,0
CUST-02357,30,51.74,Monthly,Debit Card,Yes,2,6.8,2,0,No,5,South,0
CUST-02358,16,69.53,Monthly,Bank Transfer,Yes,0,9.9,1,0,Yes,5,South,0
CUST-02359,46,43.69,Monthly,Bank Transfer,Yes,1,8.0,1,0,No,3,Northeast,0
CUST-02360,16,28.09,Monthly,Credit Card,Yes,1,7.9,1,0,Yes,5,South,0
CUST-02361,47,87.59,Monthly,Credit Card,No,0,7.2,3,0,No,4,Northeast,0
CUST-02362,55,41.12,Monthly,Debit Card,Yes,0,11.3,2,0,No,4,South,0
CUST-02363,70,41.77,Monthly,PayPal,No,3,1.3,1,0,Yes,5,Northeast,0
CUST-02364,9,50.82,Monthly,Bank Transfer,No,1,11.4,1,1,No,3,South,1
CUST-02365,55,53.21,Monthly,PayPal,Yes,0,9.6,2,0,No,4,South,0
CUST-02366,7,45.04,Monthly,Credit Card,No,1,9.2,2,0,Yes,3,West,0
CUST-02367,25,51.69,Monthly,Credit Card,No,1,12.4,2,1,No,3,Midwest,0
CUST-02368,13,51.28,Monthly,Bank Transfer,Yes,1,2.5,1,1,Yes,5,Northeast,0
CUST-02369,12,55.15,Annual,Debit Card,No,0,14.9,1,0,Yes,4,Midwest,0
CUST-02370,13,10.0,Annual,Credit Card,No,0,7.1,3,0,No,4,South,0
CUST-02371,4,85.86,Monthly,Credit Card,Yes,3,6.8,2,0,Yes,3,South,0
CUST-02372,60,49.35,Monthly,PayPal,Yes,2,4.7,2,0,Yes,5,Northeast,0
CUST-02373,5,62.45,Monthly,Debit Card,No,5,5.1,1,0,Yes,4,Midwest,1
CUST-02374,29,27.19,Monthly,Credit Card,Yes,0,2.4,4,4,No,3,Northeast,0
CUST-02375,51,43.52,Monthly,Credit Card,No,0,8.7,1,1,No,2,South,0
CUST-02376,72,39.9,Two-Year,Bank Transfer,No,1,6.0,2,1,No,3,West,0
CUST-02377,62,78.46,Monthly,Debit Card,No,2,13.6,2,1,No,5,Northeast,0
CUST-02378,10,41.46,Monthly,Debit Card,Yes,1,10.2,1,0,Yes,3,West,0
CUST-02379,72,65.65,Annual,Credit Card,Yes,0,9.4,1,1,No,3,South,0
CUST-02380,48,40.29,Monthly,Credit Card,No,2,6.4,2,0,No,3,South,0
CUST-02381,13,43.85,Monthly,PayPal,Yes,1,7.4,2,0,No,3,South,0
CUST-02382,33,47.58,Monthly,PayPal,Yes,2,18.9,4,1,No,4,South,0
CUST-02383,67,75.11,Two-Year,Debit Card,Yes,1,6.3,2,2,Yes,5,West,0
CUST-02384,29,17.98,Monthly,Bank Transfer,Yes,1,1.1,3,0,No,5,Northeast,0
CUST-02385,14,28.32,Annual,Debit Card,Yes,3,7.2,2,0,No,5,Midwest,0
CUST-02386,64,16.95,Annual,Bank Transfer,Yes,0,4.3,2,1,Yes,4,West,0
CUST-02387,69,32.42,Monthly,Credit Card,No,2,6.9,4,0,Yes,5,Northeast,0
CUST-02388,71,37.39,Annual,Debit Card,No,1,8.5,3,2,No,3,West,0
CUST-02389,69,22.94,Monthly,Bank Transfer,No,1,4.4,1,1,No,2,South,0
CUST-02390,63,38.79,Monthly,Bank Transfer,No,2,2.3,2,2,No,5,West,0
CUST-02391,33,15.74,Monthly,PayPal,Yes,1,7.3,1,0,No,5,South,0
CUST-02392,14,33.68,Two-Year,PayPal,Yes,1,17.5,4,0,No,3,South,0
CUST-02393,45,73.61,Monthly,PayPal,No,2,8.2,2,1,No,3,West,0
CUST-02394,16,59.26,Monthly,PayPal,Yes,4,9.7,2,0,No,3,Midwest,0
CUST-02395,35,55.37,Two-Year,Credit Card,Yes,0,6.7,4,0,Yes,3,West,0
CUST-02396,48,33.95,Monthly,Debit Card,Yes,4,10.7,1,1,Yes,5,South,0
CUST-02397,69,24.35,Two-Year,PayPal,No,1,12.5,2,1,No,3,South,0
CUST-02398,21,31.5,Annual,PayPal,Yes,3,15.7,2,1,No,4,West,0
CUST-02399,19,51.22,Annual,Bank Transfer,Yes,1,18.3,1,0,Yes,2,South,0
CUST-02400,53,67.63,Annual,Debit Card,Yes,0,10.1,1,0,No,4,Midwest,0
CUST-02401,1,68.24,Annual,Credit Card,No,0,15.9,2,0,Yes,4,West,0
CUST-02402,41,63.35,Monthly,Credit Card,Yes,1,13.6,1,0,No,2,Midwest,0
CUST-02403,54,38.72,Two-Year,Bank Transfer,No,1,10.9,3,0,Yes,3,Midwest,0
CUST-02404,40,52.44,Two-Year,Credit Card,Yes,1,8.1,1,0,No,3,Northeast,0
CUST-02405,28,46.22,Two-Year,Bank Transfer,Yes,1,1.8,1,1,No,4,Northeast,0
CUST-02406,60,48.38,Annual,Credit Card,Yes,1,24.3,1,1,No,1,West,0
CUST-02407,27,88.67,Monthly,Debit Card,Yes,0,8.8,1,0,No,4,West,0
CUST-02408,52,20.28,Monthly,PayPal,Yes,2,6.2,2,2,Yes,3,South,0
CUST-02409,34,47.78,Monthly,Debit Card,No,1,6.2,4,2,Yes,5,Midwest,0
CUST-02410,2,73.81,Monthly,PayPal,Yes,0,12.4,1,1,No,5,Northeast,1
CUST-02411,39,25.61,Annual,Credit Card,No,4,3.7,1,0,No,4,Northeast,0
CUST-02412,4,40.41,Annual,Debit Card,Yes,0,17.4,1,0,No,3,Northeast,0
CUST-02413,68,42.48,Monthly,PayPal,Yes,2,10.0,2,0,No,3,Northeast,0
CUST-02414,44,47.98,Monthly,Bank Transfer,No,2,5.4,1,1,Yes,1,Northeast,0
CUST-02415,27,23.27,Annual,Credit Card,No,1,11.4,1,0,No,3,Northeast,0
CUST-02416,36,62.72,Monthly,Debit Card,Yes,1,13.0,2,0,Yes,2,Midwest,0
CUST-02417,45,63.99,Two-Year,PayPal,Yes,3,5.3,3,1,No,4,South,0
CUST-02418,19,61.15,Annual,Bank Transfer,No,1,11.2,1,3,No,5,South,0
CUST-02419,21,36.33,Monthly,Bank Transfer,Yes,0,6.7,2,0,No,1,South,1
CUST-02420,31,53.56,Monthly,Bank Transfer,No,2,17.0,2,1,Yes,5,South,1
CUST-02421,19,35.81,Annual,Debit Card,No,3,6.8,1,0,No,3,Northeast,1
CUST-02422,55,46.01,Monthly,PayPal,Yes,2,7.2,2,1,No,1,Midwest,0
CUST-02423,8,90.76,Annual,Bank Transfer,No,3,1.2,1,0,No,2,Northeast,0
CUST-02424,60,53.72,Monthly,Bank Transfer,Yes,1,15.0,2,3,No,1,West,0
CUST-02425,26,30.62,Monthly,PayPal,No,2,6.9,1,0,Yes,4,South,0
CUST-02426,41,55.25,Monthly,PayPal,No,5,6.7,2,1,No,3,South,0
CUST-02427,12,27.67,Annual,Bank Transfer,No,0,16.1,2,1,No,4,Northeast,0
CUST-02428,28,30.42,Two-Year,Credit Card,No,2,10.5,3,0,Yes,4,Northeast,0
CUST-02429,55,33.26,Two-Year,Credit Card,No,1,4.9,1,2,No,3,South,0
CUST-02430,20,44.0,Monthly,Bank Transfer,Yes,3,9.7,2,0,Yes,2,West,0
CUST-02431,10,68.87,Annual,Debit Card,Yes,0,10.7,3,0,No,5,Northeast,0
CUST-02432,38,62.41,Monthly,Credit Card,Yes,2,7.5,2,1,No,2,South,0
CUST-02433,12,61.41,Annual,Debit Card,Yes,3,20.8,2,0,Yes,4,South,0
CUST-02434,23,32.22,Two-Year,PayPal,No,0,7.3,2,1,Yes,4,West,0
CUST-02435,33,42.26,Monthly,PayPal,Yes,3,8.3,3,3,Yes,5,Midwest,0
CUST-02436,41,56.9,Two-Year,PayPal,No,2,8.5,2,2,No,4,Northeast,0
CUST-02437,47,40.69,Monthly,Credit Card,Yes,3,12.5,2,5,No,5,Northeast,0
CUST-02438,49,46.99,Monthly,Debit Card,Yes,2,4.6,3,0,No,2,Midwest,0
CUST-02439,61,59.94,Monthly,Credit Card,Yes,1,13.4,4,1,No,4,Midwest,0
CUST-02440,5,45.72,Two-Year,Bank Transfer,No,1,25.7,3,0,No,4,Midwest,0
CUST-02441,27,56.07,Monthly,Credit Card,Yes,1,3.1,1,0,No,5,Midwest,0
CUST-02442,1,80.67,Annual,PayPal,Yes,1,4.8,2,0,No,4,West,0
CUST-02443,1,48.91,Monthly,PayPal,Yes,0,2.8,1,2,Yes,4,South,0
CUST-02444,16,73.23,Annual,PayPal,No,0,1.6,2,0,No,5,South,0
CUST-02445,44,62.07,Monthly,PayPal,Yes,1,4.7,2,1,No,3,West,1
CUST-02446,65,25.59,Monthly,PayPal,No,2,4.9,1,3,No,4,South,0
CUST-02447,56,32.16,Annual,PayPal,Yes,1,13.0,2,2,No,4,West,0
CUST-02448,47,37.0,Annual,Credit Card,Yes,0,15.9,1,2,Yes,3,Midwest,0
CUST-02449,57,36.61,Monthly,Debit Card,No,1,9.7,3,0,No,3,Midwest,0
CUST-02450,13,50.37,Monthly,Debit Card,No,1,14.8,1,0,No,4,West,0
CUST-02451,61,63.06,Monthly,Debit Card,No,2,12.4,1,0,Yes,3,Midwest,0
CUST-02452,65,74.59,Two-Year,PayPal,Yes,1,5.6,2,0,No,5,Northeast,0
CUST-02453,7,57.55,Annual,Credit Card,No,1,10.4,2,0,No,4,South,1
CUST-02454,34,43.98,Annual,PayPal,Yes,1,4.3,2,3,No,4,South,0
CUST-02455,60,14.52,Annual,Credit Card,No,1,8.3,3,1,No,2,South,0
CUST-02456,35,53.27,Annual,PayPal,Yes,2,9.3,3,0,No,5,South,0
CUST-02457,61,52.46,Monthly,Credit Card,Yes,2,11.6,1,2,Yes,5,Northeast,0
CUST-02458,68,55.29,Monthly,Debit Card,Yes,1,19.5,1,2,No,4,South,0
CUST-02459,35,89.91,Annual,Debit Card,No,1,3.5,1,3,No,2,Midwest,0
CUST-02460,5,74.33,Monthly,PayPal,No,3,8.1,1,2,No,4,Northeast,0
CUST-02461,25,66.13,Monthly,Credit Card,Yes,0,17.6,2,1,No,2,South,0
CUST-02462,16,34.68,Annual,PayPal,Yes,1,5.3,1,2,Yes,1,Midwest,0
CUST-02463,35,42.77,Annual,PayPal,Yes,1,4.5,1,1,No,3,Midwest,0
CUST-02464,43,50.29,Annual,Bank Transfer,Yes,1,12.2,2,2,No,3,Northeast,0
CUST-02465,34,38.04,Monthly,PayPal,No,1,11.2,2,1,No,5,Northeast,0
CUST-02466,15,61.01,Two-Year,PayPal,Yes,3,2.8,4,1,No,4,South,0
CUST-02467,22,58.42,Monthly,PayPal,Yes,1,5.9,2,0,No,4,West,0
CUST-02468,49,32.41,Monthly,Credit Card,Yes,2,4.0,1,0,No,5,Northeast,0
CUST-02469,2,73.54,Two-Year,PayPal,Yes,1,4.0,1,1,No,3,West,0
CUST-02470,16,53.84,Annual,Debit Card,No,2,10.7,1,0,Yes,5,West,0
CUST-02471,65,20.88,Two-Year,PayPal,Yes,4,10.7,2,1,No,4,Midwest,0
CUST-02472,8,51.08,Annual,Credit Card,No,2,8.2,2,0,No,2,West,1
CUST-02473,30,57.06,Annual,Debit Card,No,1,3.5,4,0,No,4,South,0
CUST-02474,15,69.51,Monthly,PayPal,Yes,1,4.1,1,0,Yes,4,South,1
CUST-02475,8,45.93,Monthly,Debit Card,Yes,1,10.2,1,1,No,4,Midwest,0
CUST-02476,31,66.9,Two-Year,Credit Card,No,0,3.0,1,1,No,3,Northeast,0
CUST-02477,38,55.37,Annual,Debit Card,No,2,2.2,2,0,No,4,Midwest,0
CUST-02478,13,28.33,Monthly,Bank Transfer,Yes,3,6.2,4,1,Yes,1,West,0
CUST-02479,6,26.53,Monthly,Credit Card,No,2,8.2,1,1,No,5,Midwest,0
CUST-02480,10,72.21,Monthly,Debit Card,Yes,0,2.4,2,1,No,4,Northeast,0
CUST-02481,47,73.53,Monthly,Bank Transfer,Yes,0,10.4,1,0,Yes,4,Northeast,0
CUST-02482,62,57.81,Annual,Bank Transfer,Yes,5,7.6,2,1,No,4,Northeast,0
CUST-02483,13,78.92,Monthly,Credit Card,No,2,3.8,1,3,No,5,Northeast,1
CUST-02484,24,71.02,Monthly,Debit Card,Yes,0,8.6,1,1,No,2,West,0
CUST-02485,25,64.31,Two-Year,Credit Card,Yes,2,1.8,2,0,No,4,Northeast,0
CUST-02486,26,35.6,Monthly,Bank Transfer,Yes,1,6.5,1,0,Yes,4,West,1
CUST-02487,18,83.17,Monthly,Debit Card,Yes,3,6.7,1,0,Yes,4,West,0
CUST-02488,4,61.65,Monthly,Debit Card,Yes,2,8.2,1,0,No,4,Midwest,1
CUST-02489,38,45.05,Monthly,Credit Card,No,1,8.8,1,1,Yes,5,Midwest,0
CUST-02490,26,39.97,Monthly,PayPal,Yes,2,12.6,2,0,No,4,Northeast,0
CUST-02491,25,56.62,Monthly,Credit Card,No,2,8.0,1,0,No,5,Midwest,0
CUST-02492,20,21.92,Monthly,PayPal,No,2,3.0,2,1,Yes,4,South,0
CUST-02493,67,64.59,Monthly,Debit Card,No,2,4.5,2,0,Yes,4,Northeast,0
CUST-02494,44,34.84,Monthly,PayPal,No,1,29.7,1,2,Yes,4,West,0
CUST-02495,31,58.67,Monthly,Bank Transfer,Yes,2,2.4,1,3,No,4,South,1
CUST-02496,15,42.61,Two-Year,Credit Card,Yes,2,22.7,2,0,Yes,5,Midwest,0
CUST-02497,58,47.24,Monthly,Credit Card,Yes,1,20.8,2,1,No,4,Northeast,0
CUST-02498,64,38.38,Monthly,Debit Card,Yes,3,2.9,2,0,No,4,Northeast,0
CUST-02499,3,49.1,Two-Year,PayPal,Yes,2,13.9,2,0,No,4,South,0
CUST-02500,67,86.01,Monthly,Credit Card,No,2,10.4,3,1,No,1,Northeast,0
CUST-02501,51,76.93,Monthly,PayPal,No,1,15.3,2,0,No,3,Midwest,0
CUST-02502,8,58.38,Annual,Debit Card,Yes,0,4.6,3,1,Yes,1,Northeast,0
CUST-02503,55,51.54,Monthly,PayPal,No,2,10.4,2,0,Yes,4,South,0
CUST-02504,8,67.2,Monthly,PayPal,Yes,1,5.3,4,2,Yes,5,South,0
CUST-02505,4,72.34,Annual,Credit Card,Yes,2,3.9,3,0,No,1,South,0
CUST-02506,9,37.06,Annual,Credit Card,Yes,1,8.6,1,2,No,4,Midwest,0
CUST-02507,34,50.61,Monthly,PayPal,No,1,12.3,2,0,Yes,5,South,0
CUST-02508,45,19.2,Monthly,Debit Card,Yes,3,11.7,1,1,No,2,Northeast,0
CUST-02509,30,72.22,Monthly,PayPal,Yes,0,14.4,3,1,Yes,3,South,0
CUST-02510,9,89.17,Annual,Bank Transfer,Yes,1,4.8,1,0,No,2,South,0
CUST-02511,15,53.44,Monthly,Credit Card,Yes,2,20.7,2,2,Yes,4,South,0
CUST-02512,62,13.75,Monthly,Debit Card,No,0,8.4,1,0,No,4,Midwest,0
CUST-02513,70,62.96,Monthly,Debit Card,Yes,1,3.7,3,2,No,3,South,0
CUST-02514,55,35.73,Two-Year,Credit Card,No,2,13.8,4,1,No,5,South,0
CUST-02515,8,40.06,Monthly,Bank Transfer,No,1,7.7,2,1,Yes,3,West,0
CUST-02516,60,63.28,Monthly,Bank Transfer,Yes,1,4.7,1,0,No,2,Northeast,0
CUST-02517,50,56.58,Monthly,Credit Card,Yes,4,5.7,2,0,No,5,Midwest,0
CUST-02518,38,43.21,Annual,Bank Transfer,No,0,7.8,1,0,Yes,3,West,0
CUST-02519,11,40.31,Monthly,Credit Card,Yes,0,2.1,4,0,Yes,4,West,0
CUST-02520,72,54.27,Two-Year,Bank Transfer,Yes,1,18.4,1,0,No,3,South,0
CUST-02521,32,44.63,Monthly,Bank Transfer,No,2,11.1,2,1,No,3,Northeast,1
CUST-02522,4,32.03,Monthly,Credit Card,No,1,8.4,1,1,No,2,South,0
CUST-02523,16,46.01,Monthly,PayPal,No,1,6.7,4,0,No,5,Northeast,0
CUST-02524,29,58.11,Monthly,PayPal,No,0,14.9,2,0,No,3,Midwest,0
CUST-02525,5,48.79,Monthly,Credit Card,Yes,2,19.0,4,1,No,5,South,0
CUST-02526,24,26.56,Annual,Debit Card,No,0,3.4,1,3,Yes,4,Midwest,0
CUST-02527,34,69.8,Monthly,PayPal,Yes,1,8.4,2,1,Yes,4,West,0
CUST-02528,69,10.0,Annual,Credit Card,No,5,10.0,1,1,No,4,Northeast,0
CUST-02529,7,43.97,Monthly,Credit Card,Yes,1,14.8,3,1,No,5,South,0
CUST-02530,42,40.84,Annual,Credit Card,Yes,2,12.0,1,1,No,3,South,0
CUST-02531,66,54.67,Monthly,PayPal,Yes,1,10.4,2,0,No,3,Midwest,1
CUST-02532,59,62.11,Monthly,Debit Card,No,1,8.0,2,1,No,5,South,0
CUST-02533,67,72.28,Monthly,Debit Card,Yes,1,3.1,1,1,Yes,2,Northeast,0
CUST-02534,13,39.18,Two-Year,Credit Card,No,4,8.8,3,1,No,4,West,0
CUST-02535,58,62.56,Two-Year,Credit Card,Yes,1,6.9,3,0,Yes,5,Northeast,0
CUST-02536,71,55.52,Annual,PayPal,Yes,2,3.4,2,0,Yes,5,Midwest,0
CUST-02537,24,21.19,Two-Year,Credit Card,Yes,0,19.0,2,1,No,5,South,0
CUST-02538,36,86.21,Monthly,PayPal,Yes,1,8.3,1,0,Yes,1,South,0
CUST-02539,39,26.1,Monthly,Debit Card,No,2,11.9,2,0,No,4,West,0
CUST-02540,36,59.55,Monthly,PayPal,No,2,7.1,3,0,No,4,Midwest,0
CUST-02541,21,59.02,Two-Year,Debit Card,No,0,4.2,1,2,No,3,Midwest,0
CUST-02542,70,56.96,Monthly,Bank Transfer,Yes,0,12.4,4,0,No,4,Midwest,0
CUST-02543,69,43.1,Monthly,Credit Card,Yes,3,19.8,2,1,No,5,Midwest,0
CUST-02544,28,66.89,Annual,Bank Transfer,No,0,14.7,1,0,No,4,South,0
CUST-02545,58,23.91,Monthly,Credit Card,No,0,10.6,1,1,No,4,Northeast,0
CUST-02546,29,50.82,Annual,Credit Card,No,0,7.0,2,0,Yes,4,West,0
CUST-02547,58,41.85,Monthly,PayPal,Yes,2,9.5,4,1,No,3,South,0
CUST-02548,43,39.81,Annual,Credit Card,No,0,12.1,2,1,No,4,West,0
CUST-02549,34,59.72,Two-Year,Debit Card,Yes,3,6.6,2,3,No,4,Midwest,0
CUST-02550,10,71.39,Annual,PayPal,No,1,12.0,4,1,Yes,4,Midwest,0
CUST-02551,48,45.82,Monthly,PayPal,No,0,7.3,1,0,Yes,4,Midwest,0
CUST-02552,24,66.05,Monthly,PayPal,No,3,1.7,1,1,Yes,3,West,1
CUST-02553,16,52.9,Monthly,Bank Transfer,Yes,0,4.3,3,1,No,1,West,0
CUST-02554,14,35.93,Monthly,Debit Card,No,2,7.5,2,0,No,4,South,0
CUST-02555,71,47.36,Annual,Credit Card,Yes,1,8.8,1,0,Yes,5,South,0
CUST-02556,8,46.61,Monthly,PayPal,Yes,2,13.8,3,0,No,3,South,0
CUST-02557,58,39.46,Monthly,Credit Card,No,1,9.8,1,0,No,4,Northeast,0
CUST-02558,63,59.71,Monthly,Credit Card,Yes,2,2.6,2,0,No,4,Northeast,0
CUST-02559,3,56.22,Two-Year,Credit Card,Yes,0,12.1,3,1,Yes,4,Northeast,0
CUST-02560,43,23.37,Monthly,Debit Card,No,1,6.8,1,0,No,5,Northeast,0
CUST-02561,42,22.27,Monthly,Debit Card,No,2,3.1,3,0,Yes,5,South,0
CUST-02562,26,59.64,Monthly,Credit Card,No,1,12.1,3,0,No,5,Midwest,0
CUST-02563,49,37.32,Monthly,PayPal,Yes,1,13.2,1,2,Yes,3,Northeast,0
CUST-02564,30,57.44,Two-Year,PayPal,No,1,9.1,1,0,Yes,2,Midwest,0
CUST-02565,32,66.06,Monthly,Bank Transfer,Yes,0,10.1,3,0,Yes,3,West,0
CUST-02566,32,29.12,Annual,Credit Card,Yes,0,8.9,2,1,No,4,South,0
CUST-02567,58,26.59,Annual,Credit Card,Yes,1,11.8,1,1,Yes,1,South,0
CUST-02568,46,82.14,Annual,PayPal,No,3,7.4,1,1,No,5,Midwest,0
CUST-02569,28,58.33,Annual,Credit Card,Yes,1,1.6,1,0,No,5,Midwest,0
CUST-02570,67,44.45,Annual,Debit Card,Yes,1,4.4,2,0,No,4,South,0
CUST-02571,58,35.19,Monthly,PayPal,No,3,4.9,3,1,Yes,4,South,0
CUST-02572,68,42.81,Monthly,PayPal,No,2,6.8,2,1,Yes,3,West,0
CUST-02573,53,30.57,Annual,Credit Card,No,3,7.2,1,1,No,5,South,0
CUST-02574,29,67.9,Annual,PayPal,No,0,18.0,3,1,Yes,3,West,0
CUST-02575,56,38.02,Monthly,PayPal,No,0,8.3,1,0,No,2,South,0
CUST-02576,24,71.68,Monthly,Bank Transfer,Yes,0,10.1,1,3,No,5,Northeast,1
CUST-02577,20,44.79,Monthly,Credit Card,Yes,2,7.6,4,1,Yes,5,West,0
CUST-02578,33,33.22,Monthly,PayPal,No,3,8.9,2,0,Yes,3,West,1
CUST-02579,70,44.33,Monthly,PayPal,No,1,10.0,2,1,No,4,Northeast,0
CUST-02580,41,10.0,Monthly,Credit Card,No,1,14.7,3,0,No,4,Northeast,0
CUST-02581,28,49.83,Monthly,PayPal,Yes,2,14.5,1,1,No,5,South,0
CUST-02582,34,48.94,Annual,PayPal,No,2,3.0,2,1,Yes,4,West,0
CUST-02583,21,66.85,Annual,Credit Card,No,0,5.1,3,0,No,3,West,0
CUST-02584,48,18.05,Annual,Debit Card,Yes,0,6.7,1,2,No,4,Midwest,0
CUST-02585,26,72.91,Annual,Debit Card,No,1,13.9,3,0,No,5,Midwest,0
CUST-02586,40,66.77,Monthly,PayPal,No,0,9.5,1,0,No,1,Northeast,1
CUST-02587,27,74.54,Monthly,Credit Card,No,4,7.2,3,1,No,4,South,0
CUST-02588,24,51.05,Annual,Debit Card,No,0,3.6,2,0,Yes,2,West,0
CUST-02589,70,70.25,Annual,Credit Card,Yes,1,12.4,2,1,Yes,3,Northeast,0
CUST-02590,25,25.52,Annual,PayPal,No,2,15.1,2,1,No,4,Northeast,0
CUST-02591,6,64.83,Annual,PayPal,Yes,0,4.5,1,2,No,4,Midwest,0
CUST-02592,28,38.12,Annual,Debit Card,No,0,2.5,1,1,No,5,West,0
CUST-02593,39,22.27,Annual,Debit Card,No,1,7.9,2,0,No,4,West,0
CUST-02594,7,31.77,Annual,Credit Card,No,1,8.0,3,0,No,5,South,0
CUST-02595,23,52.1,Annual,Credit Card,No,1,17.5,1,0,No,4,South,0
CUST-02596,12,37.16,Monthly,PayPal,No,1,5.6,3,0,No,2,Midwest,0
CUST-02597,37,58.77,Monthly,Credit Card,Yes,0,5.0,1,0,No,4,Northeast,0
CUST-02598,53,19.45,Monthly,PayPal,Yes,0,4.9,2,0,No,2,South,0
CUST-02599,70,13.71,Monthly,PayPal,Yes,0,3.8,2,1,No,4,Midwest,0
CUST-02600,29,76.7,Annual,Bank Transfer,No,2,7.3,2,1,No,4,Northeast,0
CUST-02601,63,68.27,Monthly,Credit Card,No,3,12.8,2,0,No,3,West,0
CUST-02602,16,33.11,Monthly,Debit Card,No,4,13.2,1,0,Yes,4,South,0
CUST-02603,57,51.95,Annual,Credit Card,Yes,3,3.9,1,1,No,4,West,0
CUST-02604,41,70.35,Monthly,Bank Transfer,No,2,14.2,2,0,Yes,3,South,0
CUST-02605,55,59.55,Annual,PayPal,Yes,0,8.3,2,0,Yes,3,South,0
CUST-02606,55,54.67,Monthly,PayPal,No,2,2.0,1,0,Yes,5,South,0
CUST-02607,39,71.71,Monthly,PayPal,No,0,12.0,1,0,No,5,West,0
CUST-02608,19,38.85,Monthly,Credit Card,Yes,0,14.6,1,0,No,3,South,0
CUST-02609,38,52.56,Monthly,PayPal,No,3,5.9,1,1,No,4,South,1
CUST-02610,60,51.68,Monthly,PayPal,Yes,0,8.2,2,1,No,3,Midwest,0
CUST-02611,70,47.09,Monthly,Credit Card,Yes,0,7.2,3,0,Yes,5,West,0
CUST-02612,67,44.98,Monthly,Bank Transfer,No,4,8.7,1,1,No,4,West,1
CUST-02613,14,53.31,Monthly,Bank Transfer,No,0,7.0,1,1,No,4,Midwest,0
CUST-02614,44,52.62,Annual,Bank Transfer,Yes,1,9.2,1,0,Yes,2,South,0
CUST-02615,8,33.13,Monthly,PayPal,Yes,2,1.5,2,1,Yes,2,Northeast,0
CUST-02616,49,66.43,Monthly,Credit Card,Yes,1,5.7,2,0,Yes,5,South,0
CUST-02617,72,34.43,Monthly,PayPal,Yes,2,7.5,1,0,Yes,4,Northeast,0
CUST-02618,4,48.07,Two-Year,Credit Card,Yes,1,11.2,1,0,No,1,West,0
CUST-02619,48,46.68,Annual,PayPal,Yes,4,1.5,3,0,Yes,4,West,0
CUST-02620,69,58.45,Two-Year,Credit Card,No,0,14.7,2,1,No,4,South,0
CUST-02621,61,13.86,Two-Year,Bank Transfer,Yes,0,8.3,3,1,No,3,Northeast,0
CUST-02622,29,68.04,Monthly,Credit Card,Yes,3,14.0,2,3,No,3,South,0
CUST-02623,8,39.81,Annual,Credit Card,Yes,0,9.9,3,0,No,3,South,0
CUST-02624,67,73.96,Monthly,Credit Card,Yes,2,16.7,3,1,No,4,South,0
CUST-02625,67,43.39,Two-Year,PayPal,No,2,10.3,1,0,No,5,Midwest,0
CUST-02626,42,51.12,Monthly,Credit Card,Yes,1,2.6,1,1,Yes,4,West,0
CUST-02627,71,86.45,Monthly,Credit Card,Yes,1,11.5,1,0,No,5,Northeast,0
CUST-02628,1,47.01,Two-Year,Credit Card,No,2,8.7,3,0,No,2,West,0
CUST-02629,45,74.3,Annual,Credit Card,No,1,5.5,1,0,No,5,West,0
CUST-02630,3,52.7,Two-Year,Bank Transfer,Yes,2,9.0,2,0,No,4,West,0
CUST-02631,68,59.48,Monthly,Debit Card,Yes,0,10.4,2,1,Yes,3,South,0
CUST-02632,49,53.26,Monthly,Credit Card,No,2,9.3,2,1,No,4,South,0
CUST-02633,66,67.26,Monthly,Credit Card,No,0,3.1,2,0,Yes,3,South,0
CUST-02634,41,39.66,Monthly,Credit Card,No,1,17.6,2,0,No,5,Midwest,0
CUST-02635,6,34.29,Monthly,Debit Card,Yes,3,12.5,1,0,No,5,South,0
CUST-02636,2,40.51,Monthly,Credit Card,No,2,8.0,1,1,Yes,3,South,1
CUST-02637,25,53.79,Annual,Credit Card,Yes,1,6.7,1,0,No,3,West,0
CUST-02638,54,48.03,Monthly,Credit Card,Yes,0,17.0,3,1,No,2,Northeast,0
CUST-02639,11,64.78,Annual,Credit Card,No,0,9.2,4,0,Yes,1,Northeast,0
CUST-02640,62,75.49,Annual,PayPal,No,0,3.2,3,0,No,3,Northeast,0
CUST-02641,18,34.43,Annual,Credit Card,Yes,1,17.0,1,0,Yes,4,Midwest,0
CUST-02642,36,38.79,Monthly,PayPal,Yes,0,6.1,1,0,Yes,4,South,1
CUST-02643,15,26.15,Monthly,PayPal,No,0,3.2,2,0,Yes,5,Northeast,1
CUST-02644,34,88.55,Monthly,Bank Transfer,Yes,0,9.3,1,0,No,3,South,1
CUST-02645,33,57.48,Annual,Credit Card,Yes,2,5.3,3,0,Yes,1,Northeast,0
CUST-02646,1,60.64,Monthly,PayPal,Yes,0,7.5,3,0,No,4,Midwest,0
CUST-02647,41,27.88,Monthly,Bank Transfer,Yes,1,10.2,4,1,No,2,West,1
CUST-02648,57,51.98,Two-Year,Bank Transfer,No,0,0.8,3,0,No,4,Northeast,0
CUST-02649,68,61.17,Annual,PayPal,Yes,1,8.6,2,2,No,4,Midwest,0
CUST-02650,24,47.45,Annual,Credit Card,Yes,2,15.0,1,2,Yes,3,South,0
CUST-02651,64,71.36,Monthly,Bank Transfer,No,0,3.4,3,1,Yes,3,South,0
CUST-02652,64,93.61,Two-Year,PayPal,Yes,0,1.3,2,1,No,3,South,0
CUST-02653,72,34.95,Monthly,Credit Card,No,4,12.7,3,1,No,2,Midwest,0
CUST-02654,27,33.6,Monthly,Credit Card,Yes,0,8.4,1,0,Yes,4,Midwest,0
CUST-02655,62,36.2,Two-Year,Bank Transfer,No,1,10.9,2,0,Yes,3,Midwest,0
CUST-02656,41,80.91,Two-Year,Credit Card,No,2,6.2,2,1,Yes,4,Northeast,0
CUST-02657,5,70.76,Monthly,PayPal,No,0,9.2,1,2,Yes,4,South,0
CUST-02658,20,49.56,Monthly,Debit Card,Yes,1,17.2,2,0,No,3,West,0
CUST-02659,49,52.66,Monthly,PayPal,No,0,11.0,1,0,No,3,South,0
CUST-02660,12,37.3,Annual,Credit Card,No,0,3.7,1,1,No,5,West,0
CUST-02661,32,68.02,Annual,PayPal,Yes,2,14.3,2,1,Yes,3,South,0
CUST-02662,56,45.16,Monthly,Debit Card,Yes,2,7.7,1,0,No,2,South,0
CUST-02663,11,47.32,Monthly,Bank Transfer,Yes,0,1.7,3,1,Yes,4,Midwest,1
CUST-02664,36,62.96,Annual,Credit Card,Yes,0,4.7,1,0,No,3,Northeast,0
CUST-02665,16,48.62,Annual,Credit Card,Yes,0,4.0,2,1,Yes,4,South,0
CUST-02666,39,47.77,Monthly,Credit Card,No,2,7.5,1,0,No,2,South,1
CUST-02667,18,52.19,Annual,Credit Card,No,1,14.6,2,0,No,1,Northeast,0
CUST-02668,70,66.32,Two-Year,Bank Transfer,Yes,2,12.4,2,1,No,4,South,0
CUST-02669,6,81.64,Monthly,Credit Card,No,2,5.4,3,0,Yes,3,South,0
CUST-02670,70,62.54,Annual,Credit Card,No,2,10.4,2,0,No,3,Midwest,0
CUST-02671,58,66.46,Annual,PayPal,Yes,3,5.9,2,1,Yes,5,Midwest,0
CUST-02672,62,48.4,Monthly,Credit Card,No,1,6.7,2,0,No,3,Midwest,0
CUST-02673,62,39.26,Annual,Credit Card,No,1,9.6,2,2,No,4,Northeast,0
CUST-02674,14,63.77,Annual,PayPal,No,1,3.4,1,0,Yes,5,South,0
CUST-02675,68,55.08,Monthly,Debit Card,Yes,2,7.1,2,0,No,4,West,0
CUST-02676,43,26.39,Monthly,Bank Transfer,Yes,2,7.1,2,1,No,4,West,0
CUST-02677,70,46.09,Annual,PayPal,No,1,5.0,2,1,No,4,West,0
CUST-02678,64,50.51,Monthly,Credit Card,Yes,0,10.3,3,0,No,3,Midwest,0
CUST-02679,42,42.81,Monthly,PayPal,Yes,2,10.3,1,1,No,5,South,0
CUST-02680,27,78.67,Monthly,Bank Transfer,Yes,2,4.3,1,1,No,3,South,1
CUST-02681,9,60.64,Annual,Debit Card,Yes,1,3.3,2,0,No,4,Midwest,0
CUST-02682,8,76.72,Two-Year,PayPal,Yes,4,7.7,2,0,Yes,4,Northeast,0
CUST-02683,29,56.74,Annual,Debit Card,No,1,4.6,1,0,Yes,4,Northeast,0
CUST-02684,59,53.46,Annual,Debit Card,Yes,5,6.2,1,0,No,4,South,0
CUST-02685,37,35.14,Monthly,PayPal,No,1,0.7,4,1,No,4,Midwest,0
CUST-02686,35,52.21,Monthly,Credit Card,No,3,7.1,1,2,Yes,4,South,1
CUST-02687,18,52.23,Two-Year,Debit Card,Yes,2,6.4,2,0,No,4,Northeast,0
CUST-02688,41,27.39,Monthly,Credit Card,Yes,1,3.5,1,1,No,4,Northeast,0
CUST-02689,46,42.29,Annual,PayPal,Yes,3,12.0,1,0,No,2,West,0
CUST-02690,71,46.18,Monthly,PayPal,No,2,6.3,1,0,Yes,4,Midwest,1
CUST-02691,53,59.44,Monthly,Debit Card,No,1,8.3,1,0,No,5,South,0
CUST-02692,44,60.3,Annual,Credit Card,Yes,1,11.7,2,1,No,3,Northeast,0
CUST-02693,66,41.54,Monthly,Bank Transfer,No,2,10.7,1,2,No,2,Midwest,0
CUST-02694,31,60.44,Monthly,Credit Card,No,2,2.9,2,0,Yes,5,Midwest,0
CUST-02695,68,48.72,Monthly,Credit Card,Yes,0,8.5,1,1,No,3,Northeast,0
CUST-02696,27,10.0,Monthly,Credit Card,No,3,4.9,3,0,No,4,South,0
CUST-02697,10,43.28,Monthly,PayPal,No,1,13.9,1,0,No,4,Midwest,0
CUST-02698,31,71.42,Two-Year,Credit Card,No,3,19.2,1,0,Yes,4,West,0
CUST-02699,10,21.73,Monthly,Bank Transfer,Yes,1,14.9,3,0,Yes,3,South,0
CUST-02700,9,54.03,Annual,PayPal,Yes,1,11.9,3,0,No,5,South,0
CUST-02701,64,80.53,Monthly,Credit Card,Yes,4,7.5,2,0,Yes,4,West,0
CUST-02702,58,38.31,Monthly,PayPal,Yes,0,12.4,1,3,Yes,4,Midwest,0
CUST-02703,16,52.04,Monthly,Credit Card,Yes,0,2.2,3,2,No,4,South,0
CUST-02704,61,28.53,Two-Year,Credit Card,No,1,5.3,2,0,Yes,5,West,0
CUST-02705,5,81.29,Annual,PayPal,Yes,0,10.4,2,0,No,5,South,0
CUST-02706,21,50.5,Two-Year,Credit Card,Yes,0,7.0,2,0,Yes,1,Midwest,0
CUST-02707,51,52.84,Monthly,Bank Transfer,No,1,3.9,1,1,Yes,3,South,0
CUST-02708,22,76.38,Annual,PayPal,Yes,0,10.2,1,0,No,2,Northeast,0
CUST-02709,53,63.91,Annual,Credit Card,Yes,2,16.5,1,2,No,5,South,0
CUST-02710,63,36.24,Two-Year,Bank Transfer,No,3,15.7,1,0,No,3,South,0
CUST-02711,5,40.35,Monthly,Debit Card,No,2,5.4,3,1,Yes,5,Northeast,0
CUST-02712,2,60.91,Two-Year,Credit Card,Yes,1,18.1,3,2,No,4,Northeast,0
CUST-02713,68,40.77,Monthly,Debit Card,No,2,6.0,1,0,No,5,West,0
CUST-02714,38,13.89,Annual,Bank Transfer,No,0,8.6,1,1,No,4,West,0
CUST-02715,37,51.04,Monthly,Debit Card,No,1,13.5,2,1,Yes,3,Northeast,0
CUST-02716,34,25.36,Annual,Debit Card,No,2,1.5,1,0,No,4,Midwest,0
CUST-02717,32,81.09,Monthly,Debit Card,Yes,3,8.3,3,0,Yes,2,Midwest,0
CUST-02718,50,55.18,Annual,Credit Card,Yes,0,4.5,4,1,No,3,South,0
CUST-02719,42,35.71,Monthly,Credit Card,No,0,6.4,2,0,Yes,2,Northeast,0
CUST-02720,12,39.42,Monthly,PayPal,Yes,1,13.5,1,1,No,5,West,0
CUST-02721,46,17.99,Annual,Bank Transfer,Yes,0,5.9,3,3,No,3,South,0
CUST-02722,49,32.21,Annual,PayPal,Yes,2,7.5,2,0,Yes,2,Midwest,0
CUST-02723,9,70.29,Monthly,Credit Card,Yes,1,7.8,2,2,Yes,3,West,0
CUST-02724,28,92.17,Annual,Debit Card,Yes,3,11.5,2,2,No,3,West,0
CUST-02725,57,65.08,Monthly,Credit Card,Yes,0,13.1,1,1,No,2,Northeast,0
CUST-02726,45,50.34,Annual,Credit Card,No,1,9.3,1,1,Yes,4,South,0
CUST-02727,10,44.22,Annual,PayPal,Yes,0,6.3,2,0,Yes,4,South,0
CUST-02728,3,34.78,Annual,Credit Card,No,3,8.9,1,0,No,4,Midwest,0
CUST-02729,42,89.08,Annual,Bank Transfer,Yes,3,6.1,1,1,No,5,West,0
CUST-02730,34,48.6,Monthly,Debit Card,Yes,2,19.0,2,2,No,1,South,1
CUST-02731,70,90.08,Monthly,PayPal,No,2,7.5,1,0,No,4,Midwest,0
CUST-02732,38,77.08,Annual,Bank Transfer,Yes,1,14.7,3,0,No,4,South,0
CUST-02733,68,20.67,Monthly,PayPal,Yes,3,14.8,4,0,No,4,South,0
CUST-02734,16,40.01,Monthly,Bank Transfer,No,2,9.3,4,1,No,3,South,0
CUST-02735,33,39.96,Annual,PayPal,Yes,2,10.0,1,0,Yes,3,South,0
CUST-02736,11,50.56,Monthly,PayPal,Yes,2,10.0,3,1,No,3,Midwest,0
CUST-02737,42,50.91,Monthly,Credit Card,No,4,11.2,1,0,No,3,Northeast,0
CUST-02738,14,105.93,Two-Year,Credit Card,Yes,2,3.7,1,1,No,4,South,0
CUST-02739,36,32.61,Monthly,Bank Transfer,No,0,23.7,1,0,Yes,3,Midwest,0
CUST-02740,25,56.12,Monthly,Credit Card,Yes,1,8.8,3,0,No,5,Northeast,0
CUST-02741,14,63.1,Monthly,Bank Transfer,Yes,2,16.5,1,0,No,5,South,0
CUST-02742,7,51.97,Monthly,Debit Card,Yes,1,8.9,2,0,Yes,3,South,0
CUST-02743,37,53.98,Annual,PayPal,No,1,9.2,3,0,No,5,Northeast,0
CUST-02744,69,33.19,Annual,Debit Card,Yes,5,5.5,2,0,No,4,Northeast,0
CUST-02745,15,53.92,Annual,Bank Transfer,No,1,6.0,3,1,No,1,Midwest,1
CUST-02746,30,61.21,Monthly,Credit Card,No,0,2.0,1,0,Yes,5,South,0
CUST-02747,17,57.9,Monthly,Debit Card,Yes,0,21.2,1,1,Yes,3,Midwest,0
CUST-02748,59,62.26,Monthly,Bank Transfer,Yes,4,15.0,2,1,No,1,Midwest,0
CUST-02749,30,77.43,Annual,Credit Card,No,1,5.5,2,1,No,2,South,0
CUST-02750,71,68.87,Annual,Credit Card,No,2,8.4,1,1,No,4,South,0
CUST-02751,18,53.28,Monthly,Bank Transfer,Yes,2,11.3,3,1,No,3,South,0
CUST-02752,6,30.91,Annual,Bank Transfer,No,0,3.9,1,2,Yes,4,Northeast,0
CUST-02753,42,41.2,Annual,Credit Card,Yes,1,5.2,2,0,Yes,5,Northeast,0
CUST-02754,47,48.05,Monthly,PayPal,No,2,7.8,1,0,No,5,Midwest,0
CUST-02755,72,56.54,Annual,Credit Card,No,1,17.1,2,0,No,5,Midwest,0
CUST-02756,63,43.39,Annual,Credit Card,Yes,1,5.4,2,0,No,2,Northeast,0
CUST-02757,64,35.16,Monthly,PayPal,Yes,1,11.4,2,1,Yes,4,South,0
CUST-02758,46,30.61,Monthly,Credit Card,Yes,4,20.6,1,0,Yes,5,West,1
CUST-02759,26,22.28,Annual,Debit Card,Yes,1,15.1,2,0,Yes,3,Northeast,0
CUST-02760,31,47.77,Two-Year,Credit Card,No,3,3.6,1,0,No,5,Midwest,0
CUST-02761,10,25.55,Annual,Bank Transfer,Yes,1,6.1,1,0,Yes,4,South,0
CUST-02762,32,33.99,Annual,PayPal,No,0,7.8,1,1,No,5,West,0
CUST-02763,27,44.91,Annual,Credit Card,No,2,4.9,3,3,Yes,3,South,0
CUST-02764,3,27.95,Monthly,Bank Transfer,No,1,2.1,1,0,Yes,2,West,1
CUST-02765,15,58.84,Monthly,PayPal,Yes,1,13.7,2,0,Yes,5,South,0
CUST-02766,39,65.32,Monthly,Credit Card,No,1,3.4,1,0,No,3,Midwest,0
CUST-02767,27,42.11,Two-Year,Bank Transfer,Yes,2,5.5,2,3,Yes,5,Midwest,0
CUST-02768,72,44.13,Annual,Credit Card,Yes,2,10.0,1,0,No,2,Midwest,0
CUST-02769,35,61.67,Two-Year,Credit Card,Yes,1,8.2,1,0,No,3,South,0
CUST-02770,70,39.15,Monthly,Debit Card,No,3,4.9,4,0,No,4,Midwest,1
CUST-02771,48,37.91,Monthly,Credit Card,Yes,2,18.2,4,1,No,5,Midwest,0
CUST-02772,3,73.54,Annual,PayPal,Yes,3,4.1,1,0,No,4,Midwest,0
CUST-02773,15,67.92,Monthly,PayPal,Yes,0,12.6,2,3,Yes,4,Midwest,0
CUST-02774,51,62.83,Monthly,Bank Transfer,No,0,11.0,3,1,No,3,Midwest,1
CUST-02775,40,68.66,Annual,Credit Card,No,0,11.3,4,0,No,2,West,0
CUST-02776,22,16.41,Annual,Credit Card,No,2,2.7,1,0,No,4,West,0
CUST-02777,38,76.37,Annual,Debit Card,No,0,7.9,3,0,No,4,Northeast,0
CUST-02778,66,59.06,Monthly,Credit Card,Yes,1,9.4,1,0,Yes,5,West,0
CUST-02779,28,70.19,Monthly,Bank Transfer,Yes,0,10.2,2,3,No,2,West,1
CUST-02780,4,58.97,Monthly,PayPal,Yes,1,7.3,2,1,Yes,1,Midwest,0
CUST-02781,23,52.88,Monthly,PayPal,Yes,2,11.5,2,0,No,4,Midwest,0
CUST-02782,68,47.04,Monthly,PayPal,No,0,7.6,3,3,No,4,South,0
CUST-02783,55,58.61,Monthly,Credit Card,Yes,1,4.7,1,1,No,4,South,0
CUST-02784,61,46.39,Two-Year,Credit Card,No,2,4.9,1,1,No,3,South,0
CUST-02785,66,67.62,Monthly,Debit Card,No,1,10.5,2,0,No,5,West,0
CUST-02786,9,23.44,Monthly,PayPal,No,2,5.1,1,1,Yes,4,Midwest,0
CUST-02787,21,42.25,Monthly,Debit Card,Yes,0,12.0,2,1,Yes,4,Northeast,0
CUST-02788,5,88.81,Annual,Credit Card,No,3,5.0,3,2,No,2,West,0
CUST-02789,1,40.73,Monthly,PayPal,No,1,3.8,2,0,Yes,1,Midwest,0
CUST-02790,61,47.7,Monthly,Credit Card,Yes,5,21.4,3,1,No,3,Midwest,0
CUST-02791,68,36.11,Monthly,Debit Card,No,1,16.3,1,0,No,3,South,0
CUST-02792,12,58.05,Monthly,Credit Card,Yes,1,8.7,1,0,No,3,Midwest,1
CUST-02793,52,38.75,Annual,Debit Card,No,0,6.0,3,0,Yes,3,West,0
CUST-02794,39,48.66,Monthly,Debit Card,No,1,12.1,2,0,No,4,Northeast,0
CUST-02795,5,67.28,Monthly,Bank Transfer,No,0,24.0,2,0,No,4,South,0
CUST-02796,66,39.42,Annual,PayPal,No,1,6.4,1,0,Yes,3,Northeast,0
CUST-02797,63,66.2,Monthly,Credit Card,No,3,20.9,2,1,Yes,3,South,0
CUST-02798,41,66.8,Annual,PayPal,Yes,1,6.0,1,0,No,4,Midwest,0
CUST-02799,51,70.99,Monthly,PayPal,Yes,1,3.0,3,2,No,1,West,0
CUST-02800,29,54.53,Annual,PayPal,No,0,8.4,1,0,No,1,South,0
CUST-02801,58,110.34,Monthly,Bank Transfer,No,1,2.7,1,0,No,3,West,0
CUST-02802,33,70.98,Monthly,PayPal,No,1,11.8,1,2,No,1,West,1
CUST-02803,72,57.85,Monthly,Credit Card,Yes,1,3.6,1,0,No,4,West,0
CUST-02804,5,36.23,Two-Year,Debit Card,Yes,2,10.8,4,2,No,4,South,0
CUST-02805,13,50.25,Monthly,Debit Card,No,0,13.2,2,2,Yes,1,Northeast,1
CUST-02806,70,77.67,Two-Year,Debit Card,No,1,19.8,2,1,Yes,3,Midwest,0
CUST-02807,21,82.77,Two-Year,Bank Transfer,Yes,0,3.1,1,1,No,2,Midwest,0
CUST-02808,23,78.61,Monthly,PayPal,Yes,2,5.5,2,2,No,5,South,1
CUST-02809,57,66.13,Monthly,Credit Card,No,1,6.7,1,0,No,3,West,1
CUST-02810,14,29.4,Monthly,Bank Transfer,No,1,11.2,2,0,Yes,3,Northeast,0
CUST-02811,37,60.77,Two-Year,PayPal,Yes,1,7.5,4,0,Yes,5,West,0
CUST-02812,21,29.65,Annual,Credit Card,Yes,1,4.3,1,0,No,3,West,0
CUST-02813,15,25.23,Monthly,Bank Transfer,Yes,3,6.0,3,1,Yes,2,Midwest,1
CUST-02814,70,56.3,Monthly,Debit Card,Yes,2,9.3,4,0,No,5,West,0
CUST-02815,15,61.42,Annual,Debit Card,Yes,0,6.4,4,1,No,4,Northeast,1
CUST-02816,7,68.26,Monthly,Debit Card,Yes,4,18.3,2,2,No,3,South,1
CUST-02817,49,60.95,Monthly,Bank Transfer,No,0,10.2,3,1,Yes,2,Northeast,0
CUST-02818,63,61.57,Monthly,Credit Card,Yes,1,4.3,1,0,No,5,South,0
CUST-02819,10,34.28,Monthly,Debit Card,No,2,8.0,2,0,No,2,Northeast,1
CUST-02820,51,50.11,Two-Year,PayPal,Yes,1,11.5,2,0,No,4,Northeast,0
CUST-02821,39,24.87,Annual,Bank Transfer,Yes,1,9.7,1,3,Yes,2,Northeast,0
CUST-02822,60,15.94,Monthly,Credit Card,Yes,0,6.2,1,0,Yes,3,Midwest,0
CUST-02823,10,65.33,Monthly,Credit Card,Yes,2,7.3,1,0,Yes,2,South,1
CUST-02824,71,38.44,Annual,Bank Transfer,No,1,7.9,1,0,No,1,Midwest,0
CUST-02825,45,67.7,Monthly,PayPal,No,2,14.1,2,1,Yes,4,Midwest,0
CUST-02826,61,71.95,Monthly,Debit Card,No,1,11.7,3,0,No,4,Midwest,0
CUST-02827,27,40.85,Monthly,Debit Card,No,1,3.0,2,1,Yes,2,West,1
CUST-02828,68,62.63,Annual,Debit Card,No,2,17.8,2,2,No,2,Midwest,0
CUST-02829,46,40.1,Two-Year,PayPal,No,0,20.9,2,4,Yes,5,Midwest,0
CUST-02830,10,18.77,Annual,PayPal,Yes,4,6.5,1,0,No,4,Northeast,0
CUST-02831,67,54.22,Monthly,PayPal,No,3,10.8,1,1,Yes,4,Northeast,0
CUST-02832,58,43.52,Annual,Credit Card,Yes,0,29.0,1,1,No,3,Midwest,0
CUST-02833,22,44.08,Monthly,PayPal,Yes,1,8.2,3,0,No,4,West,0
CUST-02834,40,87.56,Annual,Credit Card,No,1,9.3,3,1,Yes,3,Midwest,0
CUST-02835,28,24.53,Monthly,Bank Transfer,No,2,12.2,2,0,No,3,West,1
CUST-02836,40,58.89,Monthly,Credit Card,Yes,1,16.5,2,1,Yes,4,West,0
CUST-02837,70,34.09,Monthly,Credit Card,No,1,2.4,4,2,No,1,West,1
CUST-02838,65,68.35,Monthly,Credit Card,Yes,2,8.1,1,1,No,2,Midwest,0
CUST-02839,16,57.37,Monthly,Credit Card,No,3,16.5,1,1,No,4,West,0
CUST-02840,70,58.83,Annual,Debit Card,No,2,12.4,2,0,Yes,3,Midwest,0
CUST-02841,32,34.99,Annual,PayPal,Yes,1,10.2,2,1,Yes,5,South,0
CUST-02842,51,38.22,Annual,Bank Transfer,No,0,9.3,4,1,No,2,Northeast,0
CUST-02843,56,68.69,Monthly,Debit Card,No,6,16.0,3,2,Yes,2,West,0
CUST-02844,35,83.87,Monthly,Debit Card,No,2,11.6,3,0,No,1,South,0
CUST-02845,33,60.65,Monthly,Credit Card,No,0,20.0,2,1,No,5,Northeast,0
CUST-02846,33,35.85,Monthly,PayPal,No,0,7.5,3,2,Yes,5,Midwest,0
CUST-02847,63,58.1,Monthly,Credit Card,Yes,5,1.7,2,1,Yes,5,South,0
CUST-02848,28,95.69,Two-Year,Credit Card,No,2,15.0,2,3,Yes,5,South,0
CUST-02849,21,53.84,Two-Year,Credit Card,Yes,2,7.0,2,1,No,5,West,0
CUST-02850,27,78.31,Monthly,Credit Card,Yes,4,8.6,3,1,No,5,Midwest,0
CUST-02851,15,38.67,Annual,PayPal,Yes,1,9.7,1,1,No,3,Northeast,0
CUST-02852,29,51.24,Annual,Credit Card,Yes,1,6.1,2,1,No,4,Northeast,0
CUST-02853,9,63.15,Monthly,Credit Card,No,2,3.5,2,0,No,1,Midwest,1
CUST-02854,7,59.15,Annual,PayPal,No,3,14.4,2,1,No,5,Northeast,0
CUST-02855,53,38.21,Monthly,Credit Card,No,0,0.8,2,1,No,2,Northeast,0
CUST-02856,6,37.43,Monthly,PayPal,Yes,2,24.5,2,0,Yes,4,South,1
CUST-02857,41,69.79,Two-Year,Debit Card,Yes,2,8.7,2,1,Yes,3,Northeast,0
CUST-02858,57,73.45,Annual,Bank Transfer,Yes,2,1.7,2,0,No,4,West,0
CUST-02859,53,79.22,Monthly,PayPal,Yes,1,15.6,1,2,No,5,South,0
CUST-02860,33,84.47,Monthly,Credit Card,No,1,2.3,2,0,No,4,South,0
CUST-02861,14,54.42,Two-Year,Bank Transfer,Yes,0,5.9,1,2,Yes,5,Midwest,0
CUST-02862,68,46.4,Monthly,Debit Card,No,1,21.2,3,1,No,3,South,0
CUST-02863,61,76.32,Two-Year,Credit Card,Yes,5,11.1,3,0,Yes,4,South,0
CUST-02864,45,64.84,Annual,PayPal,No,0,10.2,1,0,Yes,5,South,0
CUST-02865,7,34.32,Monthly,PayPal,No,1,11.0,1,1,No,4,West,0
CUST-02866,3,33.39,Annual,Credit Card,No,2,4.7,1,1,No,4,Northeast,0
CUST-02867,23,60.85,Annual,Debit Card,Yes,0,1.4,3,0,No,3,Midwest,0
CUST-02868,12,48.81,Annual,Credit Card,Yes,3,11.3,1,1,No,5,Midwest,0
CUST-02869,62,51.52,Monthly,PayPal,No,1,10.5,2,0,No,3,South,0
CUST-02870,15,71.31,Monthly,Bank Transfer,Yes,3,7.8,2,1,Yes,3,Midwest,0
CUST-02871,21,65.66,Monthly,Debit Card,Yes,1,17.9,3,2,Yes,2,Northeast,1
CUST-02872,71,75.94,Annual,Bank Transfer,No,0,13.3,2,1,Yes,3,Northeast,0
CUST-02873,59,17.23,Annual,Credit Card,No,2,3.9,2,0,No,3,Midwest,0
CUST-02874,16,56.56,Annual,PayPal,No,1,6.7,2,2,No,5,South,0
CUST-02875,28,64.5,Annual,Bank Transfer,Yes,0,5.9,3,0,No,4,West,0
CUST-02876,38,24.52,Monthly,PayPal,Yes,1,4.8,2,1,No,5,Midwest,0
CUST-02877,48,40.21,Monthly,Credit Card,No,5,16.7,2,1,Yes,4,Northeast,0
CUST-02878,68,36.87,Annual,Debit Card,Yes,2,6.7,1,1,Yes,5,South,0
CUST-02879,63,52.39,Monthly,Credit Card,Yes,1,13.4,1,3,No,2,Midwest,0
CUST-02880,71,81.3,Annual,PayPal,Yes,3,11.5,1,0,Yes,4,West,0
CUST-02881,3,88.41,Monthly,Bank Transfer,No,0,3.9,2,0,Yes,2,South,1
CUST-02882,18,37.34,Monthly,Debit Card,Yes,1,16.7,2,1,No,2,Northeast,0
CUST-02883,41,61.48,Two-Year,Credit Card,No,3,8.3,4,1,No,1,Midwest,0
CUST-02884,4,62.06,Monthly,Credit Card,Yes,1,6.7,1,2,No,4,South,0
CUST-02885,26,58.98,Monthly,PayPal,Yes,2,3.2,2,1,Yes,4,Midwest,0
CUST-02886,12,59.18,Annual,PayPal,No,2,5.0,3,2,No,3,South,1
CUST-02887,68,57.47,Annual,Credit Card,No,1,4.3,1,0,No,5,South,0
CUST-02888,5,82.38,Two-Year,PayPal,No,1,2.6,2,1,No,5,South,0
CUST-02889,11,71.84,Two-Year,Credit Card,No,2,11.0,2,1,Yes,5,West,0
CUST-02890,15,32.92,Annual,PayPal,Yes,0,4.4,2,0,No,4,South,0
CUST-02891,11,66.32,Monthly,Debit Card,Yes,4,9.0,1,0,No,4,South,0
CUST-02892,41,68.06,Monthly,Credit Card,Yes,3,15.8,1,0,No,3,South,0
CUST-02893,27,57.67,Two-Year,PayPal,Yes,3,12.6,1,2,No,4,Northeast,0
CUST-02894,66,72.37,Monthly,PayPal,No,1,9.8,3,0,No,2,Northeast,0
CUST-02895,19,55.39,Two-Year,Debit Card,No,1,1.9,1,1,No,5,West,0
CUST-02896,39,55.61,Annual,PayPal,Yes,1,2.6,1,1,Yes,4,West,0
CUST-02897,48,54.18,Monthly,Debit Card,Yes,0,5.7,2,1,No,3,Midwest,0
CUST-02898,46,15.67,Monthly,Credit Card,No,2,10.3,4,1,Yes,2,South,0
CUST-02899,58,50.55,Annual,Bank Transfer,No,5,4.4,1,1,No,3,Midwest,0
CUST-02900,15,39.97,Monthly,Bank Transfer,Yes,0,4.3,2,1,No,2,Northeast,0
CUST-02901,37,30.64,Monthly,Credit Card,Yes,2,15.3,1,0,No,5,Northeast,0
CUST-02902,58,77.81,Annual,Bank Transfer,Yes,0,7.2,1,0,No,4,Northeast,0
CUST-02903,63,61.08,Monthly,PayPal,Yes,2,2.7,3,1,Yes,4,Midwest,0
CUST-02904,45,51.46,Monthly,Credit Card,Yes,2,10.4,2,1,Yes,4,South,0
CUST-02905,47,41.83,Annual,Debit Card,Yes,2,3.5,2,2,No,5,Northeast,0
CUST-02906,63,57.33,Annual,Credit Card,Yes,2,10.3,1,0,Yes,2,South,0
CUST-02907,45,69.85,Monthly,PayPal,Yes,5,6.5,2,0,Yes,4,West,0
CUST-02908,69,37.11,Two-Year,Bank Transfer,Yes,1,8.6,1,3,No,4,South,0
CUST-02909,10,51.91,Two-Year,Debit Card,Yes,5,4.2,2,1,No,5,South,0
CUST-02910,26,67.63,Monthly,Debit Card,Yes,1,6.3,2,1,No,3,South,0
CUST-02911,9,17.15,Monthly,Credit Card,No,4,5.7,2,0,No,3,Northeast,0
CUST-02912,7,50.96,Annual,Debit Card,No,1,4.6,2,0,No,1,South,0
CUST-02913,34,44.27,Monthly,PayPal,Yes,1,6.4,1,0,Yes,5,South,0
CUST-02914,17,49.59,Annual,Credit Card,Yes,3,1.9,3,3,Yes,3,South,0
CUST-02915,30,42.97,Annual,PayPal,No,1,12.1,4,0,No,2,West,0
CUST-02916,32,54.48,Monthly,Debit Card,Yes,2,11.7,3,0,No,5,South,0
CUST-02917,45,86.63,Monthly,PayPal,No,2,6.7,1,1,No,5,South,0
CUST-02918,69,46.17,Monthly,PayPal,No,0,6.8,1,0,No,4,South,0
CUST-02919,62,57.25,Two-Year,PayPal,Yes,1,6.3,2,0,Yes,3,Northeast,0
CUST-02920,28,87.91,Monthly,Debit Card,Yes,1,12.1,2,1,No,4,South,0
CUST-02921,24,42.1,Two-Year,PayPal,Yes,0,5.5,3,0,Yes,2,Midwest,0
CUST-02922,56,84.66,Monthly,PayPal,Yes,1,13.7,1,3,No,2,Midwest,0
CUST-02923,9,52.1,Annual,PayPal,Yes,1,3.2,2,1,No,4,Northeast,0
CUST-02924,39,84.07,Two-Year,PayPal,No,1,13.8,1,0,No,5,Midwest,0
CUST-02925,31,65.5,Monthly,Bank Transfer,Yes,2,1.5,4,2,No,2,South,0
CUST-02926,14,57.53,Monthly,Credit Card,No,0,6.1,1,0,No,4,Northeast,0
CUST-02927,45,50.82,Annual,Credit Card,No,1,12.2,3,0,No,3,West,0
CUST-02928,24,40.77,Annual,Bank Transfer,Yes,0,13.3,3,1,Yes,1,West,1
CUST-02929,14,53.36,Monthly,Credit Card,No,0,3.3,1,0,No,3,South,1
CUST-02930,48,68.15,Monthly,Bank Transfer,No,2,10.6,3,0,No,1,Midwest,0
CUST-02931,13,51.76,Annual,PayPal,Yes,0,10.0,1,3,No,2,Midwest,0
CUST-02932,49,46.3,Monthly,Bank Transfer,No,1,11.0,1,1,Yes,3,West,0
CUST-02933,12,47.49,Annual,PayPal,No,2,27.2,2,1,Yes,2,Northeast,0
CUST-02934,32,69.86,Monthly,PayPal,Yes,2,28.8,3,1,No,3,Northeast,0
CUST-02935,59,74.05,Monthly,PayPal,No,1,15.7,2,3,Yes,1,Midwest,0
CUST-02936,17,39.99,Annual,Debit Card,No,1,4.4,1,0,No,1,Northeast,1
CUST-02937,56,39.97,Monthly,Debit Card,No,1,5.9,2,0,Yes,5,West,0
CUST-02938,52,58.83,Two-Year,Credit Card,No,1,8.7,2,0,Yes,5,Northeast,0
CUST-02939,65,79.5,Annual,Credit Card,Yes,1,6.1,1,0,No,3,Midwest,0
CUST-02940,13,72.63,Monthly,Bank Transfer,Yes,4,4.5,1,3,No,5,Northeast,1
CUST-02941,52,29.47,Monthly,Credit Card,Yes,4,13.5,1,0,No,3,Midwest,0
CUST-02942,68,47.25,Monthly,PayPal,No,3,3.3,2,1,Yes,4,Northeast,0
CUST-02943,55,35.25,Annual,Debit Card,Yes,2,1.6,2,0,Yes,4,Northeast,0
CUST-02944,14,47.18,Annual,Credit Card,Yes,1,11.8,2,0,No,3,Northeast,0
CUST-02945,60,80.88,Annual,Bank Transfer,Yes,1,11.5,1,0,Yes,3,Midwest,0
CUST-02946,8,26.39,Monthly,Credit Card,No,5,2.7,3,1,Yes,3,Northeast,0
CUST-02947,43,22.86,Monthly,PayPal,Yes,4,2.7,2,3,No,4,South,0
CUST-02948,36,37.09,Monthly,Debit Card,Yes,2,7.6,1,1,Yes,1,West,0
CUST-02949,39,57.17,Annual,Credit Card,Yes,1,9.2,3,0,No,5,South,0
CUST-02950,38,63.17,Monthly,Credit Card,Yes,1,6.3,2,0,No,3,Northeast,0
CUST-02951,3,59.87,Monthly,PayPal,Yes,0,5.5,2,1,Yes,4,Midwest,0
CUST-02952,37,73.16,Monthly,Credit Card,Yes,1,7.3,1,2,No,3,Northeast,0
CUST-02953,68,20.26,Monthly,PayPal,No,0,11.2,1,0,No,5,Midwest,0
CUST-02954,32,73.39,Annual,PayPal,Yes,3,2.8,2,2,Yes,2,South,0
CUST-02955,20,46.38,Annual,Credit Card,Yes,1,8.3,3,0,No,3,West,0
CUST-02956,72,65.17,Two-Year,Credit Card,No,0,4.5,2,0,No,4,Northeast,0
CUST-02957,8,28.18,Monthly,Credit Card,Yes,0,25.2,1,0,Yes,3,South,0
CUST-02958,36,52.09,Annual,PayPal,Yes,1,8.6,2,0,No,4,West,0
CUST-02959,37,56.25,Monthly,Debit Card,Yes,2,17.4,1,0,No,1,Midwest,0
CUST-02960,35,72.8,Annual,Credit Card,Yes,2,10.9,1,1,Yes,5,Northeast,0
CUST-02961,67,23.47,Annual,Debit Card,Yes,2,21.0,3,0,No,5,Northeast,0
CUST-02962,31,52.55,Monthly,Debit Card,No,2,7.4,2,0,Yes,2,South,0
CUST-02963,71,32.47,Annual,PayPal,Yes,4,8.0,2,0,Yes,4,South,0
CUST-02964,5,61.1,Monthly,Credit Card,Yes,2,6.7,1,1,No,1,Northeast,0
CUST-02965,53,65.99,Monthly,Credit Card,No,1,4.9,1,1,Yes,5,West,0
CUST-02966,43,75.17,Monthly,Debit Card,Yes,3,2.9,2,0,Yes,2,Northeast,1
CUST-02967,18,42.37,Monthly,PayPal,No,1,9.2,2,1,Yes,3,West,0
CUST-02968,17,68.69,Two-Year,PayPal,Yes,1,13.2,2,1,No,5,Midwest,0
CUST-02969,52,76.5,Annual,Credit Card,No,2,7.1,2,0,Yes,2,Midwest,0
CUST-02970,46,22.42,Annual,Credit Card,No,1,5.7,2,0,No,5,Midwest,0
CUST-02971,45,63.02,Two-Year,PayPal,Yes,2,17.0,2,0,No,4,Northeast,0
CUST-02972,4,69.25,Annual,Credit Card,No,2,3.8,1,0,No,4,South,0
CUST-02973,44,47.34,Monthly,PayPal,Yes,1,7.8,2,0,No,2,West,0
CUST-02974,71,30.21,Monthly,Debit Card,No,3,11.8,2,0,No,4,West,0
CUST-02975,2,68.97,Monthly,Credit Card,Yes,1,4.4,2,1,Yes,4,Northeast,0
CUST-02976,34,30.41,Two-Year,Debit Card,Yes,1,7.9,1,0,No,3,West,0
CUST-02977,36,48.79,Two-Year,Credit Card,Yes,3,13.5,4,0,Yes,3,South,0
CUST-02978,65,51.28,Annual,PayPal,No,2,4.3,1,0,No,4,Midwest,0
CUST-02979,21,64.88,Monthly,Credit Card,No,1,11.0,4,0,No,3,West,0
CUST-02980,35,40.72,Monthly,Debit Card,No,0,2.3,3,1,Yes,4,Northeast,0
CUST-02981,52,39.68,Two-Year,Debit Card,Yes,2,7.0,2,2,No,3,Northeast,0
CUST-02982,5,53.78,Monthly,Credit Card,Yes,0,14.7,1,0,No,5,South,0
CUST-02983,58,70.12,Annual,PayPal,Yes,1,11.3,2,0,No,4,Midwest,0
CUST-02984,60,93.17,Monthly,PayPal,Yes,2,15.3,1,2,No,2,South,0
CUST-02985,52,24.87,Monthly,Bank Transfer,Yes,1,1.2,3,2,No,5,Midwest,1
CUST-02986,47,57.68,Annual,Credit Card,No,1,7.2,1,1,No,5,West,0
CUST-02987,54,32.44,Two-Year,Credit Card,No,0,4.6,2,0,No,5,Northeast,0
CUST-02988,57,70.34,Annual,Credit Card,Yes,1,7.4,2,2,Yes,3,West,0
CUST-02989,66,35.11,Monthly,Bank Transfer,Yes,1,13.8,1,0,No,3,Northeast,0
CUST-02990,31,39.86,Monthly,Debit Card,No,1,18.3,2,0,No,1,West,0
CUST-02991,33,41.39,Two-Year,Credit Card,No,1,23.1,2,0,No,5,Midwest,0
CUST-02992,46,50.63,Annual,PayPal,No,2,5.8,1,0,No,4,West,0
CUST-02993,14,57.82,Monthly,Credit Card,Yes,0,2.1,1,0,No,3,West,1
CUST-02994,62,60.71,Annual,Debit Card,Yes,4,1.7,2,0,No,2,Northeast,0
CUST-02995,56,51.9,Monthly,Debit Card,Yes,1,3.2,2,0,No,5,Midwest,0
CUST-02996,46,28.06,Monthly,PayPal,No,0,13.0,2,0,No,3,South,0
CUST-02997,22,65.1,Annual,PayPal,No,2,10.2,1,2,No,4,South,0
CUST-02998,26,51.05,Annual,Debit Card,No,3,18.3,2,1,No,2,South,0
CUST-02999,32,72.91,Monthly,PayPal,Yes,2,10.5,1,1,No,2,Midwest,0
CUST-03000,48,39.26,Monthly,Debit Card,Yes,2,7.4,1,0,No,3,Midwest,0
CUST-03001,57,23.16,Two-Year,Credit Card,Yes,1,5.8,2,0,No,3,Midwest,0
CUST-03002,49,51.39,Annual,Bank Transfer,No,1,16.9,2,1,Yes,3,Northeast,0
CUST-03003,67,75.33,Annual,PayPal,Yes,2,1.2,2,2,Yes,3,South,0
CUST-03004,70,54.9,Monthly,Bank Transfer,No,2,3.4,1,3,No,2,West,1
CUST-03005,51,48.41,Two-Year,PayPal,Yes,3,11.6,2,0,No,5,Midwest,0
CUST-03006,27,36.33,Two-Year,Credit Card,Yes,1,6.2,1,0,No,4,South,0
CUST-03007,44,83.64,Monthly,Debit Card,Yes,3,12.8,1,1,No,1,Northeast,0
CUST-03008,31,33.47,Monthly,Debit Card,Yes,0,12.0,3,0,No,3,West,0
CUST-03009,46,38.94,Annual,Credit Card,No,2,11.2,4,0,No,4,South,0
CUST-03010,59,62.26,Annual,Debit Card,No,1,10.9,4,0,Yes,3,West,0
CUST-03011,27,18.59,Annual,Debit Card,No,1,13.5,2,0,No,4,South,0
CUST-03012,37,74.94,Two-Year,Credit Card,Yes,2,13.5,1,0,No,5,Midwest,0
CUST-03013,4,63.24,Annual,Bank Transfer,No,3,7.9,3,0,No,4,Northeast,0
CUST-03014,54,68.19,Monthly,Credit Card,Yes,0,6.7,2,1,No,3,Northeast,0
CUST-03015,36,62.05,Monthly,Debit Card,No,3,9.7,4,0,No,2,Northeast,1
CUST-03016,34,49.1,Annual,PayPal,No,2,15.6,2,0,Yes,1,South,0
CUST-03017,39,32.86,Monthly,PayPal,Yes,0,4.7,2,0,No,1,Midwest,1
CUST-03018,16,49.48,Monthly,Credit Card,Yes,1,7.0,1,0,No,3,South,0
CUST-03019,44,34.45,Annual,PayPal,Yes,1,5.6,1,1,No,1,West,0
CUST-03020,54,60.75,Monthly,PayPal,Yes,1,4.1,2,0,Yes,3,Northeast,0
CUST-03021,26,66.52,Annual,Bank Transfer,No,3,5.9,4,3,No,1,West,1
CUST-03022,10,78.58,Monthly,Credit Card,No,1,3.1,2,1,No,5,Midwest,1
CUST-03023,28,58.69,Monthly,Credit Card,Yes,2,2.8,1,1,No,3,South,1
CUST-03024,15,68.64,Monthly,PayPal,Yes,3,19.5,2,0,No,4,South,0
CUST-03025,27,46.65,Annual,Credit Card,No,4,3.8,1,0,No,5,South,0
CUST-03026,46,43.39,Annual,PayPal,Yes,0,11.2,4,1,No,5,West,0
CUST-03027,9,60.53,Monthly,PayPal,Yes,3,23.1,1,1,Yes,5,South,0
CUST-03028,54,45.04,Monthly,PayPal,No,1,14.9,1,0,Yes,4,Midwest,0
CUST-03029,17,56.85,Monthly,Bank Transfer,Yes,1,10.9,2,1,No,3,Midwest,1
CUST-03030,65,32.9,Annual,PayPal,Yes,0,12.0,2,0,No,3,West,0
CUST-03031,53,36.13,Two-Year,Bank Transfer,Yes,0,5.7,2,0,No,3,Northeast,0
CUST-03032,20,63.44,Annual,PayPal,Yes,2,15.1,1,0,No,4,Midwest,0
CUST-03033,41,67.96,Monthly,Credit Card,No,2,20.5,3,1,No,3,South,1
CUST-03034,8,34.26,Annual,PayPal,No,4,6.4,2,0,Yes,2,South,1
CUST-03035,8,64.07,Monthly,PayPal,No,1,2.7,1,0,Yes,1,South,0
CUST-03036,69,42.41,Monthly,Bank Transfer,No,3,13.2,1,1,No,3,South,0
CUST-03037,58,52.3,Monthly,Credit Card,Yes,1,26.9,2,0,No,5,South,0
CUST-03038,12,77.5,Monthly,Debit Card,Yes,1,4.1,2,0,Yes,4,South,0
CUST-03039,21,66.53,Monthly,PayPal,No,0,1.1,2,0,No,3,West,1
CUST-03040,15,66.33,Annual,Credit Card,Yes,1,7.1,1,0,Yes,5,West,0
CUST-03041,29,86.36,Monthly,PayPal,No,0,5.4,1,1,No,4,Northeast,0
CUST-03042,21,39.33,Annual,Debit Card,Yes,1,8.9,1,1,No,5,Northeast,0
CUST-03043,24,34.25,Two-Year,Credit Card,Yes,1,4.8,2,1,Yes,5,South,0
CUST-03044,39,39.0,Annual,Credit Card,No,0,6.9,2,1,No,4,Midwest,0
CUST-03045,14,47.42,Monthly,PayPal,No,2,3.9,1,0,No,5,Midwest,1
CUST-03046,64,10.0,Annual,Credit Card,No,0,1.7,2,0,No,4,Northeast,0
CUST-03047,53,48.27,Monthly,PayPal,No,1,7.4,4,1,Yes,5,South,0
CUST-03048,55,42.2,Monthly,PayPal,Yes,0,11.6,1,1,No,2,Northeast,0
CUST-03049,13,66.11,Monthly,PayPal,No,4,3.2,1,1,No,5,Northeast,1
CUST-03050,51,58.34,Annual,Debit Card,No,0,24.4,2,1,No,4,South,0
CUST-03051,61,41.19,Annual,Credit Card,Yes,3,10.5,1,0,Yes,3,Midwest,0
CUST-03052,13,62.62,Annual,PayPal,No,0,5.7,1,0,No,4,Midwest,0
CUST-03053,55,65.02,Annual,Credit Card,Yes,2,16.5,4,0,Yes,1,Northeast,0
CUST-03054,26,38.17,Monthly,Credit Card,Yes,2,13.5,3,0,Yes,4,Northeast,0
CUST-03055,57,43.13,Annual,Bank Transfer,No,1,11.3,2,1,No,5,Northeast,0
CUST-03056,35,11.94,Two-Year,Credit Card,Yes,0,8.7,3,1,No,3,Midwest,0
CUST-03057,58,32.37,Monthly,Credit Card,No,0,5.8,1,2,Yes,4,Northeast,0
CUST-03058,11,38.64,Two-Year,Bank Transfer,Yes,1,9.9,3,1,Yes,4,West,0
CUST-03059,29,53.33,Two-Year,Credit Card,No,3,8.7,4,0,Yes,5,Midwest,0
CUST-03060,20,34.98,Monthly,Credit Card,Yes,0,16.0,2,1,No,5,Midwest,0
CUST-03061,18,42.76,Monthly,Debit Card,Yes,2,10.8,3,1,No,2,South,0
CUST-03062,23,29.94,Monthly,PayPal,No,0,6.5,3,1,No,3,South,0
CUST-03063,28,55.08,Annual,Bank Transfer,No,3,6.4,1,0,Yes,3,South,0
CUST-03064,10,59.66,Monthly,PayPal,Yes,1,4.7,1,0,Yes,3,South,0
CUST-03065,51,59.24,Monthly,Bank Transfer,Yes,1,9.0,2,1,No,1,Northeast,0
CUST-03066,40,52.22,Annual,Credit Card,Yes,0,5.9,2,1,Yes,4,Northeast,0
CUST-03067,60,24.26,Two-Year,PayPal,No,1,3.4,2,0,Yes,5,Northeast,0
CUST-03068,51,40.84,Annual,Credit Card,No,2,12.8,1,1,No,4,Midwest,0
CUST-03069,11,44.67,Annual,Bank Transfer,No,1,5.6,1,0,No,4,West,0
CUST-03070,6,44.74,Monthly,Bank Transfer,No,1,6.7,1,0,No,3,West,0
CUST-03071,31,53.35,Monthly,Credit Card,Yes,1,17.9,2,1,Yes,3,Midwest,0
CUST-03072,35,77.66,Annual,PayPal,No,1,13.9,1,0,Yes,2,West,0
CUST-03073,18,66.62,Monthly,PayPal,No,0,10.7,1,1,No,2,South,1
CUST-03074,57,34.22,Annual,Credit Card,No,1,8.9,4,0,No,5,West,0
CUST-03075,42,64.21,Two-Year,PayPal,No,0,20.1,2,0,No,5,Northeast,0
CUST-03076,54,63.53,Monthly,Bank Transfer,Yes,0,6.9,3,2,Yes,5,South,0
CUST-03077,8,37.49,Annual,Credit Card,No,1,4.8,1,1,No,5,South,0
CUST-03078,59,67.28,Annual,Credit Card,No,0,15.9,1,2,No,2,Midwest,0
CUST-03079,15,49.11,Annual,Bank Transfer,No,2,10.7,2,0,No,3,Midwest,0
CUST-03080,33,26.62,Monthly,Debit Card,Yes,0,4.2,4,0,No,3,West,0
CUST-03081,32,60.19,Monthly,Debit Card,Yes,3,10.8,2,1,No,2,Northeast,1
CUST-03082,60,55.91,Monthly,PayPal,No,2,2.7,3,0,No,3,West,0
CUST-03083,20,47.9,Annual,PayPal,No,3,14.1,1,1,Yes,4,South,0
CUST-03084,18,51.33,Monthly,Credit Card,Yes,1,9.1,1,0,No,4,Northeast,0
CUST-03085,25,39.06,Monthly,Credit Card,Yes,1,10.0,3,0,No,5,South,0
CUST-03086,26,62.98,Annual,PayPal,No,1,10.3,2,2,Yes,2,Northeast,0
CUST-03087,14,51.22,Monthly,Debit Card,No,0,10.7,1,0,No,4,Midwest,0
CUST-03088,13,55.0,Annual,PayPal,Yes,1,7.7,1,1,No,4,Northeast,0
CUST-03089,17,58.43,Monthly,Bank Transfer,Yes,2,8.2,3,1,No,4,Midwest,0
CUST-03090,34,31.22,Monthly,Credit Card,Yes,3,5.9,1,0,Yes,4,West,0
CUST-03091,25,35.9,Monthly,Bank Transfer,Yes,2,8.9,2,1,No,1,Midwest,1
CUST-03092,29,12.22,Monthly,PayPal,Yes,0,7.7,1,0,No,3,Midwest,1
CUST-03093,52,62.17,Two-Year,Bank Transfer,Yes,2,8.4,1,0,No,3,South,0
CUST-03094,18,30.18,Two-Year,Credit Card,No,0,3.2,2,0,No,3,Northeast,0
CUST-03095,66,54.39,Annual,Debit Card,Yes,0,5.3,1,1,No,3,South,0
CUST-03096,55,58.68,Annual,PayPal,Yes,1,1.5,2,1,Yes,4,South,0
CUST-03097,13,62.84,Annual,Bank Transfer,No,3,7.2,1,2,No,5,South,0
CUST-03098,23,30.33,Two-Year,Bank Transfer,Yes,4,3.8,3,0,No,2,Midwest,0
CUST-03099,14,50.83,Monthly,Debit Card,No,0,2.2,2,1,Yes,3,South,0
CUST-03100,20,82.07,Monthly,Debit Card,Yes,1,8.9,1,1,Yes,3,West,0
CUST-03101,27,82.86,Annual,Credit Card,No,1,4.1,2,2,No,2,Midwest,1
CUST-03102,10,69.77,Two-Year,PayPal,No,3,5.3,2,0,No,3,Midwest,0
CUST-03103,2,58.07,Monthly,Bank Transfer,Yes,0,9.8,1,1,No,5,West,0
CUST-03104,32,33.91,Monthly,PayPal,No,0,12.5,1,0,Yes,3,South,0
CUST-03105,51,64.94,Monthly,Debit Card,No,1,6.0,2,2,Yes,3,West,1
CUST-03106,22,49.16,Monthly,Bank Transfer,Yes,1,14.1,1,1,Yes,5,South,0
CUST-03107,62,62.09,Annual,Credit Card,No,4,16.2,2,1,No,4,South,1
CUST-03108,27,40.61,Monthly,Debit Card,Yes,1,7.4,1,1,Yes,3,West,0
CUST-03109,65,48.89,Two-Year,PayPal,Yes,2,7.4,1,0,No,1,West,0
CUST-03110,17,54.95,Annual,Debit Card,No,1,5.1,1,0,No,5,South,0
CUST-03111,39,56.43,Monthly,PayPal,Yes,2,8.6,1,0,Yes,5,Midwest,0
CUST-03112,55,60.89,Annual,PayPal,Yes,1,12.5,1,0,No,4,West,0
CUST-03113,5,41.57,Annual,Credit Card,Yes,2,15.5,1,1,No,2,Northeast,0
CUST-03114,67,27.82,Monthly,Credit Card,No,1,4.2,1,0,Yes,4,Midwest,0
CUST-03115,27,81.25,Monthly,Debit Card,Yes,0,7.7,2,2,No,4,South,0
CUST-03116,36,96.81,Annual,PayPal,Yes,0,11.3,1,0,No,1,West,0
CUST-03117,46,60.05,Monthly,Debit Card,No,0,2.3,4,1,Yes,2,Northeast,1
CUST-03118,47,28.17,Monthly,Debit Card,No,2,0.6,2,0,No,1,Midwest,1
CUST-03119,2,38.08,Monthly,Credit Card,Yes,2,7.5,3,1,No,2,Midwest,0
CUST-03120,63,61.16,Monthly,PayPal,No,1,4.3,2,2,No,4,Northeast,0
CUST-03121,45,76.14,Annual,Debit Card,Yes,2,3.9,1,0,No,4,West,0
CUST-03122,72,30.17,Monthly,Debit Card,No,0,4.4,2,0,No,5,South,0
CUST-03123,34,49.76,Annual,Debit Card,No,0,4.5,2,1,No,5,Northeast,0
CUST-03124,45,55.53,Monthly,Credit Card,Yes,1,9.7,2,1,No,5,Midwest,0
CUST-03125,32,67.56,Annual,Credit Card,No,2,1.4,3,2,Yes,1,Northeast,0
CUST-03126,65,45.82,Monthly,Credit Card,Yes,0,9.3,1,0,No,4,West,0
CUST-03127,60,23.85,Two-Year,PayPal,Yes,1,6.3,1,2,No,1,South,0
CUST-03128,66,63.18,Two-Year,Credit Card,Yes,2,2.9,2,0,No,4,West,0
CUST-03129,37,72.25,Monthly,Credit Card,Yes,0,10.7,1,1,No,2,Midwest,0
CUST-03130,57,50.51,Annual,Bank Transfer,No,3,9.6,3,0,Yes,4,West,0
CUST-03131,26,59.29,Monthly,Debit Card,Yes,2,4.7,2,0,No,3,South,1
CUST-03132,34,43.46,Annual,Debit Card,No,0,10.4,3,1,Yes,4,South,0
CUST-03133,55,36.78,Annual,Debit Card,Yes,5,14.9,1,0,No,4,Northeast,0
CUST-03134,6,70.48,Monthly,Credit Card,No,2,1.6,1,0,No,3,South,0
CUST-03135,52,58.97,Monthly,Credit Card,No,0,3.9,2,2,No,5,West,0
CUST-03136,2,60.83,Monthly,Bank Transfer,Yes,0,1.3,1,0,No,3,West,0
CUST-03137,42,79.04,Annual,Debit Card,Yes,0,11.8,3,2,No,2,Northeast,0
CUST-03138,35,33.01,Annual,PayPal,No,6,6.9,2,1,No,4,South,0
CUST-03139,34,42.06,Monthly,Bank Transfer,Yes,1,5.9,2,0,Yes,3,Northeast,0
CUST-03140,36,54.84,Monthly,Credit Card,Yes,2,11.4,1,1,No,5,South,0
CUST-03141,36,41.84,Monthly,PayPal,No,1,5.3,2,1,No,4,South,0
CUST-03142,30,66.1,Annual,Credit Card,No,2,11.5,1,2,Yes,3,West,0
CUST-03143,33,48.63,Monthly,Debit Card,No,2,3.4,2,1,Yes,4,South,0
CUST-03144,41,34.13,Monthly,Bank Transfer,No,3,7.6,1,0,No,5,Midwest,1
CUST-03145,55,53.18,Two-Year,Credit Card,Yes,5,12.7,2,0,No,3,West,0
CUST-03146,40,55.07,Monthly,Bank Transfer,No,1,2.5,3,2,Yes,2,Northeast,1
CUST-03147,47,68.82,Annual,PayPal,Yes,0,4.5,1,0,No,5,West,0
CUST-03148,61,59.08,Monthly,Debit Card,No,0,5.9,1,2,Yes,5,Midwest,0
CUST-03149,72,60.3,Monthly,Credit Card,No,1,19.1,2,1,No,5,West,0
CUST-03150,8,57.77,Annual,PayPal,Yes,1,9.0,2,2,No,3,West,0
CUST-03151,52,48.61,Monthly,Debit Card,No,0,3.0,1,1,No,5,South,0
CUST-03152,17,39.11,Monthly,Credit Card,Yes,2,20.8,1,1,No,3,Midwest,0
CUST-03153,15,57.2,Two-Year,Debit Card,No,1,18.1,2,1,No,4,West,0
CUST-03154,58,46.0,Annual,Credit Card,Yes,1,8.6,2,1,No,2,West,1
CUST-03155,5,82.42,Annual,Bank Transfer,Yes,1,24.2,2,0,No,3,Midwest,0
CUST-03156,62,76.16,Monthly,Debit Card,Yes,0,5.1,1,0,No,5,Northeast,0
CUST-03157,56,63.39,Monthly,Debit Card,No,2,6.4,2,0,Yes,1,South,0
CUST-03158,72,58.81,Monthly,PayPal,Yes,2,4.0,1,1,No,2,West,0
CUST-03159,49,50.42,Two-Year,PayPal,No,1,11.4,2,0,No,4,Northeast,0
CUST-03160,63,29.3,Annual,Bank Transfer,Yes,2,22.0,2,1,No,5,West,0
CUST-03161,9,48.11,Monthly,Bank Transfer,No,0,13.7,2,1,No,3,Midwest,1
CUST-03162,65,53.83,Two-Year,Credit Card,No,1,4.2,1,1,No,5,West,0
CUST-03163,12,56.13,Monthly,Debit Card,Yes,2,5.3,1,0,No,5,South,1
CUST-03164,23,60.45,Monthly,PayPal,Yes,1,12.7,2,0,No,4,South,0
CUST-03165,10,68.58,Monthly,Credit Card,No,2,4.1,3,1,No,4,West,1
CUST-03166,29,39.54,Monthly,PayPal,Yes,1,7.5,4,1,No,4,Midwest,0
CUST-03167,54,39.7,Two-Year,Credit Card,Yes,2,2.4,3,1,No,3,Midwest,0
CUST-03168,20,78.12,Annual,Bank Transfer,Yes,3,6.3,2,1,Yes,2,West,0
CUST-03169,60,65.88,Monthly,PayPal,Yes,0,8.6,3,0,No,2,South,0
CUST-03170,44,44.97,Monthly,PayPal,No,3,8.8,2,0,No,3,Northeast,0
CUST-03171,46,50.07,Annual,Debit Card,No,2,10.7,3,0,Yes,3,South,0
CUST-03172,68,50.15,Monthly,Bank Transfer,No,2,17.4,2,0,No,1,Midwest,0
CUST-03173,32,52.57,Monthly,PayPal,Yes,1,14.2,2,0,No,3,Midwest,0
CUST-03174,25,60.51,Annual,PayPal,No,3,13.5,1,1,Yes,5,South,1
CUST-03175,72,97.63,Monthly,PayPal,No,1,12.4,2,0,No,2,Midwest,0
CUST-03176,41,55.42,Monthly,Credit Card,No,0,8.9,1,0,No,5,Midwest,0
CUST-03177,45,63.93,Monthly,Credit Card,Yes,1,7.6,1,0,No,2,Northeast,0
CUST-03178,22,21.64,Two-Year,Credit Card,Yes,4,14.6,2,1,Yes,4,South,0
CUST-03179,16,43.27,Monthly,PayPal,No,2,12.7,3,1,No,5,West,0
CUST-03180,13,74.12,Annual,PayPal,No,2,4.8,3,0,Yes,1,Northeast,1
CUST-03181,17,59.24,Monthly,Debit Card,Yes,0,11.2,1,2,Yes,4,Midwest,0
CUST-03182,15,10.0,Annual,Bank Transfer,Yes,2,9.0,2,0,Yes,4,South,0
CUST-03183,54,64.13,Monthly,Credit Card,No,3,10.2,2,2,Yes,4,Midwest,0
CUST-03184,5,86.53,Monthly,PayPal,No,0,15.8,1,0,No,1,West,0
CUST-03185,46,16.07,Annual,Debit Card,No,0,5.1,3,1,Yes,4,West,0
CUST-03186,69,79.35,Annual,Debit Card,No,3,4.7,1,0,No,2,West,0
CUST-03187,56,10.0,Monthly,Credit Card,No,1,9.5,3,0,No,3,South,0
CUST-03188,30,68.88,Monthly,PayPal,No,1,5.4,1,0,Yes,3,Northeast,0
CUST-03189,5,51.84,Two-Year,PayPal,Yes,2,2.8,3,0,No,4,Midwest,1
CUST-03190,61,10.0,Monthly,Credit Card,Yes,1,3.7,2,0,No,5,Midwest,0
CUST-03191,1,60.03,Monthly,Debit Card,No,2,24.2,2,0,No,2,Northeast,0
CUST-03192,50,72.72,Monthly,PayPal,No,2,8.5,1,0,No,4,Midwest,1
CUST-03193,49,58.55,Monthly,Debit Card,Yes,2,11.4,1,1,Yes,5,Midwest,0
CUST-03194,14,62.53,Annual,PayPal,Yes,1,7.1,1,1,No,3,South,1
CUST-03195,54,44.59,Annual,Debit Card,No,2,15.0,3,0,Yes,5,West,0
CUST-03196,13,18.49,Monthly,Bank Transfer,No,1,1.5,2,2,Yes,3,West,0
CUST-03197,17,64.45,Annual,PayPal,Yes,2,19.0,1,1,Yes,2,Northeast,0
CUST-03198,59,83.5,Monthly,Credit Card,No,0,8.4,1,0,Yes,2,Northeast,0
CUST-03199,71,72.33,Annual,PayPal,Yes,2,5.4,1,0,No,5,Northeast,0
CUST-03200,20,16.22,Monthly,Debit Card,Yes,1,17.4,2,0,No,4,West,0
CUST-03201,67,24.73,Monthly,Bank Transfer,Yes,3,10.9,1,1,Yes,2,Northeast,0
CUST-03202,66,36.77,Annual,PayPal,Yes,0,7.7,3,3,No,3,South,0
CUST-03203,56,23.33,Monthly,Credit Card,Yes,0,3.0,2,0,No,3,Northeast,0
CUST-03204,11,52.8,Monthly,PayPal,No,0,7.9,1,0,No,5,Midwest,0
CUST-03205,22,59.08,Monthly,Credit Card,No,1,9.1,1,1,No,3,South,0
CUST-03206,49,26.26,Annual,Bank Transfer,Yes,0,9.8,2,1,Yes,2,Northeast,0
CUST-03207,72,65.99,Monthly,Bank Transfer,No,1,4.9,3,1,No,1,Midwest,0
CUST-03208,59,62.82,Annual,PayPal,No,3,5.0,1,1,No,4,South,0
CUST-03209,31,42.13,Annual,Debit Card,Yes,1,3.6,1,0,No,2,South,0
CUST-03210,17,48.89,Annual,PayPal,Yes,1,5.3,2,2,No,5,West,1
CUST-03211,70,16.9,Monthly,Debit Card,Yes,3,12.0,1,2,No,5,South,0
CUST-03212,20,46.02,Annual,Credit Card,No,1,21.4,1,0,No,4,West,0
CUST-03213,25,52.13,Monthly,Bank Transfer,Yes,2,7.0,2,2,No,4,West,0
CUST-03214,70,55.04,Two-Year,Debit Card,No,0,10.0,1,0,No,2,Northeast,0
CUST-03215,41,58.82,Annual,Credit Card,No,1,3.5,2,1,No,1,South,0
CUST-03216,20,56.4,Monthly,Credit Card,No,2,3.6,3,0,No,1,South,0
CUST-03217,1,47.24,Annual,Bank Transfer,Yes,1,14.5,3,0,No,4,Midwest,0
CUST-03218,31,57.15,Monthly,Bank Transfer,Yes,2,1.3,2,0,Yes,2,South,1
CUST-03219,71,70.04,Monthly,Debit Card,Yes,2,11.0,1,1,No,4,South,0
CUST-03220,32,50.28,Monthly,Credit Card,No,0,11.3,2,1,Yes,4,Midwest,0
CUST-03221,51,57.72,Annual,PayPal,No,0,14.7,1,0,No,5,West,0
CUST-03222,19,48.65,Annual,Debit Card,No,1,10.3,2,1,No,5,Midwest,0
CUST-03223,56,40.36,Two-Year,Bank Transfer,No,1,2.9,1,0,Yes,4,South,0
CUST-03224,56,61.41,Monthly,Bank Transfer,Yes,2,16.6,1,1,Yes,3,Midwest,0
CUST-03225,44,42.01,Annual,PayPal,Yes,2,5.9,1,0,Yes,5,Midwest,0
CUST-03226,56,58.95,Annual,Credit Card,Yes,6,15.9,1,1,No,2,West,0
CUST-03227,42,52.51,Annual,PayPal,Yes,1,13.9,2,0,No,2,Midwest,0
CUST-03228,28,46.53,Monthly,Bank Transfer,Yes,2,10.1,4,1,No,4,Midwest,0
CUST-03229,54,46.09,Monthly,Debit Card,Yes,2,14.0,2,1,No,5,Midwest,0
CUST-03230,61,42.85,Annual,Bank Transfer,No,0,17.9,1,1,No,2,South,0
CUST-03231,61,22.38,Monthly,Debit Card,Yes,2,11.0,2,1,No,5,Midwest,0
CUST-03232,16,58.89,Monthly,Bank Transfer,Yes,2,13.1,2,2,Yes,3,West,1
CUST-03233,49,56.17,Monthly,PayPal,Yes,0,4.5,3,1,No,4,West,0
CUST-03234,1,67.29,Monthly,Credit Card,Yes,0,12.5,2,0,No,4,Northeast,0
CUST-03235,42,42.43,Monthly,Debit Card,Yes,1,4.4,1,0,Yes,4,South,0
CUST-03236,42,86.12,Monthly,Credit Card,Yes,0,9.5,2,1,No,5,Northeast,0
CUST-03237,27,45.16,Annual,Debit Card,Yes,2,5.4,1,1,No,3,West,1
CUST-03238,72,36.25,Two-Year,Bank Transfer,No,1,6.3,1,0,Yes,4,South,0
CUST-03239,64,34.11,Monthly,Credit Card,Yes,4,19.2,4,0,Yes,4,West,0
CUST-03240,3,20.79,Monthly,Bank Transfer,Yes,2,8.3,3,1,No,5,Northeast,0
CUST-03241,16,79.59,Annual,Credit Card,Yes,1,9.4,1,0,Yes,5,Midwest,0
CUST-03242,15,76.68,Monthly,PayPal,Yes,1,12.9,2,0,No,3,South,0
CUST-03243,65,62.81,Two-Year,Bank Transfer,Yes,1,9.0,1,0,Yes,1,Midwest,0
CUST-03244,38,35.87,Annual,PayPal,Yes,7,12.4,1,1,No,5,West,0
CUST-03245,53,84.6,Monthly,Bank Transfer,No,0,13.1,3,3,No,2,West,0
CUST-03246,59,45.67,Monthly,Bank Transfer,No,0,6.0,3,0,Yes,3,Northeast,1
CUST-03247,56,47.16,Monthly,PayPal,No,1,3.9,1,0,No,4,West,1
CUST-03248,7,77.87,Annual,PayPal,Yes,1,8.9,3,0,Yes,2,West,0
CUST-03249,11,63.86,Monthly,Credit Card,Yes,0,6.3,1,1,No,5,Midwest,0
CUST-03250,29,91.62,Annual,Debit Card,Yes,0,13.7,2,0,No,3,Northeast,0
CUST-03251,25,56.48,Annual,Credit Card,No,0,6.4,4,1,No,3,South,0
CUST-03252,54,44.85,Annual,PayPal,Yes,0,17.8,3,1,No,4,Northeast,0
CUST-03253,12,40.99,Two-Year,PayPal,No,1,18.2,2,0,No,2,West,0
CUST-03254,27,18.75,Monthly,PayPal,Yes,2,16.9,1,0,No,4,South,0
CUST-03255,18,46.99,Monthly,Bank Transfer,Yes,1,11.8,2,2,Yes,1,West,1
CUST-03256,14,72.6,Annual,Credit Card,Yes,0,5.5,4,1,Yes,4,Midwest,0
CUST-03257,13,62.78,Monthly,Bank Transfer,Yes,2,6.9,1,0,Yes,3,South,1
CUST-03258,15,52.37,Monthly,Credit Card,No,1,11.7,1,1,No,5,South,0
CUST-03259,41,34.09,Monthly,Debit Card,No,0,7.8,1,1,Yes,1,South,1
CUST-03260,30,56.08,Monthly,PayPal,Yes,0,7.5,2,1,No,5,South,0
CUST-03261,32,70.23,Two-Year,Debit Card,Yes,2,17.4,1,0,Yes,3,South,0
CUST-03262,35,59.75,Monthly,PayPal,No,0,3.4,2,0,No,3,Northeast,0
CUST-03263,54,55.0,Annual,PayPal,Yes,0,12.1,1,2,Yes,2,Midwest,0
CUST-03264,63,37.65,Two-Year,PayPal,No,0,11.3,4,0,No,2,West,0
CUST-03265,38,67.61,Monthly,Credit Card,Yes,3,9.3,1,1,Yes,1,Northeast,0
CUST-03266,47,10.0,Annual,Credit Card,No,0,4.3,3,0,No,2,South,0
CUST-03267,54,58.89,Monthly,Credit Card,No,0,7.0,4,0,Yes,4,West,0
CUST-03268,50,98.27,Monthly,Debit Card,Yes,3,9.2,2,0,No,4,Midwest,0
CUST-03269,10,24.85,Monthly,Credit Card,Yes,2,4.0,1,1,Yes,2,Northeast,0
CUST-03270,71,47.66,Monthly,Credit Card,Yes,1,15.5,3,0,No,2,South,0
CUST-03271,12,51.86,Monthly,Bank Transfer,Yes,2,8.6,2,0,No,2,Northeast,0
CUST-03272,30,43.67,Monthly,Bank Transfer,No,3,8.2,2,0,No,4,Northeast,0
CUST-03273,47,70.65,Monthly,PayPal,Yes,0,12.5,1,1,Yes,3,Midwest,0
CUST-03274,30,60.5,Monthly,Credit Card,Yes,3,19.4,1,2,Yes,2,Northeast,0
CUST-03275,18,54.74,Annual,PayPal,No,2,6.9,2,1,No,3,South,0
CUST-03276,67,66.35,Monthly,Credit Card,No,0,3.7,2,0,No,4,Northeast,0
CUST-03277,6,52.3,Annual,Debit Card,Yes,1,20.8,4,1,No,2,Midwest,0
CUST-03278,18,109.24,Two-Year,Debit Card,No,2,9.8,2,3,Yes,5,South,0
CUST-03279,72,54.72,Annual,Bank Transfer,Yes,2,25.3,1,1,No,4,South,0
CUST-03280,53,55.52,Annual,PayPal,No,0,18.0,2,0,No,5,Northeast,0
CUST-03281,7,21.21,Annual,Credit Card,Yes,2,5.1,1,0,No,3,West,0
CUST-03282,55,42.22,Annual,PayPal,No,1,7.6,1,1,No,3,West,0
CUST-03283,70,72.65,Two-Year,Bank Transfer,Yes,3,1.3,1,1,No,5,West,0
CUST-03284,8,27.96,Two-Year,Credit Card,Yes,0,5.5,1,1,Yes,4,West,0
CUST-03285,30,13.16,Monthly,PayPal,No,0,3.3,1,0,Yes,2,West,1
CUST-03286,34,52.58,Annual,Credit Card,Yes,2,5.8,1,1,Yes,4,South,0
CUST-03287,10,76.67,Annual,Credit Card,Yes,2,2.5,1,1,No,4,West,0
CUST-03288,15,52.76,Monthly,Bank Transfer,Yes,0,4.8,3,0,No,5,West,0
CUST-03289,13,45.95,Monthly,Credit Card,No,2,5.7,1,1,No,4,South,1
CUST-03290,14,18.55,Annual,PayPal,Yes,1,8.2,3,0,No,4,Northeast,0
CUST-03291,30,60.14,Annual,Credit Card,Yes,1,2.9,3,1,Yes,3,South,1
CUST-03292,34,63.9,Monthly,PayPal,Yes,1,15.9,3,1,No,4,West,0
CUST-03293,18,19.93,Monthly,PayPal,No,2,5.5,1,1,No,1,Midwest,1
CUST-03294,21,72.42,Monthly,Bank Transfer,No,4,10.1,1,0,No,5,Midwest,0
CUST-03295,14,65.78,Monthly,PayPal,Yes,1,5.4,2,1,No,4,Northeast,1
CUST-03296,58,72.38,Two-Year,PayPal,Yes,2,8.5,2,0,No,4,Northeast,0
CUST-03297,16,62.5,Two-Year,Debit Card,Yes,1,8.0,1,0,No,4,South,0
CUST-03298,66,63.77,Monthly,Credit Card,Yes,1,16.3,1,0,No,3,South,0
CUST-03299,39,61.37,Monthly,PayPal,No,1,7.2,2,2,No,1,Northeast,1
CUST-03300,58,67.63,Annual,Debit Card,No,0,7.5,2,0,No,4,Northeast,0
CUST-03301,46,19.26,Annual,Credit Card,No,0,4.1,1,1,Yes,4,West,0
CUST-03302,20,24.98,Monthly,Bank Transfer,No,3,2.5,1,0,Yes,5,Midwest,0
CUST-03303,44,38.75,Monthly,Credit Card,Yes,5,9.8,2,2,No,4,South,0
CUST-03304,20,49.66,Monthly,Credit Card,No,0,9.9,2,0,No,3,Northeast,0
CUST-03305,9,58.99,Annual,Bank Transfer,Yes,1,9.2,2,1,No,4,Northeast,0
CUST-03306,19,57.84,Annual,PayPal,No,3,14.0,3,0,No,4,South,0
CUST-03307,20,72.11,Monthly,PayPal,No,4,8.1,2,1,No,4,Northeast,0
CUST-03308,10,72.67,Two-Year,Credit Card,Yes,5,6.4,1,0,Yes,4,Northeast,0
CUST-03309,2,36.3,Annual,Debit Card,No,1,9.1,1,2,Yes,4,West,1
CUST-03310,68,56.29,Two-Year,PayPal,No,3,7.4,1,1,No,5,South,0
CUST-03311,37,36.74,Monthly,Credit Card,No,2,3.2,2,1,No,3,West,1
CUST-03312,29,48.61,Monthly,PayPal,No,2,14.8,3,0,No,5,West,0
CUST-03313,67,57.79,Two-Year,Credit Card,No,2,5.4,2,1,No,1,South,0
CUST-03314,17,10.0,Two-Year,Credit Card,Yes,2,7.7,2,0,Yes,5,South,0
CUST-03315,30,95.4,Two-Year,Credit Card,Yes,2,5.8,1,0,Yes,3,Midwest,0
CUST-03316,61,62.2,Annual,Credit Card,No,1,16.2,2,0,No,4,West,0
CUST-03317,46,41.28,Monthly,Credit Card,Yes,0,5.9,1,2,Yes,4,Midwest,0
CUST-03318,29,86.69,Monthly,PayPal,Yes,0,17.6,1,0,Yes,3,Northeast,0
CUST-03319,19,45.75,Monthly,PayPal,No,2,5.1,2,2,Yes,3,West,0
CUST-03320,3,54.39,Two-Year,Credit Card,No,1,12.1,1,1,No,4,South,0
CUST-03321,7,43.23,Monthly,PayPal,No,3,7.5,1,0,No,3,South,0
CUST-03322,12,81.74,Annual,Credit Card,Yes,2,2.8,1,0,Yes,3,Northeast,0
CUST-03323,57,50.11,Two-Year,Debit Card,Yes,1,17.3,1,0,No,4,South,0
CUST-03324,47,54.69,Two-Year,Bank Transfer,No,2,4.9,1,2,No,4,Midwest,0
CUST-03325,32,73.67,Two-Year,PayPal,Yes,0,6.5,2,0,No,1,South,0
CUST-03326,57,62.53,Monthly,PayPal,Yes,2,9.6,1,2,Yes,4,West,1
CUST-03327,12,51.02,Monthly,Credit Card,Yes,1,3.8,1,0,Yes,5,Northeast,0
CUST-03328,16,71.99,Two-Year,Credit Card,No,1,5.3,2,1,No,3,Northeast,0
CUST-03329,29,97.69,Monthly,PayPal,Yes,1,7.1,1,1,No,3,South,1
CUST-03330,67,57.71,Monthly,PayPal,Yes,0,2.7,3,0,No,4,Northeast,0
CUST-03331,45,54.1,Two-Year,PayPal,Yes,3,9.1,3,1,No,2,Midwest,0
CUST-03332,62,55.07,Annual,Bank Transfer,Yes,0,3.5,2,0,Yes,5,South,0
CUST-03333,18,75.59,Monthly,Debit Card,No,1,12.0,2,0,No,3,South,1
CUST-03334,62,41.21,Monthly,PayPal,No,1,15.0,2,0,Yes,4,South,0
CUST-03335,6,46.99,Monthly,PayPal,No,2,12.4,1,0,No,4,Northeast,0
CUST-03336,17,24.33,Two-Year,Credit Card,Yes,2,13.4,2,1,Yes,4,South,0
CUST-03337,38,30.69,Annual,Credit Card,Yes,3,6.9,2,0,No,5,South,1
CUST-03338,4,42.68,Monthly,PayPal,Yes,1,3.2,2,0,No,4,Midwest,0
CUST-03339,62,50.99,Monthly,Credit Card,No,3,14.6,3,1,No,5,West,0
CUST-03340,63,83.84,Two-Year,PayPal,Yes,1,5.4,3,2,No,4,South,0
CUST-03341,39,61.65,Two-Year,PayPal,Yes,1,7.9,2,0,No,5,Northeast,0
CUST-03342,23,35.58,Monthly,Debit Card,Yes,1,4.4,3,1,No,2,South,0
CUST-03343,8,38.9,Annual,Debit Card,No,0,4.0,2,3,No,5,South,0
CUST-03344,45,76.75,Monthly,PayPal,No,0,9.5,2,0,No,4,South,0
CUST-03345,39,72.28,Monthly,Debit Card,Yes,1,8.5,2,0,Yes,5,Midwest,0
CUST-03346,55,52.51,Monthly,Bank Transfer,No,2,2.7,3,0,Yes,3,South,0
CUST-03347,44,44.03,Monthly,Credit Card,Yes,1,5.6,4,1,Yes,4,South,0
CUST-03348,10,72.25,Annual,Bank Transfer,No,4,21.0,2,1,No,4,Northeast,0
CUST-03349,9,34.12,Monthly,Credit Card,No,1,11.2,1,0,No,5,West,0
CUST-03350,57,59.06,Monthly,Credit Card,No,1,5.2,2,2,Yes,4,Midwest,1
CUST-03351,12,92.91,Monthly,PayPal,No,1,6.4,1,1,Yes,5,West,1
CUST-03352,68,55.7,Monthly,Credit Card,Yes,1,8.3,2,2,No,3,Northeast,0
CUST-03353,8,38.04,Annual,Credit Card,Yes,2,6.4,4,0,No,4,West,0
CUST-03354,53,59.39,Monthly,Credit Card,No,4,16.7,3,0,No,5,West,1
CUST-03355,71,43.54,Monthly,PayPal,No,2,10.8,2,2,No,4,West,1
CUST-03356,32,26.91,Two-Year,PayPal,Yes,1,12.4,1,1,No,3,Northeast,0
CUST-03357,5,64.62,Monthly,Credit Card,Yes,2,13.2,2,1,No,4,South,0
CUST-03358,64,72.12,Two-Year,Debit Card,Yes,1,10.7,1,0,No,5,West,0
CUST-03359,14,46.4,Annual,Credit Card,Yes,1,11.6,4,0,No,5,South,0
CUST-03360,38,45.21,Annual,Bank Transfer,No,2,16.3,1,0,No,2,Midwest,0
CUST-03361,71,34.69,Annual,Credit Card,Yes,1,11.9,3,1,No,3,South,0
CUST-03362,54,49.3,Monthly,PayPal,No,0,3.8,2,1,No,2,South,0
CUST-03363,4,41.88,Annual,Debit Card,Yes,0,19.5,2,2,No,2,South,0
CUST-03364,60,33.8,Annual,PayPal,No,2,2.2,3,1,No,1,West,0
CUST-03365,12,86.06,Monthly,Bank Transfer,No,1,10.5,2,1,Yes,5,Northeast,0
CUST-03366,54,60.4,Annual,Debit Card,No,1,8.8,2,1,No,3,South,0
CUST-03367,45,62.3,Monthly,PayPal,No,3,6.1,1,0,No,3,West,0
CUST-03368,21,67.9,Two-Year,Debit Card,Yes,0,13.2,1,0,No,5,West,0
CUST-03369,31,65.88,Annual,PayPal,Yes,2,7.5,2,2,No,5,West,0
CUST-03370,9,44.56,Monthly,Debit Card,No,1,10.9,1,1,No,4,Northeast,0
CUST-03371,72,56.91,Two-Year,Credit Card,No,0,3.5,2,3,No,2,Midwest,0
CUST-03372,18,47.16,Two-Year,Credit Card,No,3,14.5,2,2,Yes,4,South,0
CUST-03373,23,59.89,Annual,Credit Card,No,1,13.8,1,1,No,5,West,0
CUST-03374,37,58.15,Monthly,Bank Transfer,Yes,0,8.2,3,0,No,5,Midwest,0
CUST-03375,49,45.11,Annual,PayPal,Yes,1,4.6,3,1,Yes,3,West,0
CUST-03376,37,28.07,Annual,Credit Card,No,3,15.1,4,1,No,5,Northeast,0
CUST-03377,37,54.63,Monthly,Debit Card,Yes,2,2.4,1,1,No,3,West,0
CUST-03378,42,48.32,Two-Year,PayPal,No,1,8.5,1,0,No,5,South,0
CUST-03379,62,17.97,Annual,Debit Card,No,4,6.8,1,0,Yes,5,South,0
CUST-03380,29,61.14,Annual,Debit Card,No,0,10.3,3,1,Yes,2,West,0
CUST-03381,60,69.38,Annual,PayPal,No,1,6.8,2,0,No,3,Northeast,0
CUST-03382,57,97.51,Monthly,Credit Card,Yes,1,13.4,3,2,No,4,Northeast,0
CUST-03383,70,44.96,Two-Year,Debit Card,No,0,3.8,3,1,No,3,Northeast,0
CUST-03384,66,42.3,Annual,Credit Card,Yes,2,15.2,1,1,Yes,5,South,0
CUST-03385,58,32.03,Monthly,Credit Card,Yes,2,7.6,2,1,Yes,3,Midwest,0
CUST-03386,18,55.76,Monthly,PayPal,No,1,5.9,2,1,No,5,West,0
CUST-03387,56,55.64,Monthly,PayPal,Yes,2,10.2,2,0,Yes,2,Midwest,0
CUST-03388,54,37.4,Annual,Bank Transfer,Yes,1,13.0,4,2,Yes,5,Midwest,0
CUST-03389,21,48.85,Monthly,Credit Card,No,1,7.2,1,0,No,4,South,0
CUST-03390,49,16.38,Two-Year,PayPal,No,1,7.6,3,0,No,1,South,0
CUST-03391,19,68.67,Two-Year,Bank Transfer,Yes,1,4.9,1,1,Yes,2,South,0
CUST-03392,38,38.13,Annual,PayPal,No,2,2.2,2,0,No,2,West,0
CUST-03393,58,51.38,Monthly,Bank Transfer,Yes,0,5.7,1,0,Yes,4,South,1
CUST-03394,14,26.32,Annual,Bank Transfer,Yes,1,8.3,2,2,Yes,5,South,0
CUST-03395,25,41.52,Monthly,PayPal,No,0,6.6,2,0,Yes,5,West,0
CUST-03396,58,46.97,Annual,Bank Transfer,Yes,1,6.6,2,3,No,4,West,0
CUST-03397,33,51.8,Monthly,PayPal,No,0,3.8,4,0,Yes,4,Midwest,0
CUST-03398,70,60.64,Two-Year,Debit Card,No,1,4.2,2,2,No,5,Midwest,0
CUST-03399,1,77.9,Monthly,Bank Transfer,No,3,3.7,1,2,Yes,4,South,1
CUST-03400,52,65.19,Monthly,Bank Transfer,No,2,8.4,1,0,No,4,Midwest,0
CUST-03401,59,69.32,Two-Year,Credit Card,Yes,0,10.4,1,0,Yes,2,West,0
CUST-03402,67,78.03,Monthly,Credit Card,No,0,8.6,1,1,Yes,2,South,1
CUST-03403,12,62.25,Annual,Credit Card,No,0,10.7,1,1,No,2,South,0
CUST-03404,71,51.34,Two-Year,Bank Transfer,Yes,1,4.2,1,0,No,5,Northeast,0
CUST-03405,29,70.16,Monthly,Credit Card,No,1,8.0,3,0,No,4,Midwest,0
CUST-03406,26,71.31,Monthly,Credit Card,No,1,6.0,4,1,No,5,South,0
CUST-03407,26,63.67,Monthly,Debit Card,Yes,0,7.3,1,1,No,3,Midwest,0
CUST-03408,46,25.82,Annual,Credit Card,Yes,1,2.8,3,0,Yes,2,Northeast,0
CUST-03409,48,36.85,Two-Year,Bank Transfer,Yes,2,3.7,1,0,No,1,Midwest,0
CUST-03410,35,47.05,Monthly,Debit Card,Yes,0,8.3,2,0,Yes,3,West,0
CUST-03411,6,66.03,Annual,Credit Card,No,0,4.9,1,1,No,5,Midwest,0
CUST-03412,72,51.62,Monthly,Credit Card,Yes,1,5.1,1,1,No,1,South,0
CUST-03413,16,72.46,Annual,PayPal,No,1,6.9,2,1,No,5,West,0
CUST-03414,7,75.67,Annual,PayPal,No,1,10.5,2,3,No,3,Midwest,1
CUST-03415,44,73.59,Two-Year,Debit Card,Yes,2,12.8,2,1,Yes,1,West,0
CUST-03416,30,73.7,Monthly,Debit Card,Yes,0,2.4,3,2,No,2,Northeast,1
CUST-03417,45,33.33,Monthly,Bank Transfer,Yes,2,5.8,1,2,Yes,2,Northeast,1
CUST-03418,64,60.69,Monthly,PayPal,Yes,2,8.9,2,1,Yes,4,West,0
CUST-03419,8,41.06,Monthly,PayPal,Yes,4,10.3,1,0,No,5,West,0
CUST-03420,21,22.32,Monthly,Debit Card,Yes,1,12.2,1,1,No,5,Northeast,0
CUST-03421,38,46.83,Two-Year,Bank Transfer,No,1,9.7,1,0,No,1,West,0
CUST-03422,57,75.85,Monthly,PayPal,No,6,5.2,1,1,Yes,4,Midwest,0
CUST-03423,44,60.29,Monthly,Debit Card,Yes,1,8.8,3,1,Yes,3,South,0
CUST-03424,28,88.32,Annual,Bank Transfer,Yes,4,8.2,2,1,No,3,Northeast,0
CUST-03425,44,55.19,Monthly,Bank Transfer,No,3,3.6,2,1,Yes,4,Midwest,1
CUST-03426,71,96.06,Monthly,PayPal,Yes,3,4.9,1,0,No,3,Northeast,0
CUST-03427,35,55.2,Two-Year,PayPal,No,5,9.3,1,0,Yes,3,Midwest,0
CUST-03428,64,52.4,Monthly,Debit Card,Yes,0,12.2,2,0,Yes,5,West,0
CUST-03429,57,28.97,Monthly,Debit Card,No,2,5.6,1,2,No,4,South,0
CUST-03430,22,71.99,Annual,Credit Card,Yes,0,21.0,1,1,Yes,5,West,0
CUST-03431,18,42.96,Monthly,PayPal,Yes,2,1.1,1,2,Yes,4,Midwest,1
CUST-03432,56,40.35,Monthly,Debit Card,Yes,3,7.7,3,2,Yes,3,Midwest,0
CUST-03433,15,75.06,Monthly,Debit Card,Yes,1,8.3,2,0,Yes,3,South,0
CUST-03434,25,72.85,Monthly,Bank Transfer,No,3,13.5,1,1,No,2,Midwest,0
CUST-03435,17,72.38,Two-Year,Credit Card,Yes,1,5.1,2,0,No,5,West,0
CUST-03436,44,45.48,Monthly,PayPal,Yes,1,5.7,3,1,No,4,Northeast,0
CUST-03437,22,51.08,Monthly,Credit Card,Yes,0,5.8,1,0,No,4,Northeast,0
CUST-03438,48,50.92,Monthly,Credit Card,No,0,13.1,1,1,Yes,4,Midwest,0
CUST-03439,68,66.09,Two-Year,Credit Card,No,3,14.5,4,1,Yes,5,West,0
CUST-03440,60,79.96,Monthly,Debit Card,Yes,2,6.3,3,2,No,3,South,0
CUST-03441,69,58.63,Two-Year,Debit Card,No,2,4.4,2,2,Yes,5,South,0
CUST-03442,2,87.55,Monthly,Debit Card,No,2,4.5,1,0,No,2,West,1
CUST-03443,33,68.15,Two-Year,PayPal,Yes,1,3.2,1,3,Yes,1,South,0
CUST-03444,16,47.77,Monthly,Debit Card,Yes,1,15.3,3,0,No,5,South,0
CUST-03445,67,66.92,Monthly,Credit Card,Yes,0,7.8,2,1,No,2,South,0
CUST-03446,52,82.71,Monthly,Debit Card,Yes,1,12.8,1,0,No,4,South,0
CUST-03447,24,87.97,Monthly,Credit Card,No,0,6.7,1,1,No,4,Northeast,0
CUST-03448,41,73.36,Annual,Credit Card,Yes,1,22.8,1,3,No,3,South,0
CUST-03449,44,52.46,Annual,Credit Card,Yes,1,11.6,2,1,No,5,Midwest,0
CUST-03450,36,48.1,Annual,PayPal,No,2,9.4,2,1,No,3,Northeast,0
CUST-03451,35,62.37,Monthly,PayPal,Yes,2,10.5,1,1,No,2,South,0
CUST-03452,4,82.13,Annual,Bank Transfer,No,0,4.3,2,1,Yes,3,South,0
CUST-03453,33,59.81,Monthly,PayPal,No,2,5.8,3,3,No,5,Northeast,0
CUST-03454,26,60.18,Two-Year,Debit Card,Yes,0,12.7,2,1,No,5,West,0
CUST-03455,59,52.93,Annual,Credit Card,Yes,3,8.0,1,0,No,3,South,0
CUST-03456,63,46.1,Annual,Credit Card,Yes,3,10.9,4,2,Yes,4,South,0
CUST-03457,55,49.08,Annual,PayPal,No,1,6.6,1,1,No,4,South,0
CUST-03458,3,54.44,Annual,Credit Card,Yes,1,7.3,2,0,Yes,5,Northeast,1
CUST-03459,61,82.93,Monthly,Credit Card,No,0,14.7,1,1,No,4,South,1
CUST-03460,29,47.69,Monthly,Bank Transfer,No,1,8.7,2,0,No,5,South,0
CUST-03461,30,52.95,Annual,Credit Card,Yes,1,9.0,2,1,No,2,Midwest,0
CUST-03462,69,36.42,Monthly,Credit Card,No,4,7.6,1,0,Yes,4,Northeast,0
CUST-03463,63,64.9,Monthly,Bank Transfer,Yes,0,6.2,2,0,Yes,5,West,0
CUST-03464,4,76.6,Annual,Credit Card,Yes,1,6.8,2,1,Yes,1,West,0
CUST-03465,26,81.24,Monthly,Debit Card,No,1,8.0,2,0,Yes,3,West,0
CUST-03466,54,55.66,Annual,Credit Card,Yes,2,15.1,1,0,Yes,5,West,0
CUST-03467,39,62.34,Monthly,Debit Card,No,3,8.1,1,1,No,5,Midwest,1
CUST-03468,19,49.24,Monthly,Bank Transfer,No,3,13.6,4,0,No,2,Northeast,1
CUST-03469,38,61.5,Annual,PayPal,Yes,3,4.5,1,1,No,4,Northeast,0
CUST-03470,63,57.65,Monthly,Debit Card,Yes,2,10.1,2,1,No,4,Northeast,0
CUST-03471,17,53.05,Annual,Credit Card,Yes,2,2.2,1,2,Yes,2,West,0
CUST-03472,54,54.48,Annual,Debit Card,Yes,3,5.0,3,1,No,3,Midwest,0
CUST-03473,53,60.13,Annual,PayPal,No,1,5.2,2,2,No,2,Northeast,0
CUST-03474,64,46.71,Monthly,Credit Card,Yes,1,5.9,2,0,Yes,5,Northeast,0
CUST-03475,22,47.64,Annual,Credit Card,No,1,13.6,2,0,Yes,4,Northeast,0
CUST-03476,16,82.73,Monthly,PayPal,Yes,1,2.3,2,1,No,2,West,0
CUST-03477,40,100.79,Monthly,Bank Transfer,Yes,1,14.5,4,1,No,4,South,0
CUST-03478,39,30.32,Monthly,Bank Transfer,Yes,1,2.1,2,0,Yes,2,West,1
CUST-03479,30,29.33,Monthly,Bank Transfer,Yes,5,6.4,2,0,No,5,Midwest,1
CUST-03480,57,34.77,Monthly,Debit Card,No,0,6.6,2,1,No,4,West,0
CUST-03481,58,50.14,Monthly,PayPal,Yes,1,17.1,2,0,No,4,Midwest,0
CUST-03482,18,68.12,Monthly,Bank Transfer,No,2,11.3,2,1,Yes,4,Northeast,1
CUST-03483,58,62.64,Annual,Credit Card,Yes,0,20.2,2,2,No,3,Northeast,0
CUST-03484,17,55.1,Monthly,Debit Card,Yes,0,21.9,3,1,Yes,3,West,0
CUST-03485,30,61.52,Monthly,Credit Card,Yes,3,13.5,4,0,Yes,2,South,1
CUST-03486,2,39.54,Monthly,Bank Transfer,Yes,0,4.9,2,1,No,3,Midwest,0
CUST-03487,25,47.61,Monthly,Bank Transfer,Yes,0,9.9,2,1,Yes,1,South,0
CUST-03488,70,51.64,Annual,PayPal,No,1,8.3,1,0,Yes,2,South,0
CUST-03489,32,23.48,Two-Year,Credit Card,Yes,3,5.6,3,2,No,4,Midwest,1
CUST-03490,52,31.1,Monthly,Bank Transfer,Yes,1,13.1,2,0,No,3,West,0
CUST-03491,8,31.81,Annual,Credit Card,Yes,0,3.2,3,0,Yes,1,Northeast,0
CUST-03492,46,65.75,Monthly,Credit Card,Yes,0,4.5,2,1,Yes,2,Northeast,0
CUST-03493,27,56.42,Two-Year,PayPal,No,1,2.3,2,0,Yes,3,Northeast,0
CUST-03494,54,63.0,Monthly,PayPal,No,0,4.2,1,1,No,2,West,1
CUST-03495,67,18.89,Monthly,Bank Transfer,No,2,4.8,2,0,No,3,Midwest,1
CUST-03496,39,25.3,Monthly,Credit Card,Yes,1,7.2,1,2,No,5,Midwest,0
CUST-03497,8,63.94,Monthly,Debit Card,Yes,2,13.7,2,1,No,1,Northeast,1
CUST-03498,35,10.0,Annual,Debit Card,Yes,2,5.8,1,1,No,4,South,0
CUST-03499,9,74.04,Monthly,Credit Card,No,1,13.8,1,2,Yes,5,Northeast,0
CUST-03500,33,19.18,Monthly,Bank Transfer,Yes,0,21.7,3,0,No,5,Midwest,0
CUST-03501,5,67.18,Monthly,Debit Card,Yes,1,14.9,2,0,Yes,3,South,0
CUST-03502,47,36.01,Two-Year,Credit Card,No,2,4.3,1,0,No,3,West,0
CUST-03503,23,70.88,Annual,Debit Card,No,4,5.2,3,0,No,3,Midwest,1
CUST-03504,15,109.75,Two-Year,PayPal,Yes,4,13.9,1,0,No,4,Northeast,0
CUST-03505,2,11.08,Annual,Bank Transfer,Yes,2,5.1,1,1,No,4,Northeast,0
CUST-03506,64,64.52,Two-Year,Credit Card,No,0,8.3,1,0,No,3,Northeast,0
CUST-03507,61,19.45,Monthly,Credit Card,Yes,1,10.3,1,0,No,5,South,0
CUST-03508,59,59.68,Monthly,Bank Transfer,No,0,11.8,3,0,Yes,3,West,0
CUST-03509,5,48.28,Monthly,PayPal,Yes,1,8.9,2,0,No,2,West,0
CUST-03510,26,54.34,Monthly,Debit Card,No,0,3.7,2,0,Yes,5,South,0
CUST-03511,70,35.59,Annual,Credit Card,No,3,6.2,2,0,No,4,South,0
CUST-03512,42,66.05,Monthly,Bank Transfer,Yes,2,14.9,1,0,Yes,5,South,0
CUST-03513,10,25.93,Monthly,PayPal,No,1,7.9,2,0,No,3,South,0
CUST-03514,11,74.35,Annual,Credit Card,Yes,5,19.1,2,0,No,3,South,0
CUST-03515,19,44.63,Monthly,Credit Card,Yes,0,9.2,2,2,No,2,South,1
CUST-03516,71,26.75,Monthly,Credit Card,Yes,0,4.7,2,1,No,4,Northeast,0
CUST-03517,13,80.71,Monthly,Credit Card,No,0,10.9,1,0,No,5,South,0
CUST-03518,66,50.79,Annual,Credit Card,Yes,0,15.3,1,1,No,5,South,0
CUST-03519,49,86.34,Monthly,Credit Card,Yes,0,8.5,1,0,Yes,4,Northeast,0
CUST-03520,67,73.98,Monthly,Credit Card,No,2,8.6,2,1,No,4,Midwest,0
CUST-03521,60,37.63,Monthly,Debit Card,No,2,9.8,1,1,No,3,Northeast,0
CUST-03522,24,50.47,Annual,Debit Card,Yes,0,10.5,2,0,No,3,South,0
CUST-03523,60,54.18,Monthly,Debit Card,Yes,3,5.3,2,1,No,1,Midwest,1
CUST-03524,13,79.47,Monthly,PayPal,Yes,2,2.4,2,1,No,4,Midwest,0
CUST-03525,21,59.88,Two-Year,Credit Card,Yes,2,11.3,2,1,Yes,5,West,0
CUST-03526,16,55.17,Two-Year,Bank Transfer,No,1,7.9,1,1,No,4,South,0
CUST-03527,10,48.4,Monthly,Bank Transfer,No,2,9.9,4,0,No,3,Northeast,0
CUST-03528,7,51.09,Monthly,Bank Transfer,Yes,1,7.1,1,3,Yes,3,South,1
CUST-03529,14,75.48,Monthly,Credit Card,Yes,0,10.0,3,0,Yes,4,Northeast,1
CUST-03530,9,52.07,Annual,Credit Card,Yes,2,4.4,1,0,Yes,3,Northeast,0
CUST-03531,28,44.89,Monthly,PayPal,Yes,1,6.3,2,0,No,5,Northeast,0
CUST-03532,6,41.84,Two-Year,Credit Card,Yes,2,4.3,2,0,No,4,Midwest,1
CUST-03533,5,42.03,Annual,Credit Card,Yes,1,6.4,1,0,Yes,3,South,0
CUST-03534,72,26.76,Annual,Credit Card,Yes,1,3.3,1,0,Yes,3,South,0
CUST-03535,7,38.49,Monthly,PayPal,Yes,2,11.9,2,1,No,1,South,1
CUST-03536,6,78.97,Two-Year,PayPal,No,3,16.7,3,0,No,1,Midwest,0
CUST-03537,3,48.28,Annual,Credit Card,No,1,3.4,2,1,No,4,Northeast,0
CUST-03538,10,64.68,Annual,Bank Transfer,Yes,1,8.0,1,0,Yes,3,South,0
CUST-03539,39,10.0,Monthly,PayPal,Yes,1,7.1,1,1,No,1,West,0
CUST-03540,60,62.23,Annual,Credit Card,No,3,17.1,4,0,Yes,3,Northeast,0
CUST-03541,53,49.1,Annual,Debit Card,Yes,2,8.3,1,2,No,3,Midwest,0
CUST-03542,42,43.33,Two-Year,Credit Card,No,2,14.5,2,1,No,3,Midwest,0
CUST-03543,7,55.26,Annual,Bank Transfer,Yes,2,11.4,1,0,Yes,3,South,0
CUST-03544,56,43.08,Monthly,PayPal,No,0,9.3,2,0,Yes,4,West,0
CUST-03545,3,13.77,Monthly,PayPal,Yes,3,5.7,1,1,Yes,4,Midwest,0
CUST-03546,46,68.6,Annual,PayPal,No,0,9.3,4,2,Yes,3,Midwest,0
CUST-03547,30,56.37,Two-Year,Credit Card,Yes,0,4.2,2,0,No,5,Northeast,0
CUST-03548,64,46.35,Annual,Bank Transfer,No,1,6.3,1,2,Yes,4,South,0
CUST-03549,23,34.61,Monthly,Bank Transfer,No,3,2.2,2,1,Yes,4,Northeast,0
CUST-03550,46,25.54,Monthly,PayPal,Yes,1,15.8,1,1,No,4,Northeast,0
CUST-03551,32,56.03,Annual,Debit Card,No,2,8.7,3,1,No,5,South,0
CUST-03552,38,81.04,Annual,Credit Card,Yes,1,15.5,1,0,Yes,4,Northeast,0
CUST-03553,68,55.66,Monthly,Credit Card,Yes,1,8.5,3,2,Yes,4,Northeast,0
CUST-03554,52,27.11,Monthly,Credit Card,Yes,1,8.9,3,0,Yes,4,West,0
CUST-03555,30,56.05,Two-Year,PayPal,No,1,11.1,1,1,Yes,5,West,0
CUST-03556,33,51.04,Monthly,PayPal,No,1,7.6,4,0,Yes,5,Northeast,0
CUST-03557,51,67.55,Monthly,Bank Transfer,Yes,0,7.1,4,0,No,5,Northeast,0
CUST-03558,25,62.92,Monthly,Credit Card,No,2,6.5,3,0,No,1,South,1
CUST-03559,13,10.0,Monthly,Credit Card,No,1,4.4,2,1,Yes,4,Northeast,0
CUST-03560,34,61.81,Monthly,Credit Card,No,1,6.5,2,0,Yes,4,South,0
CUST-03561,5,33.94,Annual,Bank Transfer,Yes,1,13.7,1,1,Yes,3,Midwest,0
CUST-03562,13,26.41,Annual,PayPal,Yes,0,6.2,3,0,Yes,3,Northeast,0
CUST-03563,31,48.61,Annual,Debit Card,Yes,0,21.2,1,1,No,5,West,0
CUST-03564,58,59.4,Annual,PayPal,Yes,0,2.3,2,1,No,3,West,0
CUST-03565,57,22.47,Monthly,PayPal,Yes,1,14.0,3,1,Yes,4,Northeast,0
CUST-03566,19,64.68,Monthly,Credit Card,No,1,6.9,4,1,Yes,4,South,0
CUST-03567,31,65.74,Monthly,Credit Card,No,1,10.4,3,0,Yes,4,Northeast,0
CUST-03568,12,52.85,Monthly,Credit Card,No,0,4.6,3,1,Yes,5,South,0
CUST-03569,55,36.38,Annual,Credit Card,Yes,0,2.7,2,0,No,5,Northeast,0
CUST-03570,18,34.37,Monthly,PayPal,Yes,0,12.5,2,1,No,4,South,0
CUST-03571,58,70.47,Annual,Credit Card,No,0,15.5,1,1,Yes,2,South,0
CUST-03572,61,24.8,Monthly,PayPal,Yes,1,8.1,4,0,Yes,2,West,0
CUST-03573,50,71.16,Monthly,PayPal,No,1,6.2,2,1,No,2,Northeast,0
CUST-03574,24,49.03,Monthly,Debit Card,Yes,1,7.7,3,0,No,4,Northeast,0
CUST-03575,69,50.27,Monthly,Bank Transfer,Yes,1,7.7,1,0,Yes,2,Northeast,0
CUST-03576,50,21.25,Annual,Debit Card,No,1,6.8,2,2,No,4,Northeast,0
CUST-03577,47,49.36,Annual,PayPal,No,0,8.6,2,3,No,3,Midwest,0
CUST-03578,62,63.04,Monthly,Credit Card,Yes,1,10.7,4,0,Yes,1,West,0
CUST-03579,64,27.94,Annual,PayPal,No,0,10.2,1,3,No,5,Midwest,0
CUST-03580,6,60.98,Annual,Debit Card,Yes,3,5.5,2,1,No,5,Midwest,0
CUST-03581,64,53.6,Monthly,Credit Card,Yes,1,6.9,1,1,Yes,3,Midwest,0
CUST-03582,56,40.41,Monthly,Credit Card,Yes,2,4.1,2,0,No,3,Northeast,0
CUST-03583,15,67.38,Monthly,PayPal,No,2,10.0,2,1,No,1,West,0
CUST-03584,23,12.36,Monthly,PayPal,No,4,4.9,1,1,Yes,1,West,1
CUST-03585,55,58.24,Two-Year,PayPal,Yes,1,1.5,2,1,No,4,Northeast,0
CUST-03586,16,81.15,Monthly,Debit Card,No,2,5.8,3,0,Yes,4,South,1
CUST-03587,33,77.92,Monthly,PayPal,No,1,10.3,3,0,Yes,5,Midwest,0
CUST-03588,50,59.02,Annual,PayPal,Yes,2,10.6,2,0,No,4,West,0
CUST-03589,47,46.57,Monthly,Credit Card,Yes,2,13.9,1,0,No,2,Midwest,0
CUST-03590,66,40.56,Annual,Debit Card,Yes,1,23.2,2,0,Yes,5,South,0
CUST-03591,9,46.55,Monthly,Debit Card,Yes,1,7.9,2,1,No,5,South,0
CUST-03592,22,61.79,Monthly,PayPal,No,2,7.1,3,1,Yes,5,South,0
CUST-03593,71,37.47,Monthly,Debit Card,No,0,8.5,2,1,Yes,5,West,0
CUST-03594,41,65.63,Monthly,Debit Card,Yes,0,6.3,2,0,No,5,West,0
CUST-03595,18,90.4,Monthly,Bank Transfer,Yes,0,3.8,2,0,No,4,West,0
CUST-03596,21,50.89,Annual,Bank Transfer,Yes,0,3.6,3,0,No,5,Northeast,0
CUST-03597,25,27.8,Annual,Credit Card,Yes,0,7.4,2,1,No,4,South,0
CUST-03598,40,27.79,Annual,Bank Transfer,Yes,4,16.3,1,3,No,4,West,0
CUST-03599,21,65.98,Monthly,Credit Card,Yes,1,6.1,3,1,Yes,3,Northeast,1
CUST-03600,45,50.92,Two-Year,Bank Transfer,Yes,4,11.6,2,1,No,4,South,0
CUST-03601,33,67.78,Monthly,Credit Card,Yes,1,14.7,2,1,No,1,West,0
CUST-03602,44,42.39,Annual,Debit Card,Yes,1,11.5,1,1,No,4,South,0
CUST-03603,12,66.95,Annual,Bank Transfer,Yes,1,12.2,1,1,No,3,South,0
CUST-03604,45,49.15,Annual,Credit Card,Yes,0,3.8,3,1,Yes,3,South,0
CUST-03605,67,38.81,Monthly,Bank Transfer,Yes,5,6.8,1,0,No,4,Northeast,0
CUST-03606,10,44.78,Annual,Debit Card,Yes,1,2.9,2,0,No,5,West,0
CUST-03607,24,30.45,Annual,Credit Card,Yes,1,5.4,2,0,No,5,Northeast,0
CUST-03608,50,87.81,Monthly,Bank Transfer,No,2,3.6,1,0,Yes,5,South,0
CUST-03609,45,50.27,Annual,Debit Card,Yes,0,10.3,2,0,No,4,Midwest,0
CUST-03610,49,63.6,Monthly,Bank Transfer,No,1,3.5,1,1,No,5,South,0
CUST-03611,41,42.34,Monthly,Bank Transfer,Yes,2,3.6,1,0,No,2,West,1
CUST-03612,50,33.07,Annual,Credit Card,Yes,2,7.6,4,2,No,4,Northeast,0
CUST-03613,44,47.79,Annual,Credit Card,Yes,1,2.2,2,0,Yes,3,South,0
CUST-03614,6,71.82,Monthly,Debit Card,No,2,22.0,4,1,No,2,Midwest,0
CUST-03615,55,42.63,Monthly,Debit Card,No,2,6.7,2,2,No,4,Northeast,0
CUST-03616,33,36.33,Monthly,Credit Card,Yes,1,14.5,3,0,No,1,West,0
CUST-03617,4,54.8,Monthly,Debit Card,Yes,1,3.7,1,1,No,5,South,1
CUST-03618,30,60.98,Monthly,PayPal,No,1,9.4,1,0,Yes,5,Midwest,0
CUST-03619,32,81.57,Monthly,Credit Card,Yes,3,10.5,1,0,No,3,Northeast,1
CUST-03620,7,58.37,Annual,PayPal,Yes,2,4.2,1,1,Yes,2,South,1
CUST-03621,72,63.59,Monthly,Debit Card,No,2,12.0,4,1,No,5,Northeast,0
CUST-03622,17,64.95,Monthly,Credit Card,Yes,3,5.3,2,1,No,5,South,0
CUST-03623,24,31.25,Monthly,Credit Card,Yes,0,6.0,2,0,Yes,5,West,1
CUST-03624,32,34.66,Monthly,Credit Card,Yes,3,4.2,2,1,Yes,4,Midwest,1
CUST-03625,60,32.49,Monthly,PayPal,Yes,2,12.3,1,0,Yes,5,Midwest,0
CUST-03626,54,28.02,Monthly,Credit Card,No,1,9.3,3,0,Yes,5,West,0
CUST-03627,56,66.32,Monthly,PayPal,Yes,3,9.0,2,3,Yes,1,Northeast,1
CUST-03628,18,57.22,Monthly,PayPal,Yes,2,8.8,1,2,No,5,Northeast,1
CUST-03629,61,53.43,Annual,Credit Card,Yes,0,9.2,2,1,No,5,Midwest,0
CUST-03630,60,10.0,Two-Year,Bank Transfer,Yes,1,5.2,1,0,No,4,Northeast,0
CUST-03631,34,89.0,Monthly,Bank Transfer,Yes,0,11.4,2,1,No,3,West,0
CUST-03632,40,35.9,Monthly,Credit Card,Yes,0,4.7,2,1,No,5,South,0
CUST-03633,3,88.93,Monthly,Bank Transfer,Yes,0,8.9,3,0,Yes,2,Northeast,0
CUST-03634,55,25.91,Monthly,Credit Card,Yes,1,7.2,4,0,No,5,Midwest,0
CUST-03635,70,37.38,Annual,PayPal,No,3,5.8,1,0,Yes,2,South,0
CUST-03636,35,12.35,Annual,Credit Card,Yes,0,7.3,1,1,No,4,Northeast,0
CUST-03637,39,58.52,Monthly,PayPal,No,3,9.0,3,1,No,4,West,1
CUST-03638,36,32.18,Monthly,Bank Transfer,Yes,2,11.4,2,0,Yes,2,South,1
CUST-03639,6,32.69,Monthly,Bank Transfer,Yes,2,8.1,2,0,No,2,South,0
CUST-03640,45,27.29,Monthly,Bank Transfer,No,0,13.1,2,0,No,3,Midwest,0
CUST-03641,52,65.99,Two-Year,Credit Card,No,2,5.4,2,2,No,3,South,0
CUST-03642,67,64.81,Monthly,PayPal,Yes,2,6.7,2,1,No,3,South,0
CUST-03643,67,84.62,Monthly,Credit Card,Yes,3,10.5,4,1,No,4,South,0
CUST-03644,36,39.66,Monthly,Credit Card,No,3,3.7,2,3,Yes,4,Midwest,1
CUST-03645,70,55.94,Monthly,Credit Card,Yes,2,25.0,1,1,Yes,4,Northeast,0
CUST-03646,39,28.79,Monthly,Bank Transfer,Yes,0,12.2,1,0,No,3,West,0
CUST-03647,47,45.97,Monthly,PayPal,Yes,3,3.9,4,0,No,4,South,0
CUST-03648,44,42.66,Monthly,Credit Card,No,1,19.1,2,2,Yes,4,Northeast,0
CUST-03649,72,60.36,Monthly,Bank Transfer,Yes,0,5.4,2,0,No,4,Northeast,0
CUST-03650,54,70.31,Annual,PayPal,Yes,0,18.2,1,0,No,5,West,0
CUST-03651,9,69.84,Monthly,Credit Card,No,3,11.7,3,0,Yes,5,Northeast,0
CUST-03652,6,36.83,Monthly,Debit Card,Yes,2,3.2,2,0,Yes,5,Midwest,0
CUST-03653,30,69.97,Annual,PayPal,No,3,4.6,4,1,No,4,Northeast,0
CUST-03654,38,51.21,Monthly,PayPal,Yes,1,3.5,1,1,No,3,West,0
CUST-03655,49,46.16,Two-Year,Debit Card,No,0,6.6,1,0,Yes,2,West,0
CUST-03656,35,39.25,Two-Year,Debit Card,Yes,0,13.0,1,1,No,4,South,0
CUST-03657,38,41.92,Monthly,Credit Card,Yes,1,16.9,1,0,No,4,Northeast,0
CUST-03658,67,83.36,Monthly,Debit Card,Yes,3,4.2,4,1,Yes,4,Northeast,0
CUST-03659,25,57.53,Annual,Debit Card,No,0,3.8,2,2,No,4,West,0
CUST-03660,36,55.14,Monthly,Credit Card,Yes,1,9.7,3,0,No,4,Midwest,0
CUST-03661,41,47.28,Monthly,Credit Card,Yes,1,3.3,3,0,No,3,West,0
CUST-03662,34,96.03,Monthly,PayPal,Yes,1,12.9,1,0,Yes,5,South,1
CUST-03663,70,75.49,Monthly,Debit Card,No,0,11.1,2,0,Yes,5,West,0
CUST-03664,70,39.02,Annual,Debit Card,No,4,8.2,3,1,No,2,West,0
CUST-03665,37,47.07,Annual,Credit Card,Yes,0,12.6,2,0,Yes,4,South,0
CUST-03666,33,48.14,Two-Year,Bank Transfer,Yes,1,12.4,1,0,No,5,Northeast,0
CUST-03667,43,54.63,Annual,Credit Card,No,1,4.5,3,1,No,4,South,0
CUST-03668,14,39.38,Annual,Debit Card,Yes,3,3.8,2,1,Yes,4,South,0
CUST-03669,31,59.9,Monthly,Credit Card,Yes,3,7.7,4,0,No,5,Midwest,0
CUST-03670,16,78.14,Two-Year,PayPal,Yes,2,12.8,2,2,No,5,West,0
CUST-03671,11,28.35,Two-Year,Debit Card,Yes,1,4.4,2,3,No,4,West,0
CUST-03672,7,31.69,Annual,Debit Card,No,2,3.9,2,0,Yes,3,Northeast,0
CUST-03673,43,43.3,Annual,Bank Transfer,No,0,4.0,3,2,Yes,5,West,0
CUST-03674,1,44.14,Annual,PayPal,Yes,1,6.1,4,1,Yes,5,West,0
CUST-03675,47,87.97,Monthly,Debit Card,No,1,1.1,2,1,Yes,2,Northeast,0
CUST-03676,32,70.03,Two-Year,Debit Card,Yes,1,4.8,1,0,No,4,West,0
CUST-03677,27,69.0,Monthly,Bank Transfer,No,1,10.1,1,0,No,4,Northeast,0
CUST-03678,56,47.24,Monthly,Bank Transfer,Yes,1,12.7,1,1,Yes,2,South,0
CUST-03679,39,46.85,Monthly,PayPal,No,1,22.1,1,2,Yes,5,Midwest,0
CUST-03680,53,25.87,Annual,PayPal,No,1,7.5,2,1,No,5,Northeast,0
CUST-03681,52,66.07,Annual,Bank Transfer,No,3,5.6,1,1,Yes,2,Midwest,0
CUST-03682,3,60.84,Monthly,Bank Transfer,Yes,1,19.6,2,0,Yes,4,South,0
CUST-03683,16,75.15,Monthly,Credit Card,No,3,0.4,4,0,No,3,South,1
CUST-03684,42,48.21,Monthly,Bank Transfer,No,4,8.0,1,2,No,3,Midwest,0
CUST-03685,71,49.45,Monthly,PayPal,Yes,2,8.1,2,0,Yes,2,Northeast,1
CUST-03686,12,55.06,Monthly,PayPal,Yes,2,15.2,1,1,No,4,Northeast,0
CUST-03687,8,68.05,Annual,Debit Card,No,1,2.8,2,1,No,5,Northeast,0
CUST-03688,68,25.54,Monthly,Debit Card,No,3,8.4,3,0,No,4,Northeast,0
CUST-03689,70,65.25,Monthly,PayPal,No,0,3.5,1,0,Yes,3,South,0
CUST-03690,13,51.63,Monthly,PayPal,Yes,0,2.3,3,0,No,2,Midwest,0
CUST-03691,29,32.94,Monthly,Credit Card,No,2,4.6,1,0,No,2,Northeast,0
CUST-03692,46,14.48,Annual,PayPal,Yes,2,17.6,1,1,No,2,Midwest,0
CUST-03693,15,49.54,Monthly,Credit Card,Yes,4,2.8,1,1,No,4,West,0
CUST-03694,24,78.06,Monthly,Debit Card,No,2,6.1,1,1,No,5,Northeast,0
CUST-03695,29,82.14,Annual,PayPal,No,1,12.1,1,0,No,5,Northeast,0
CUST-03696,47,58.4,Monthly,PayPal,No,0,4.7,2,1,No,2,South,0
CUST-03697,23,87.32,Annual,Credit Card,Yes,1,21.9,1,1,Yes,2,Midwest,0
CUST-03698,30,51.23,Two-Year,Credit Card,Yes,2,7.8,3,0,Yes,4,Northeast,0
CUST-03699,21,69.16,Annual,Credit Card,No,3,2.6,1,1,No,4,South,0
CUST-03700,55,43.88,Two-Year,PayPal,Yes,1,4.5,1,1,Yes,3,West,0
CUST-03701,12,42.74,Monthly,Bank Transfer,No,1,2.7,2,0,No,5,South,0
CUST-03702,17,39.8,Monthly,PayPal,No,0,4.9,2,0,No,4,Northeast,0
CUST-03703,18,14.91,Monthly,PayPal,No,1,6.6,3,0,Yes,4,Midwest,0
CUST-03704,66,75.17,Monthly,Debit Card,No,3,12.2,3,1,No,5,South,1
CUST-03705,69,40.45,Monthly,Credit Card,Yes,4,24.3,2,1,No,3,West,0
CUST-03706,37,37.57,Monthly,Bank Transfer,Yes,1,6.8,4,1,No,4,West,0
CUST-03707,12,30.76,Monthly,Debit Card,No,4,11.2,1,1,No,5,Northeast,1
CUST-03708,55,48.32,Monthly,Credit Card,Yes,2,7.3,4,0,Yes,5,West,0
CUST-03709,36,83.74,Annual,Debit Card,No,1,4.3,2,0,No,1,West,0
CUST-03710,62,89.69,Monthly,PayPal,Yes,3,5.3,1,1,Yes,1,Northeast,1
CUST-03711,26,22.1,Monthly,Credit Card,No,1,16.7,2,0,No,4,West,0
CUST-03712,72,45.62,Monthly,Credit Card,Yes,2,5.9,2,1,No,1,Northeast,0
CUST-03713,59,33.38,Annual,PayPal,No,2,18.5,2,0,Yes,4,Northeast,0
CUST-03714,17,69.79,Monthly,Credit Card,Yes,1,8.2,1,1,Yes,5,West,0
CUST-03715,53,57.16,Annual,Debit Card,No,1,8.6,1,1,No,2,South,0
CUST-03716,21,40.54,Monthly,PayPal,No,0,14.9,2,0,Yes,1,West,1
CUST-03717,26,53.31,Monthly,Bank Transfer,Yes,1,9.0,2,1,Yes,4,South,0
CUST-03718,19,43.41,Two-Year,Debit Card,Yes,2,1.0,4,1,No,5,Midwest,0
CUST-03719,50,81.06,Monthly,Credit Card,Yes,2,4.9,4,0,No,4,Midwest,0
CUST-03720,19,61.85,Monthly,Debit Card,No,2,8.6,2,0,No,5,West,0
CUST-03721,46,64.06,Monthly,Credit Card,No,1,9.2,2,0,Yes,4,Northeast,0
CUST-03722,42,10.0,Monthly,Bank Transfer,No,2,9.0,2,0,Yes,3,Northeast,1
CUST-03723,55,50.8,Monthly,PayPal,Yes,2,7.5,3,0,Yes,3,West,0
CUST-03724,72,89.5,Monthly,Debit Card,Yes,1,8.4,2,1,Yes,4,South,0
CUST-03725,1,75.87,Monthly,PayPal,No,1,15.7,2,0,Yes,3,Midwest,1
CUST-03726,72,18.75,Two-Year,Debit Card,No,0,6.3,2,0,No,3,Northeast,0
CUST-03727,8,46.36,Monthly,Debit Card,Yes,2,7.5,3,1,Yes,3,Midwest,0
CUST-03728,38,30.37,Monthly,Bank Transfer,Yes,1,13.1,2,2,Yes,4,Northeast,0
CUST-03729,25,82.8,Annual,Credit Card,Yes,0,13.4,1,0,No,5,West,0
CUST-03730,47,56.4,Monthly,Credit Card,No,0,3.7,2,1,No,5,Midwest,0
CUST-03731,52,38.18,Two-Year,Bank Transfer,No,1,2.0,1,2,No,4,Midwest,0
CUST-03732,62,52.61,Monthly,Debit Card,No,2,11.8,1,0,Yes,3,Northeast,0
CUST-03733,29,10.0,Annual,Credit Card,No,5,9.9,2,0,Yes,4,South,0
CUST-03734,68,32.47,Two-Year,Credit Card,No,1,7.9,2,1,No,2,Northeast,0
CUST-03735,24,52.66,Monthly,Debit Card,Yes,2,12.4,4,0,No,4,South,0
CUST-03736,15,67.22,Annual,Debit Card,Yes,3,6.9,4,1,Yes,4,South,0
CUST-03737,28,17.06,Annual,Debit Card,Yes,1,9.7,2,1,No,3,South,0
CUST-03738,39,45.14,Annual,Credit Card,No,2,5.9,1,1,No,3,West,0
CUST-03739,49,70.17,Monthly,Debit Card,Yes,2,4.8,1,0,No,5,Midwest,0
CUST-03740,60,25.87,Monthly,PayPal,Yes,2,6.8,4,1,No,1,South,0
CUST-03741,17,56.13,Monthly,Bank Transfer,No,1,2.8,2,2,Yes,4,West,0
CUST-03742,22,53.19,Two-Year,PayPal,Yes,0,4.6,1,0,Yes,4,South,0
CUST-03743,68,82.86,Monthly,PayPal,Yes,1,7.7,2,1,Yes,4,South,0
CUST-03744,32,47.86,Monthly,PayPal,No,1,9.9,1,0,Yes,2,Northeast,0
CUST-03745,18,48.91,Two-Year,Credit Card,No,0,14.7,2,0,Yes,5,Midwest,0
CUST-03746,71,67.39,Monthly,Credit Card,Yes,2,7.5,3,0,No,4,Northeast,0
CUST-03747,33,28.13,Annual,Credit Card,Yes,1,4.8,2,0,No,4,Northeast,1
CUST-03748,71,48.02,Monthly,Debit Card,No,0,3.5,2,0,Yes,4,South,0
CUST-03749,67,43.8,Annual,Bank Transfer,No,0,14.1,1,0,No,2,West,0
CUST-03750,66,49.5,Monthly,Debit Card,No,1,8.6,1,0,No,4,West,0
CUST-03751,42,67.27,Monthly,Bank Transfer,Yes,3,7.3,1,1,Yes,5,South,1
CUST-03752,58,61.97,Monthly,Credit Card,Yes,2,8.8,2,2,No,3,West,0
CUST-03753,70,38.52,Monthly,Debit Card,Yes,1,12.5,1,0,Yes,4,South,0
CUST-03754,20,54.46,Monthly,Debit Card,Yes,1,17.1,2,1,No,3,Midwest,0
CUST-03755,3,78.83,Monthly,Credit Card,No,0,3.2,1,0,No,5,West,0
CUST-03756,24,37.04,Annual,Debit Card,No,0,6.9,2,0,No,5,South,0
CUST-03757,46,54.61,Monthly,PayPal,No,1,11.9,1,0,No,5,South,1
CUST-03758,40,48.52,Monthly,Debit Card,Yes,2,3.4,2,0,No,4,Northeast,0
CUST-03759,6,50.87,Monthly,Bank Transfer,Yes,1,20.6,2,2,No,4,West,0
CUST-03760,41,22.65,Monthly,Bank Transfer,No,1,6.9,1,1,No,5,Northeast,0
CUST-03761,13,77.39,Annual,Debit Card,Yes,1,22.2,2,0,Yes,3,South,0
CUST-03762,37,38.06,Monthly,Bank Transfer,Yes,1,3.0,2,1,Yes,5,West,0
CUST-03763,42,70.47,Two-Year,Credit Card,Yes,0,13.8,2,1,Yes,5,South,0
CUST-03764,46,40.82,Annual,Credit Card,Yes,1,5.2,3,0,Yes,3,West,1
CUST-03765,30,40.74,Annual,Debit Card,Yes,3,8.0,3,1,No,3,West,0
CUST-03766,30,73.84,Annual,PayPal,Yes,0,11.2,2,0,No,5,West,0
CUST-03767,49,69.89,Monthly,Debit Card,No,2,13.2,3,2,No,3,Northeast,0
CUST-03768,54,55.76,Two-Year,PayPal,Yes,0,10.2,3,1,Yes,2,Northeast,0
CUST-03769,59,65.7,Annual,Bank Transfer,Yes,1,7.8,3,0,No,1,West,0
CUST-03770,25,46.81,Annual,Credit Card,Yes,1,8.7,2,0,Yes,5,South,0
CUST-03771,31,51.85,Monthly,PayPal,Yes,3,29.1,3,1,No,3,Midwest,0
CUST-03772,24,40.09,Monthly,PayPal,Yes,2,14.4,1,1,No,3,South,0
CUST-03773,38,68.27,Annual,Debit Card,Yes,1,4.3,4,0,No,3,West,0
CUST-03774,10,39.52,Monthly,Credit Card,Yes,3,8.6,1,0,Yes,4,South,0
CUST-03775,31,78.73,Annual,Credit Card,Yes,0,10.5,1,0,No,3,West,0
CUST-03776,14,46.31,Monthly,Debit Card,No,2,1.4,1,1,No,2,South,1
CUST-03777,39,52.37,Monthly,PayPal,Yes,1,15.4,3,2,No,4,South,0
CUST-03778,62,65.66,Monthly,Debit Card,Yes,0,4.6,2,1,Yes,4,South,0
CUST-03779,71,52.43,Monthly,Credit Card,No,1,5.5,2,0,Yes,3,South,0
CUST-03780,33,46.64,Monthly,PayPal,No,0,3.7,2,0,No,4,Northeast,0
CUST-03781,5,51.46,Annual,PayPal,No,0,13.9,2,0,Yes,4,Northeast,0
CUST-03782,17,68.09,Monthly,Bank Transfer,Yes,1,11.5,3,3,No,4,West,0
CUST-03783,8,40.07,Two-Year,Debit Card,No,1,14.3,2,1,No,2,Midwest,0
CUST-03784,55,49.73,Annual,PayPal,No,1,17.9,2,2,Yes,3,Midwest,0
CUST-03785,71,52.19,Annual,Debit Card,No,4,9.2,3,1,Yes,5,South,0
CUST-03786,40,67.56,Monthly,PayPal,No,0,6.0,1,1,No,2,South,0
CUST-03787,13,50.2,Annual,Debit Card,Yes,1,9.3,2,0,Yes,5,Northeast,0
CUST-03788,2,84.55,Two-Year,Credit Card,No,1,5.5,1,1,No,4,Northeast,0
CUST-03789,71,49.18,Annual,Bank Transfer,No,1,11.1,2,0,Yes,4,West,0
CUST-03790,23,47.72,Monthly,PayPal,No,2,15.7,3,0,No,3,Northeast,0
CUST-03791,9,48.92,Annual,PayPal,Yes,0,4.8,1,2,Yes,4,South,0
CUST-03792,13,28.3,Monthly,Debit Card,No,0,9.4,1,0,Yes,2,West,0
CUST-03793,19,33.34,Monthly,PayPal,Yes,1,7.7,2,0,No,5,Midwest,0
CUST-03794,48,42.45,Annual,Credit Card,Yes,4,8.0,2,0,Yes,2,Northeast,0
CUST-03795,65,72.44,Annual,Debit Card,Yes,2,13.7,2,0,No,2,South,0
CUST-03796,20,51.4,Monthly,Credit Card,No,2,10.6,1,1,Yes,1,South,1
CUST-03797,50,43.28,Monthly,Credit Card,No,1,6.9,1,0,Yes,5,South,0
CUST-03798,5,74.08,Two-Year,Credit Card,Yes,0,7.5,1,0,No,5,West,0
CUST-03799,1,79.92,Monthly,PayPal,No,1,8.6,2,1,No,3,South,0
CUST-03800,4,74.6,Monthly,Credit Card,No,1,8.3,2,1,No,1,Midwest,1
CUST-03801,67,36.64,Annual,Bank Transfer,Yes,1,8.6,3,1,Yes,5,South,0
CUST-03802,42,43.09,Annual,Bank Transfer,Yes,1,12.5,2,0,No,2,Midwest,0
CUST-03803,58,84.65,Monthly,Credit Card,Yes,0,3.7,1,0,Yes,2,South,0
CUST-03804,2,56.34,Monthly,PayPal,No,0,10.7,1,0,No,3,Midwest,0
CUST-03805,2,47.18,Monthly,Debit Card,Yes,1,11.4,3,3,No,3,Midwest,0
CUST-03806,62,64.93,Monthly,Bank Transfer,Yes,1,21.5,2,1,Yes,5,South,0
CUST-03807,8,70.13,Annual,Debit Card,Yes,0,7.8,3,0,No,4,South,0
CUST-03808,12,41.71,Annual,Debit Card,Yes,0,10.6,2,0,No,3,West,0
CUST-03809,38,55.95,Monthly,Credit Card,Yes,1,13.7,1,0,No,5,Midwest,0
CUST-03810,44,68.68,Monthly,Bank Transfer,No,2,10.5,3,0,Yes,5,Midwest,0
CUST-03811,17,31.11,Monthly,Credit Card,Yes,2,2.1,1,3,Yes,3,West,0
CUST-03812,33,52.22,Monthly,PayPal,No,2,2.3,1,0,No,2,Northeast,1
CUST-03813,49,31.94,Monthly,Credit Card,No,1,7.4,2,0,Yes,2,South,0
CUST-03814,32,34.3,Monthly,PayPal,No,0,8.3,2,1,No,3,Northeast,0
CUST-03815,28,41.86,Annual,Debit Card,Yes,2,9.9,2,0,No,1,Northeast,0
CUST-03816,6,60.59,Monthly,Credit Card,No,1,3.5,2,1,Yes,4,Midwest,0
CUST-03817,33,46.2,Annual,Credit Card,No,2,11.6,2,1,No,2,Northeast,0
CUST-03818,58,40.33,Monthly,Credit Card,Yes,2,3.5,3,2,Yes,5,Northeast,0
CUST-03819,46,52.93,Annual,PayPal,Yes,2,10.4,3,0,No,3,South,0
CUST-03820,65,31.35,Two-Year,PayPal,Yes,2,4.3,2,0,No,4,South,0
CUST-03821,10,59.72,Monthly,Credit Card,No,2,11.2,1,1,No,4,West,0
CUST-03822,1,72.36,Monthly,Debit Card,Yes,1,13.7,2,1,Yes,5,Midwest,0
CUST-03823,40,50.57,Annual,Credit Card,No,0,5.0,3,1,No,4,Midwest,0
CUST-03824,13,48.35,Monthly,PayPal,No,1,10.3,1,0,No,3,South,0
CUST-03825,43,58.72,Monthly,PayPal,No,2,9.1,1,2,No,3,Northeast,0
CUST-03826,66,15.49,Monthly,Bank Transfer,No,3,4.9,3,0,No,1,West,0
CUST-03827,25,61.66,Two-Year,Bank Transfer,No,2,3.4,3,1,No,2,Northeast,0
CUST-03828,40,107.83,Monthly,Debit Card,Yes,2,11.7,4,1,Yes,3,Midwest,0
CUST-03829,50,49.79,Monthly,Credit Card,Yes,1,19.9,2,0,No,4,South,0
CUST-03830,11,49.86,Monthly,Bank Transfer,No,0,6.9,1,2,No,5,South,0
CUST-03831,65,65.38,Annual,Credit Card,Yes,0,2.1,1,1,No,4,South,0
CUST-03832,15,81.62,Monthly,Credit Card,No,2,1.4,2,0,No,5,South,0
CUST-03833,59,69.55,Two-Year,Credit Card,Yes,1,8.6,3,2,Yes,3,Midwest,0
CUST-03834,48,13.2,Annual,PayPal,Yes,5,2.8,2,1,Yes,4,South,0
CUST-03835,11,62.14,Monthly,PayPal,No,2,2.4,2,0,Yes,4,Northeast,1
CUST-03836,53,98.29,Monthly,Bank Transfer,No,1,4.8,3,2,Yes,2,South,0
CUST-03837,15,63.2,Annual,Debit Card,No,1,11.5,1,2,Yes,4,West,0
CUST-03838,44,31.22,Annual,Credit Card,Yes,2,11.0,1,0,Yes,5,South,0
CUST-03839,70,57.07,Monthly,Debit Card,Yes,2,11.9,4,0,No,2,West,0
CUST-03840,69,28.95,Monthly,PayPal,No,0,5.9,2,1,Yes,3,Northeast,0
CUST-03841,63,74.19,Monthly,Credit Card,No,0,6.2,3,0,No,3,Northeast,0
CUST-03842,36,34.79,Monthly,Bank Transfer,Yes,2,14.2,4,1,No,4,West,0
CUST-03843,41,53.34,Monthly,Debit Card,No,2,6.7,3,2,No,1,Northeast,0
CUST-03844,22,36.56,Monthly,PayPal,Yes,1,3.4,2,2,No,4,Northeast,1
CUST-03845,67,42.16,Monthly,PayPal,No,4,5.0,2,1,No,3,West,0
CUST-03846,35,78.75,Annual,Debit Card,Yes,4,12.0,2,3,Yes,3,Northeast,0
CUST-03847,56,53.86,Annual,PayPal,No,0,10.2,3,1,No,3,Midwest,0
CUST-03848,26,41.93,Annual,Debit Card,Yes,0,7.3,1,0,No,3,Northeast,0
CUST-03849,54,31.39,Annual,PayPal,No,2,2.7,2,0,No,4,West,0
CUST-03850,17,18.31,Annual,PayPal,No,0,10.1,3,0,No,3,Midwest,0
CUST-03851,53,29.48,Monthly,PayPal,Yes,1,6.5,1,1,No,5,South,0
CUST-03852,4,54.02,Annual,Credit Card,Yes,1,3.3,2,0,No,4,South,0
CUST-03853,8,69.64,Monthly,Bank Transfer,No,0,11.9,1,1,No,2,South,1
CUST-03854,26,41.91,Monthly,Bank Transfer,No,0,6.7,1,0,No,3,South,0
CUST-03855,35,80.27,Two-Year,PayPal,No,4,8.4,1,1,No,5,West,0
CUST-03856,52,39.08,Two-Year,Bank Transfer,No,2,15.4,2,0,No,2,South,0
CUST-03857,26,47.72,Monthly,Debit Card,Yes,2,9.6,1,0,No,3,Northeast,0
CUST-03858,2,32.57,Annual,Debit Card,No,0,11.4,2,1,No,5,South,0
CUST-03859,24,69.83,Monthly,Debit Card,Yes,1,8.0,1,0,Yes,1,South,0
CUST-03860,32,89.76,Monthly,Credit Card,Yes,2,12.7,1,0,No,5,South,0
CUST-03861,40,20.29,Monthly,Debit Card,No,0,3.9,1,1,No,3,South,0
CUST-03862,47,45.77,Monthly,PayPal,No,3,2.7,2,0,No,3,Northeast,0
CUST-03863,18,74.77,Annual,Credit Card,Yes,0,3.6,1,0,No,5,West,0
CUST-03864,44,25.95,Monthly,Credit Card,Yes,0,6.2,2,1,No,4,Northeast,0
CUST-03865,46,62.2,Monthly,PayPal,No,2,11.4,3,2,No,2,Northeast,1
CUST-03866,56,73.99,Two-Year,PayPal,Yes,0,5.7,3,1,Yes,4,West,0
CUST-03867,38,53.41,Monthly,Bank Transfer,No,0,11.2,2,1,No,5,South,0
CUST-03868,59,61.9,Monthly,Credit Card,Yes,1,8.6,2,0,No,4,South,0
CUST-03869,16,83.7,Monthly,Bank Transfer,Yes,1,21.8,2,0,No,4,South,0
CUST-03870,52,87.07,Monthly,Credit Card,Yes,1,8.8,2,1,Yes,2,South,0
CUST-03871,4,50.88,Monthly,Credit Card,No,1,5.4,1,1,Yes,1,South,1
CUST-03872,8,42.42,Annual,PayPal,No,1,10.6,4,0,No,3,West,0
CUST-03873,63,35.44,Two-Year,Debit Card,Yes,3,8.3,3,0,No,5,West,0
CUST-03874,35,69.59,Monthly,PayPal,Yes,1,3.9,2,1,No,2,South,1
CUST-03875,45,27.31,Monthly,Credit Card,Yes,0,7.2,2,1,No,5,Northeast,0
CUST-03876,44,47.45,Monthly,Credit Card,No,0,7.1,2,0,No,3,South,0
CUST-03877,51,53.85,Annual,Debit Card,No,0,7.4,1,0,Yes,4,Northeast,0
CUST-03878,18,42.95,Monthly,Credit Card,No,5,4.0,1,1,No,4,South,0
CUST-03879,13,57.04,Monthly,Credit Card,No,1,20.0,1,0,No,2,South,0
CUST-03880,4,98.16,Two-Year,Credit Card,Yes,2,2.9,3,0,No,2,South,0
CUST-03881,63,49.81,Annual,Debit Card,No,3,15.6,2,1,No,3,Northeast,0
CUST-03882,17,44.16,Monthly,PayPal,Yes,1,7.8,2,0,No,4,South,1
CUST-03883,42,70.28,Monthly,Credit Card,Yes,1,4.5,1,1,No,3,Midwest,0
CUST-03884,33,56.31,Monthly,PayPal,Yes,0,18.3,3,0,No,2,Midwest,0
CUST-03885,12,77.91,Two-Year,PayPal,No,1,1.0,3,2,No,3,West,0
CUST-03886,30,54.96,Monthly,Debit Card,No,2,4.5,3,1,No,5,Northeast,0
CUST-03887,6,47.53,Monthly,Debit Card,Yes,2,6.9,2,1,No,4,Northeast,0
CUST-03888,13,19.89,Annual,PayPal,No,1,4.9,2,1,No,5,South,0
CUST-03889,11,22.84,Monthly,Bank Transfer,No,0,7.4,2,0,No,3,South,0
CUST-03890,60,18.96,Monthly,Credit Card,No,2,10.9,1,1,No,3,Northeast,0
CUST-03891,41,58.83,Annual,PayPal,Yes,0,3.4,1,1,No,3,South,1
CUST-03892,67,27.48,Monthly,Credit Card,No,3,9.0,2,1,Yes,1,Northeast,1
CUST-03893,32,74.6,Two-Year,Debit Card,No,1,11.5,2,0,Yes,3,South,0
CUST-03894,15,52.54,Annual,Debit Card,No,3,3.7,2,1,Yes,3,South,0
CUST-03895,44,47.6,Monthly,Credit Card,Yes,0,8.6,1,0,No,4,Midwest,0
CUST-03896,67,36.81,Annual,Credit Card,No,2,7.1,2,1,No,2,Midwest,0
CUST-03897,39,63.2,Annual,Credit Card,No,1,4.2,2,3,Yes,5,South,0
CUST-03898,2,37.52,Annual,Credit Card,No,1,4.4,2,0,No,5,Midwest,1
CUST-03899,22,34.26,Annual,PayPal,No,1,4.4,3,1,No,4,Northeast,0
CUST-03900,67,73.39,Monthly,Credit Card,Yes,1,5.9,1,0,No,3,Midwest,0
CUST-03901,38,58.38,Monthly,PayPal,No,2,5.9,2,1,No,4,Midwest,1
CUST-03902,69,47.77,Annual,Bank Transfer,Yes,4,15.9,2,0,No,2,Northeast,0
CUST-03903,37,63.55,Monthly,Credit Card,Yes,1,9.4,2,2,No,4,Northeast,0
CUST-03904,1,52.16,Monthly,Credit Card,Yes,0,9.6,3,0,No,3,Northeast,0
CUST-03905,63,58.89,Monthly,Debit Card,Yes,1,8.4,2,0,No,5,Midwest,0
CUST-03906,55,37.3,Monthly,Bank Transfer,Yes,1,8.8,3,0,Yes,4,South,0
CUST-03907,52,89.27,Annual,Debit Card,Yes,2,9.9,1,1,Yes,4,West,0
CUST-03908,70,41.57,Annual,Credit Card,Yes,1,3.8,3,1,Yes,5,Midwest,0
CUST-03909,15,80.01,Annual,Bank Transfer,No,0,7.3,3,0,Yes,5,Northeast,0
CUST-03910,66,48.6,Monthly,Debit Card,Yes,1,4.5,1,0,No,3,South,0
CUST-03911,17,66.53,Monthly,Debit Card,Yes,0,13.1,2,0,No,4,Northeast,0
CUST-03912,70,65.22,Annual,Bank Transfer,Yes,1,5.6,2,0,No,5,Midwest,0
CUST-03913,14,72.64,Monthly,Bank Transfer,Yes,3,10.0,4,0,No,3,West,0
CUST-03914,40,36.87,Annual,Debit Card,Yes,2,11.0,1,0,No,2,Midwest,0
CUST-03915,57,71.36,Annual,Credit Card,No,3,9.1,2,0,No,5,South,0
CUST-03916,6,85.24,Monthly,Debit Card,Yes,3,8.5,2,1,No,5,Northeast,1
CUST-03917,5,47.34,Monthly,Credit Card,Yes,0,7.8,1,0,No,2,West,1
CUST-03918,62,52.62,Annual,Debit Card,Yes,3,11.3,3,0,No,3,Northeast,0
CUST-03919,5,42.58,Monthly,Credit Card,Yes,0,4.7,2,0,No,3,Midwest,0
CUST-03920,45,45.76,Annual,PayPal,No,3,9.5,2,1,No,5,South,0
CUST-03921,68,82.81,Annual,PayPal,No,1,2.3,4,1,No,5,South,0
CUST-03922,45,33.92,Monthly,Bank Transfer,Yes,0,5.4,3,0,No,3,Northeast,0
CUST-03923,35,35.04,Annual,Bank Transfer,Yes,1,5.8,3,1,No,5,Northeast,0
CUST-03924,31,81.0,Monthly,Credit Card,No,1,3.1,1,0,No,1,Northeast,1
CUST-03925,46,63.24,Monthly,Credit Card,Yes,1,8.6,3,1,Yes,3,South,0
CUST-03926,42,90.17,Two-Year,Debit Card,Yes,1,4.9,1,0,No,2,South,0
CUST-03927,37,43.89,Annual,Credit Card,No,3,14.5,2,1,No,5,South,0
CUST-03928,12,54.27,Annual,Credit Card,No,1,6.7,4,1,No,2,Northeast,1
CUST-03929,48,40.11,Annual,PayPal,Yes,1,10.9,1,0,Yes,5,West,0
CUST-03930,54,54.58,Monthly,Debit Card,No,2,13.2,1,0,No,5,Northeast,0
CUST-03931,52,20.07,Monthly,Credit Card,Yes,2,10.1,3,1,Yes,5,West,0
CUST-03932,6,64.33,Monthly,Debit Card,Yes,2,6.2,1,2,No,4,South,1
CUST-03933,51,57.82,Monthly,Bank Transfer,No,0,7.8,1,1,No,4,South,0
CUST-03934,53,50.96,Monthly,PayPal,No,1,3.1,1,1,No,2,Midwest,0
CUST-03935,14,44.97,Monthly,Credit Card,No,1,11.0,2,2,No,2,Midwest,0
CUST-03936,62,35.89,Annual,Debit Card,No,6,22.2,2,1,Yes,4,South,0
CUST-03937,38,65.1,Monthly,Bank Transfer,No,1,12.6,2,3,No,3,South,0
CUST-03938,35,30.92,Annual,Credit Card,No,0,6.0,3,0,No,4,South,0
CUST-03939,53,61.21,Annual,PayPal,Yes,1,6.4,3,1,Yes,2,Northeast,0
CUST-03940,37,89.34,Two-Year,PayPal,Yes,1,12.9,2,1,No,4,Northeast,0
CUST-03941,40,78.74,Monthly,PayPal,No,1,1.7,1,0,Yes,1,Midwest,1
CUST-03942,23,24.91,Two-Year,Credit Card,Yes,1,3.4,3,1,No,2,Midwest,0
CUST-03943,67,42.34,Annual,Bank Transfer,No,1,5.1,1,2,Yes,2,South,1
CUST-03944,70,59.59,Monthly,Debit Card,Yes,0,5.4,4,0,No,2,West,0
CUST-03945,10,50.73,Monthly,Credit Card,Yes,2,2.2,1,1,No,4,West,0
CUST-03946,53,26.81,Monthly,Credit Card,No,5,9.8,3,1,No,1,South,1
CUST-03947,2,58.94,Annual,Debit Card,No,0,6.1,3,0,No,4,West,0
CUST-03948,27,51.82,Monthly,Credit Card,Yes,0,6.1,1,0,No,4,South,0
CUST-03949,70,86.46,Monthly,PayPal,Yes,2,8.3,1,0,No,2,South,0
CUST-03950,13,47.44,Annual,Bank Transfer,No,2,2.8,1,2,No,4,Northeast,0
CUST-03951,28,73.02,Monthly,Credit Card,No,0,7.4,1,0,Yes,2,Northeast,0
CUST-03952,16,29.19,Monthly,PayPal,Yes,1,2.7,2,1,Yes,3,West,0
CUST-03953,53,33.5,Annual,Bank Transfer,Yes,1,9.7,1,0,No,5,Midwest,0
CUST-03954,34,64.99,Two-Year,Credit Card,Yes,1,13.9,1,1,No,4,Northeast,0
CUST-03955,43,71.51,Annual,PayPal,Yes,1,10.9,2,0,No,5,Midwest,0
CUST-03956,68,34.77,Monthly,Bank Transfer,Yes,1,5.4,1,0,No,5,Northeast,0
CUST-03957,38,52.43,Monthly,PayPal,No,2,10.3,3,0,No,3,South,0
CUST-03958,53,27.13,Monthly,Debit Card,Yes,2,6.6,1,0,No,5,West,0
CUST-03959,8,48.74,Monthly,Bank Transfer,Yes,1,8.1,1,0,No,3,South,0
CUST-03960,16,67.06,Monthly,PayPal,Yes,1,10.0,1,0,Yes,3,Midwest,0
CUST-03961,69,44.17,Two-Year,Credit Card,Yes,1,0.9,1,1,No,4,Northeast,0
CUST-03962,62,47.52,Annual,Credit Card,Yes,2,2.4,1,1,Yes,4,South,0
CUST-03963,48,31.66,Monthly,Debit Card,Yes,1,6.9,1,0,Yes,5,South,0
CUST-03964,28,40.33,Monthly,Debit Card,Yes,3,4.7,1,0,No,5,West,0
CUST-03965,15,83.65,Monthly,Debit Card,No,2,7.5,2,1,No,4,Northeast,0
CUST-03966,62,53.31,Monthly,Credit Card,Yes,3,8.2,2,0,No,5,South,0
CUST-03967,57,33.96,Annual,Bank Transfer,Yes,1,5.4,2,1,No,5,Northeast,0
CUST-03968,18,46.33,Monthly,PayPal,No,1,6.3,3,1,No,4,South,0
CUST-03969,43,23.25,Annual,Debit Card,Yes,0,4.0,2,2,No,4,South,0
CUST-03970,45,33.75,Monthly,Credit Card,Yes,1,8.8,1,0,Yes,4,Northeast,0
CUST-03971,35,76.49,Monthly,Credit Card,No,0,11.7,2,1,Yes,4,South,0
CUST-03972,67,49.44,Two-Year,Credit Card,Yes,3,2.8,2,0,Yes,2,South,0
CUST-03973,9,86.03,Monthly,PayPal,Yes,0,11.3,2,0,Yes,2,South,0
CUST-03974,19,50.28,Monthly,Credit Card,No,2,9.5,1,0,No,3,West,0
CUST-03975,7,51.35,Annual,Bank Transfer,No,0,10.9,3,1,No,5,Northeast,0
CUST-03976,50,63.54,Monthly,Credit Card,No,1,14.1,1,1,Yes,3,Midwest,0
CUST-03977,47,10.0,Monthly,Credit Card,Yes,1,5.5,1,2,Yes,2,South,1
CUST-03978,72,55.69,Monthly,Bank Transfer,Yes,5,12.9,2,1,Yes,4,South,0
CUST-03979,40,51.12,Monthly,Debit Card,Yes,3,14.2,4,0,Yes,3,Midwest,0
CUST-03980,11,78.75,Monthly,Debit Card,Yes,3,3.1,3,0,Yes,5,Northeast,0
CUST-03981,33,69.36,Monthly,Credit Card,Yes,1,8.3,4,0,Yes,3,West,0
CUST-03982,7,31.59,Annual,PayPal,Yes,1,8.1,2,0,No,4,West,0
CUST-03983,49,74.36,Annual,Debit Card,Yes,0,14.7,2,0,No,5,Midwest,0
CUST-03984,49,47.28,Monthly,PayPal,Yes,1,25.5,1,0,No,5,West,0
CUST-03985,62,35.72,Monthly,PayPal,Yes,3,10.9,2,3,Yes,5,West,1
CUST-03986,25,55.55,Monthly,Bank Transfer,Yes,1,20.3,3,3,No,5,Northeast,0
CUST-03987,23,48.35,Monthly,PayPal,No,0,4.9,1,0,No,3,West,0
CUST-03988,6,79.69,Monthly,PayPal,Yes,2,10.4,1,1,No,5,West,0
CUST-03989,30,58.13,Annual,PayPal,No,1,7.4,3,1,Yes,4,South,0
CUST-03990,35,55.7,Monthly,Debit Card,Yes,3,9.9,1,0,No,3,South,0
CUST-03991,55,68.21,Monthly,PayPal,Yes,1,11.1,1,2,Yes,4,South,0
CUST-03992,55,71.67,Annual,PayPal,No,2,12.1,3,0,No,5,South,0
CUST-03993,11,66.1,Annual,Credit Card,No,0,6.3,1,0,No,1,South,0
CUST-03994,21,77.55,Monthly,PayPal,Yes,1,7.0,3,0,Yes,5,Midwest,0
CUST-03995,37,62.96,Monthly,Credit Card,Yes,2,11.6,1,1,Yes,4,West,0
CUST-03996,25,55.02,Two-Year,Debit Card,No,2,9.1,1,0,Yes,3,West,0
CUST-03997,2,74.31,Monthly,Credit Card,Yes,1,5.2,1,0,No,3,Midwest,1
CUST-03998,61,50.36,Annual,Credit Card,Yes,2,7.1,1,0,No,3,West,0
CUST-03999,53,52.6,Annual,Credit Card,Yes,1,13.4,2,0,No,3,West,0
CUST-04000,38,82.99,Monthly,Credit Card,Yes,1,4.3,2,2,No,1,Midwest,0
CUST-04001,23,81.19,Monthly,Credit Card,No,2,7.6,2,0,Yes,2,South,1
CUST-04002,61,51.85,Monthly,Credit Card,No,0,3.4,2,1,No,3,South,0
CUST-04003,3,43.84,Monthly,PayPal,Yes,2,14.1,1,1,No,2,West,0
CUST-04004,33,78.34,Monthly,Debit Card,Yes,1,26.2,2,0,Yes,2,Northeast,0
CUST-04005,58,66.41,Annual,Bank Transfer,Yes,3,16.1,1,0,Yes,5,Midwest,0
CUST-04006,69,57.68,Annual,PayPal,No,0,5.7,1,0,Yes,4,West,0
CUST-04007,19,46.21,Two-Year,Credit Card,No,1,5.6,4,0,No,5,Midwest,0
CUST-04008,47,57.97,Two-Year,Debit Card,Yes,2,13.7,4,0,No,4,West,0
CUST-04009,14,51.61,Annual,Debit Card,No,1,12.8,1,0,Yes,3,Midwest,0
CUST-04010,9,40.04,Monthly,Debit Card,Yes,2,17.4,1,1,Yes,5,West,0
CUST-04011,26,54.32,Monthly,Debit Card,No,3,7.8,2,0,Yes,4,West,0
CUST-04012,64,56.78,Annual,PayPal,Yes,0,3.9,2,0,No,4,Midwest,0
CUST-04013,50,45.24,Annual,PayPal,Yes,1,7.9,3,0,No,2,Midwest,0
CUST-04014,36,68.27,Monthly,Debit Card,Yes,0,7.2,2,0,No,2,West,0
CUST-04015,21,75.2,Annual,PayPal,No,0,23.2,1,0,No,1,West,0
CUST-04016,11,69.46,Monthly,Credit Card,Yes,0,11.1,2,1,Yes,2,Midwest,0
CUST-04017,20,47.03,Monthly,Bank Transfer,Yes,3,2.4,1,0,No,5,Midwest,0
CUST-04018,11,65.6,Annual,Bank Transfer,No,0,11.4,2,1,Yes,5,Northeast,0
CUST-04019,14,53.4,Monthly,Credit Card,No,2,14.2,2,2,No,3,West,0
CUST-04020,50,29.76,Monthly,PayPal,Yes,2,13.0,4,0,No,3,South,0
CUST-04021,10,64.11,Annual,PayPal,Yes,2,12.6,1,1,Yes,4,Northeast,0
CUST-04022,4,54.63,Annual,Debit Card,No,1,9.0,2,2,No,3,South,0
CUST-04023,40,98.68,Monthly,Credit Card,Yes,0,7.0,1,1,Yes,4,South,0
CUST-04024,21,78.23,Annual,PayPal,Yes,2,3.7,3,0,No,3,West,0
CUST-04025,33,64.8,Monthly,Debit Card,Yes,0,18.0,1,2,No,3,Midwest,0
CUST-04026,11,56.49,Annual,Credit Card,Yes,0,10.6,1,0,Yes,5,Northeast,0
CUST-04027,16,54.95,Monthly,PayPal,No,0,5.7,1,0,No,4,Northeast,1
CUST-04028,32,33.93,Two-Year,Debit Card,No,1,8.5,3,1,Yes,5,South,0
CUST-04029,50,20.7,Annual,Credit Card,Yes,2,3.8,1,2,Yes,4,West,0
CUST-04030,30,36.29,Monthly,Bank Transfer,No,1,8.4,2,0,Yes,3,South,0
CUST-04031,40,51.14,Monthly,Credit Card,No,0,15.3,1,0,Yes,4,West,0
CUST-04032,38,14.1,Monthly,Debit Card,No,0,11.4,2,0,Yes,4,Northeast,0
CUST-04033,20,42.2,Annual,PayPal,Yes,1,13.9,4,0,Yes,5,South,0
CUST-04034,21,47.54,Annual,Credit Card,Yes,0,13.3,1,0,No,1,West,0
CUST-04035,31,48.12,Annual,PayPal,Yes,2,10.1,2,1,No,4,South,0
CUST-04036,3,40.09,Two-Year,PayPal,No,0,7.3,1,0,No,4,South,0
CUST-04037,50,45.85,Monthly,Debit Card,Yes,2,6.4,2,2,No,3,South,0
CUST-04038,45,83.03,Annual,Debit Card,Yes,1,17.3,1,0,No,4,West,0
CUST-04039,23,63.92,Monthly,Bank Transfer,Yes,2,10.8,1,1,No,1,West,0
CUST-04040,27,41.91,Annual,Bank Transfer,Yes,1,10.3,3,0,Yes,3,South,1
CUST-04041,24,50.77,Monthly,Credit Card,Yes,3,10.8,1,1,No,3,West,0
CUST-04042,47,51.49,Annual,Debit Card,Yes,2,6.8,1,1,Yes,3,Northeast,0
CUST-04043,55,38.18,Monthly,Debit Card,Yes,1,10.0,1,2,No,4,Midwest,0
CUST-04044,8,38.16,Monthly,Bank Transfer,No,0,5.4,2,0,No,5,South,1
CUST-04045,30,70.19,Monthly,PayPal,No,0,6.1,4,0,No,1,Northeast,1
CUST-04046,1,44.44,Two-Year,Debit Card,Yes,0,11.7,3,1,Yes,4,Midwest,0
CUST-04047,33,32.3,Monthly,Bank Transfer,Yes,5,10.6,3,2,Yes,3,South,0
CUST-04048,18,51.22,Monthly,Debit Card,Yes,4,11.9,3,0,No,5,South,0
CUST-04049,25,54.12,Monthly,Credit Card,Yes,2,12.8,2,0,No,4,Midwest,0
CUST-04050,33,16.49,Monthly,PayPal,No,1,6.8,2,0,No,5,South,0
CUST-04051,24,51.27,Annual,Debit Card,Yes,0,8.1,2,1,Yes,4,South,0
CUST-04052,29,67.62,Two-Year,PayPal,No,1,11.4,4,1,No,4,Midwest,0
CUST-04053,56,60.12,Annual,Debit Card,Yes,1,5.0,1,0,No,5,Midwest,0
CUST-04054,59,92.14,Annual,PayPal,No,0,1.0,2,0,No,1,South,0
CUST-04055,1,74.52,Monthly,Bank Transfer,No,1,2.8,3,2,No,5,Midwest,1
CUST-04056,28,78.08,Monthly,Credit Card,No,0,5.9,1,1,No,4,South,0
CUST-04057,61,102.4,Annual,Debit Card,No,0,6.9,3,0,No,5,Midwest,0
CUST-04058,39,65.65,Annual,PayPal,Yes,1,9.8,3,0,No,1,South,0
CUST-04059,15,54.94,Monthly,Credit Card,Yes,1,14.3,2,0,No,2,West,0
CUST-04060,43,69.53,Annual,PayPal,Yes,0,7.1,3,1,No,1,Midwest,0
CUST-04061,11,41.93,Monthly,PayPal,No,0,5.7,1,2,No,1,Midwest,0
CUST-04062,2,53.94,Monthly,Credit Card,No,0,3.8,4,2,No,2,West,1
CUST-04063,46,40.34,Monthly,Bank Transfer,Yes,2,5.3,1,0,Yes,3,South,0
CUST-04064,38,59.16,Annual,Debit Card,No,1,5.2,1,0,Yes,2,West,0
CUST-04065,55,40.27,Annual,Credit Card,Yes,4,8.7,2,0,Yes,2,South,0
CUST-04066,25,39.64,Monthly,Credit Card,Yes,2,5.2,2,1,No,4,West,0
CUST-04067,62,59.44,Annual,PayPal,No,0,6.7,2,0,No,4,South,0
CUST-04068,31,49.52,Annual,Bank Transfer,Yes,0,6.3,2,1,Yes,1,Midwest,0
CUST-04069,54,17.3,Monthly,Debit Card,Yes,2,8.2,3,2,No,4,West,0
CUST-04070,8,25.8,Annual,Credit Card,No,0,11.1,2,0,No,4,West,0
CUST-04071,7,31.35,Monthly,Credit Card,Yes,1,10.0,3,5,Yes,3,Northeast,0
CUST-04072,57,36.11,Monthly,PayPal,Yes,0,4.7,1,0,No,2,Northeast,0
CUST-04073,61,59.46,Monthly,Debit Card,Yes,1,5.8,4,0,Yes,4,West,0
CUST-04074,68,55.94,Monthly,Debit Card,Yes,0,12.2,3,1,No,5,South,0
CUST-04075,24,71.18,Monthly,Debit Card,No,1,13.8,3,1,No,3,Northeast,0
CUST-04076,2,65.55,Monthly,Debit Card,No,0,3.4,1,1,Yes,4,Northeast,0
CUST-04077,71,71.29,Monthly,PayPal,Yes,2,3.1,4,1,No,2,South,0
CUST-04078,44,62.95,Annual,Debit Card,No,3,17.6,1,1,No,5,West,0
CUST-04079,18,55.77,Annual,Credit Card,No,1,3.8,1,3,No,4,Northeast,0
CUST-04080,55,71.79,Monthly,Debit Card,No,1,5.0,2,1,Yes,3,South,0
CUST-04081,66,68.55,Monthly,Debit Card,No,0,6.8,3,0,Yes,4,Northeast,0
CUST-04082,21,58.77,Monthly,Debit Card,Yes,1,4.9,4,0,No,5,Midwest,1
CUST-04083,56,74.88,Annual,Credit Card,No,1,5.0,2,2,No,4,West,0
CUST-04084,57,10.0,Annual,Credit Card,Yes,2,5.1,3,0,No,3,South,0
CUST-04085,37,46.77,Monthly,Debit Card,Yes,4,8.7,2,0,No,4,West,0
CUST-04086,46,46.5,Annual,Credit Card,Yes,1,2.7,1,0,Yes,2,West,0
CUST-04087,20,72.75,Annual,PayPal,Yes,1,12.2,2,0,No,5,South,0
CUST-04088,67,80.29,Two-Year,Debit Card,Yes,3,1.2,1,1,No,4,Northeast,0
CUST-04089,71,25.9,Monthly,Credit Card,No,2,3.1,2,1,Yes,3,South,0
CUST-04090,71,77.4,Monthly,PayPal,Yes,1,16.6,1,0,No,5,West,0
CUST-04091,54,30.91,Annual,Debit Card,Yes,1,6.0,1,0,No,4,South,0
CUST-04092,4,31.46,Monthly,Credit Card,No,1,5.7,2,0,No,2,South,1
CUST-04093,27,47.78,Monthly,PayPal,Yes,1,2.3,2,1,Yes,4,Northeast,0
CUST-04094,33,46.27,Monthly,Debit Card,Yes,0,2.2,3,1,Yes,5,Northeast,0
CUST-04095,70,23.95,Monthly,Bank Transfer,No,0,7.7,2,0,No,5,West,0
CUST-04096,40,63.7,Annual,Credit Card,No,2,2.3,1,0,Yes,3,West,0
CUST-04097,39,64.23,Annual,Bank Transfer,No,0,4.9,3,1,No,5,South,0
CUST-04098,11,70.97,Monthly,PayPal,Yes,1,10.7,1,1,Yes,4,Midwest,0
CUST-04099,58,44.2,Annual,Credit Card,Yes,1,8.6,2,1,No,3,Midwest,0
CUST-04100,25,51.29,Monthly,Debit Card,No,2,6.4,2,0,Yes,4,South,0
CUST-04101,7,51.45,Two-Year,PayPal,No,1,8.1,1,0,No,1,Midwest,0
CUST-04102,72,82.38,Monthly,Debit Card,Yes,0,10.9,2,0,Yes,3,West,0
CUST-04103,14,10.0,Annual,Debit Card,No,1,5.9,3,0,No,4,West,0
CUST-04104,2,34.78,Two-Year,Bank Transfer,No,3,12.0,1,0,No,2,South,0
CUST-04105,6,52.1,Annual,PayPal,Yes,1,7.7,4,1,No,3,Midwest,0
CUST-04106,33,32.46,Annual,Bank Transfer,Yes,1,13.5,2,1,Yes,5,West,0
CUST-04107,8,47.35,Monthly,Bank Transfer,Yes,1,8.0,1,0,No,5,Midwest,1
CUST-04108,61,49.73,Annual,PayPal,No,2,3.1,2,1,Yes,2,West,0
CUST-04109,37,40.16,Annual,PayPal,Yes,3,4.9,2,0,No,5,West,1
CUST-04110,24,53.16,Monthly,PayPal,No,2,7.5,2,1,No,4,Northeast,0
CUST-04111,1,63.31,Two-Year,Bank Transfer,Yes,3,25.5,1,0,No,2,Midwest,0
CUST-04112,35,47.75,Monthly,PayPal,No,1,4.6,3,0,No,4,Northeast,0
CUST-04113,11,43.84,Monthly,Credit Card,Yes,3,22.2,3,1,Yes,2,West,0
CUST-04114,71,49.02,Two-Year,PayPal,No,2,12.7,3,0,No,4,Northeast,0
CUST-04115,21,51.87,Monthly,Credit Card,Yes,0,13.0,3,1,Yes,4,South,1
CUST-04116,35,20.67,Monthly,Bank Transfer,No,0,10.9,2,1,No,4,South,0
CUST-04117,2,60.31,Monthly,PayPal,No,0,21.2,2,1,Yes,5,West,0
CUST-04118,10,43.88,Annual,PayPal,Yes,2,5.1,2,0,No,5,West,0
CUST-04119,15,74.71,Annual,Credit Card,No,0,12.4,1,1,No,4,South,0
CUST-04120,4,62.64,Monthly,Debit Card,Yes,2,3.5,2,0,No,4,South,0
CUST-04121,53,73.06,Annual,Debit Card,No,1,5.1,1,1,Yes,3,South,0
CUST-04122,69,33.8,Annual,PayPal,Yes,1,11.4,3,2,No,4,Midwest,0
CUST-04123,71,45.32,Annual,PayPal,No,3,13.2,1,1,No,4,Northeast,0
CUST-04124,20,29.64,Annual,Debit Card,No,0,9.7,3,1,No,3,South,0
CUST-04125,57,39.31,Two-Year,Credit Card,No,0,2.0,1,2,No,3,Midwest,0
CUST-04126,37,74.54,Monthly,Debit Card,Yes,0,4.6,3,1,Yes,4,Northeast,0
CUST-04127,4,78.77,Monthly,Debit Card,Yes,0,3.1,2,1,Yes,5,Midwest,0
CUST-04128,7,31.33,Annual,Bank Transfer,No,0,7.2,2,1,No,2,West,0
CUST-04129,40,43.75,Monthly,Bank Transfer,Yes,1,3.1,1,0,No,4,Midwest,0
CUST-04130,31,50.63,Monthly,PayPal,No,2,5.3,2,1,No,5,South,1
CUST-04131,1,62.54,Monthly,Credit Card,Yes,3,5.2,1,1,Yes,3,South,1
CUST-04132,67,20.32,Monthly,Credit Card,Yes,2,14.9,3,1,Yes,1,South,0
CUST-04133,53,23.15,Two-Year,Bank Transfer,No,3,5.5,3,0,Yes,5,Northeast,0
CUST-04134,37,60.81,Monthly,Bank Transfer,Yes,3,21.8,2,1,No,3,Northeast,0
CUST-04135,72,16.92,Annual,Credit Card,Yes,0,6.0,1,4,Yes,4,West,0
CUST-04136,70,43.96,Annual,PayPal,Yes,2,10.5,1,4,Yes,4,West,0
CUST-04137,71,54.92,Monthly,Debit Card,No,4,8.9,2,0,No,5,Midwest,0
CUST-04138,19,59.48,Monthly,Credit Card,Yes,1,8.2,2,2,No,5,Midwest,1
CUST-04139,64,49.45,Monthly,Bank Transfer,No,1,12.5,2,0,No,5,South,0
CUST-04140,37,45.42,Monthly,Bank Transfer,Yes,2,7.5,2,1,Yes,4,South,0
CUST-04141,53,67.2,Monthly,Bank Transfer,Yes,2,5.3,2,1,Yes,2,Northeast,0
CUST-04142,62,57.13,Annual,Credit Card,Yes,1,11.4,2,0,No,2,West,0
CUST-04143,12,40.35,Monthly,Debit Card,Yes,1,4.0,2,1,Yes,1,West,0
CUST-04144,33,52.68,Monthly,Bank Transfer,Yes,0,6.2,3,1,No,4,South,0
CUST-04145,10,58.9,Monthly,PayPal,Yes,1,12.5,1,2,No,4,South,0
CUST-04146,21,82.93,Monthly,Debit Card,Yes,2,7.1,1,0,No,2,Northeast,1
CUST-04147,30,66.15,Monthly,Debit Card,No,0,10.0,1,2,No,5,South,0
CUST-04148,62,73.86,Two-Year,Credit Card,Yes,6,9.1,1,1,No,3,South,0
CUST-04149,63,41.01,Monthly,PayPal,Yes,3,5.5,2,0,No,3,Northeast,0
CUST-04150,29,42.56,Monthly,Bank Transfer,Yes,1,7.2,3,0,Yes,4,West,0
CUST-04151,24,47.76,Annual,Credit Card,Yes,1,3.9,2,1,Yes,4,Northeast,0
CUST-04152,39,49.42,Annual,Credit Card,No,2,13.7,4,1,Yes,2,South,0
CUST-04153,66,33.86,Annual,Debit Card,No,7,6.3,1,0,No,5,South,0
CUST-04154,71,74.79,Monthly,PayPal,No,0,14.3,1,0,No,2,South,0
CUST-04155,17,67.9,Annual,Debit Card,Yes,0,6.9,1,1,No,2,Northeast,0
CUST-04156,14,46.5,Monthly,Credit Card,Yes,0,10.4,2,1,No,5,West,0
CUST-04157,51,63.55,Annual,PayPal,No,0,4.0,2,1,No,4,South,0
CUST-04158,22,56.01,Monthly,Credit Card,No,0,13.1,1,1,Yes,3,Midwest,1
CUST-04159,15,64.96,Annual,PayPal,Yes,1,0.9,1,0,No,2,South,1
CUST-04160,3,27.8,Annual,PayPal,Yes,0,7.1,3,1,Yes,2,West,0
CUST-04161,30,49.38,Annual,Debit Card,No,1,5.7,1,2,No,3,Northeast,1
CUST-04162,29,50.96,Monthly,PayPal,No,0,3.7,1,0,No,5,West,0
CUST-04163,41,63.23,Annual,PayPal,Yes,5,28.5,2,3,Yes,4,Midwest,0
CUST-04164,15,40.69,Annual,PayPal,Yes,0,3.2,2,0,No,3,West,0
CUST-04165,52,10.0,Monthly,PayPal,No,0,21.5,2,2,Yes,5,West,0
CUST-04166,49,32.53,Monthly,Debit Card,No,3,17.9,2,0,No,5,Midwest,0
CUST-04167,34,50.9,Monthly,Debit Card,Yes,4,3.1,3,0,No,3,Midwest,0
CUST-04168,14,53.15,Monthly,Debit Card,Yes,1,7.4,3,1,No,3,Midwest,0
CUST-04169,37,82.31,Annual,Debit Card,Yes,1,7.1,2,0,No,2,West,0
CUST-04170,49,62.49,Monthly,Debit Card,No,1,7.6,3,0,Yes,4,Midwest,0
CUST-04171,27,53.47,Annual,Credit Card,No,1,9.0,2,0,No,3,West,0
CUST-04172,19,51.42,Annual,PayPal,Yes,0,14.4,3,0,Yes,5,South,0
CUST-04173,37,71.88,Annual,Credit Card,Yes,0,3.6,2,0,No,3,Northeast,0
CUST-04174,26,41.38,Annual,Bank Transfer,No,1,7.1,1,2,No,4,Northeast,0
CUST-04175,29,49.47,Annual,PayPal,Yes,1,5.8,2,3,No,3,Midwest,0
CUST-04176,26,32.39,Monthly,Credit Card,Yes,2,5.4,4,1,No,4,West,0
CUST-04177,22,77.54,Monthly,PayPal,Yes,2,7.8,3,1,Yes,4,South,0
CUST-04178,52,59.06,Annual,Debit Card,Yes,2,6.7,1,0,No,5,Midwest,0
CUST-04179,34,39.26,Two-Year,Bank Transfer,No,1,1.3,2,1,No,3,South,0
CUST-04180,34,49.94,Monthly,Bank Transfer,Yes,0,9.1,3,1,No,4,Midwest,0
CUST-04181,48,61.17,Two-Year,Bank Transfer,No,0,2.0,2,0,No,4,Northeast,0
CUST-04182,27,47.49,Two-Year,PayPal,No,2,13.5,2,0,No,4,Northeast,0
CUST-04183,8,42.38,Monthly,Bank Transfer,Yes,2,8.3,4,1,No,4,West,0
CUST-04184,62,40.22,Annual,PayPal,No,0,6.3,2,2,No,2,Northeast,0
CUST-04185,5,58.1,Annual,Bank Transfer,Yes,1,3.0,1,1,Yes,3,Midwest,0
CUST-04186,42,45.56,Monthly,Credit Card,No,0,9.3,1,3,No,4,Northeast,1
CUST-04187,20,43.83,Monthly,Bank Transfer,Yes,0,7.5,2,0,No,4,Northeast,0
CUST-04188,16,27.95,Monthly,PayPal,No,1,7.8,2,1,No,4,South,0
CUST-04189,4,53.4,Annual,Credit Card,Yes,4,8.4,3,0,Yes,2,South,0
CUST-04190,65,48.74,Monthly,Bank Transfer,Yes,1,10.9,3,1,No,2,West,0
CUST-04191,31,46.21,Annual,PayPal,Yes,2,9.1,1,0,No,4,South,0
CUST-04192,25,55.58,Annual,Bank Transfer,Yes,3,17.1,3,1,Yes,4,South,0
CUST-04193,54,65.46,Annual,Credit Card,Yes,2,10.9,1,1,No,4,West,0
CUST-04194,3,64.63,Monthly,PayPal,Yes,1,9.0,1,0,No,1,South,1
CUST-04195,41,61.95,Monthly,PayPal,Yes,1,8.0,2,1,No,4,Midwest,0
CUST-04196,36,47.67,Monthly,Credit Card,Yes,1,4.3,2,0,No,5,Midwest,0
CUST-04197,40,41.79,Monthly,PayPal,No,0,2.7,1,4,No,4,West,0
CUST-04198,9,33.21,Monthly,PayPal,Yes,1,1.1,2,1,Yes,1,Northeast,1
CUST-04199,69,41.32,Monthly,Credit Card,Yes,2,10.5,3,0,Yes,3,Midwest,0
CUST-04200,18,52.35,Monthly,PayPal,No,0,7.5,2,0,Yes,2,Northeast,1
CUST-04201,49,37.85,Annual,Credit Card,No,1,11.0,1,0,No,4,South,0
CUST-04202,54,53.73,Monthly,PayPal,Yes,1,16.5,3,0,Yes,2,South,0
CUST-04203,25,34.62,Monthly,Bank Transfer,Yes,5,7.1,1,2,Yes,1,West,1
CUST-04204,10,22.1,Annual,Debit Card,Yes,1,3.1,1,0,No,5,Midwest,0
CUST-04205,22,66.75,Monthly,Debit Card,Yes,0,12.9,1,0,Yes,5,Midwest,0
CUST-04206,59,43.46,Two-Year,Debit Card,No,2,6.7,1,2,Yes,5,Northeast,0
CUST-04207,66,36.93,Annual,Debit Card,No,1,5.2,1,0,No,4,South,0
CUST-04208,68,32.31,Monthly,Bank Transfer,No,0,5.0,1,2,No,3,South,0
CUST-04209,17,59.61,Two-Year,Credit Card,No,2,10.5,2,1,No,2,Northeast,0
CUST-04210,44,76.75,Annual,Debit Card,No,0,10.4,1,0,Yes,3,South,0
CUST-04211,11,44.74,Annual,Credit Card,Yes,1,14.6,1,0,No,2,South,0
CUST-04212,52,48.12,Monthly,PayPal,No,2,3.8,2,1,Yes,5,South,0
CUST-04213,30,71.29,Monthly,PayPal,No,2,3.7,2,1,No,5,West,0
CUST-04214,52,19.41,Monthly,Credit Card,No,1,8.5,2,0,No,4,Midwest,0
CUST-04215,50,87.4,Annual,Credit Card,Yes,0,9.1,1,0,No,3,West,0
CUST-04216,72,95.99,Monthly,Credit Card,Yes,3,13.5,3,1,Yes,4,West,0
CUST-04217,36,10.0,Monthly,Credit Card,Yes,1,14.0,4,0,No,4,Northeast,0
CUST-04218,25,50.24,Monthly,Debit Card,Yes,4,8.3,1,0,Yes,4,West,0
CUST-04219,38,39.06,Monthly,PayPal,No,1,14.6,2,0,No,5,Midwest,0
CUST-04220,12,47.23,Monthly,Debit Card,No,1,7.4,3,0,No,3,West,0
CUST-04221,9,44.47,Monthly,Credit Card,Yes,1,7.4,2,2,No,3,West,1
CUST-04222,38,66.61,Two-Year,PayPal,Yes,1,6.6,1,0,No,1,West,0
CUST-04223,60,49.97,Monthly,PayPal,Yes,1,3.6,1,2,No,3,South,0
CUST-04224,39,35.6,Monthly,Debit Card,No,0,2.6,2,3,No,4,South,0
CUST-04225,57,48.9,Monthly,Credit Card,No,0,8.4,2,1,No,5,South,0
CUST-04226,13,61.27,Monthly,PayPal,Yes,0,13.0,3,2,Yes,2,West,0
CUST-04227,33,30.69,Annual,Credit Card,Yes,2,5.1,1,0,No,4,Northeast,0
CUST-04228,45,22.37,Monthly,PayPal,No,1,13.9,1,3,No,3,South,0
CUST-04229,26,87.87,Two-Year,PayPal,No,1,16.1,1,1,No,5,South,0
CUST-04230,2,40.44,Two-Year,Bank Transfer,No,3,6.2,2,2,No,4,South,1
CUST-04231,6,49.53,Annual,Credit Card,Yes,1,2.2,2,0,No,1,Midwest,0
CUST-04232,67,44.84,Annual,Credit Card,Yes,3,6.6,1,0,Yes,2,West,1
CUST-04233,44,61.87,Monthly,Bank Transfer,No,2,3.9,2,0,No,5,Northeast,0
CUST-04234,20,83.91,Annual,Debit Card,Yes,1,13.1,3,0,No,4,South,0
CUST-04235,19,62.44,Monthly,Debit Card,No,2,8.6,3,1,Yes,2,South,0
CUST-04236,3,24.67,Annual,PayPal,No,1,2.1,3,1,Yes,3,Midwest,0
CUST-04237,69,27.09,Monthly,Credit Card,Yes,2,10.0,2,1,Yes,3,South,0
CUST-04238,8,44.82,Monthly,PayPal,Yes,0,13.5,3,0,Yes,4,Northeast,0
CUST-04239,55,47.17,Monthly,Bank Transfer,No,1,8.0,2,0,Yes,1,Northeast,0
CUST-04240,18,21.0,Annual,PayPal,No,2,5.8,1,1,No,4,South,0
CUST-04241,25,66.75,Annual,Debit Card,Yes,4,9.6,4,0,Yes,2,Northeast,0
CUST-04242,20,32.45,Monthly,Bank Transfer,No,0,18.1,1,1,No,4,Midwest,0
CUST-04243,60,78.88,Monthly,PayPal,Yes,2,14.8,1,0,Yes,4,West,0
CUST-04244,3,84.77,Monthly,Credit Card,No,1,3.3,1,0,No,5,Northeast,1
CUST-04245,26,47.53,Annual,PayPal,No,0,8.6,2,2,Yes,4,South,0
CUST-04246,21,59.9,Monthly,Credit Card,Yes,3,4.0,2,1,Yes,5,West,0
CUST-04247,20,29.82,Monthly,Credit Card,No,1,5.7,2,2,Yes,5,West,0
CUST-04248,14,63.23,Annual,PayPal,No,2,15.4,1,0,No,4,West,0
CUST-04249,66,43.03,Annual,Credit Card,No,3,8.6,1,1,No,4,Northeast,0
CUST-04250,28,32.43,Annual,Credit Card,Yes,1,4.3,1,1,No,3,South,0
CUST-04251,31,46.79,Annual,PayPal,No,2,6.5,1,0,No,5,West,0
CUST-04252,28,43.62,Two-Year,Credit Card,No,1,11.6,1,0,No,5,South,0
CUST-04253,71,46.15,Monthly,Debit Card,Yes,4,5.5,1,1,No,3,Northeast,0
CUST-04254,25,69.09,Monthly,Credit Card,Yes,1,8.8,4,0,Yes,3,South,0
CUST-04255,25,37.86,Two-Year,PayPal,No,2,5.8,3,3,Yes,4,Northeast,0
CUST-04256,24,83.23,Monthly,Bank Transfer,No,2,6.1,1,1,No,3,South,1
CUST-04257,24,28.15,Annual,Credit Card,Yes,1,16.2,1,0,No,5,Midwest,0
CUST-04258,7,81.08,Monthly,PayPal,No,0,8.4,3,1,No,5,South,0
CUST-04259,44,33.7,Monthly,Credit Card,Yes,2,10.5,2,1,No,2,South,0
CUST-04260,2,51.98,Monthly,Debit Card,No,2,8.3,3,0,Yes,4,South,0
CUST-04261,17,43.18,Annual,Debit Card,Yes,1,2.9,3,1,No,5,West,0
CUST-04262,15,45.81,Annual,Credit Card,Yes,2,3.8,1,3,Yes,4,West,0
CUST-04263,21,66.42,Monthly,Credit Card,No,5,16.2,1,0,Yes,2,Northeast,0
CUST-04264,55,79.0,Monthly,PayPal,No,0,15.2,1,1,Yes,5,Northeast,0
CUST-04265,44,73.43,Monthly,PayPal,Yes,4,8.2,2,1,No,2,West,1
CUST-04266,72,44.71,Monthly,Bank Transfer,No,3,4.7,3,1,No,4,Northeast,0
CUST-04267,26,55.32,Monthly,Bank Transfer,No,0,2.5,1,1,Yes,5,South,0
CUST-04268,67,37.92,Two-Year,Debit Card,No,1,23.0,3,2,Yes,5,Northeast,0
CUST-04269,4,34.15,Monthly,Credit Card,Yes,1,3.6,2,0,No,4,South,0
CUST-04270,37,31.37,Monthly,Credit Card,Yes,3,4.9,2,1,No,2,Midwest,0
CUST-04271,58,44.12,Monthly,Debit Card,No,2,5.5,2,0,Yes,3,Northeast,0
CUST-04272,39,56.49,Monthly,Bank Transfer,No,2,4.6,2,0,No,3,South,0
CUST-04273,68,17.59,Monthly,Credit Card,Yes,2,7.7,2,1,No,4,Midwest,0
CUST-04274,23,51.17,Annual,Credit Card,Yes,1,21.6,3,0,No,5,South,0
CUST-04275,3,79.29,Annual,Debit Card,Yes,1,7.1,2,1,No,4,West,0
CUST-04276,56,72.19,Annual,Bank Transfer,Yes,0,9.2,1,1,No,4,Northeast,0
CUST-04277,5,41.47,Monthly,Debit Card,No,1,10.9,2,1,Yes,3,South,0
CUST-04278,56,26.86,Annual,PayPal,Yes,1,12.4,2,2,Yes,4,West,0
CUST-04279,53,60.28,Two-Year,Debit Card,No,1,8.2,3,1,No,5,Northeast,0
CUST-04280,61,10.29,Annual,Debit Card,No,1,4.4,1,2,No,5,Northeast,0
CUST-04281,35,71.98,Two-Year,Debit Card,Yes,2,11.0,1,1,No,4,Midwest,0
CUST-04282,65,48.16,Monthly,PayPal,No,3,18.1,1,0,No,5,South,0
CUST-04283,13,84.96,Two-Year,PayPal,Yes,1,2.4,3,0,No,4,South,0
CUST-04284,32,20.91,Annual,Debit Card,Yes,3,5.3,2,0,No,4,South,0
CUST-04285,9,68.53,Annual,Credit Card,Yes,2,9.5,1,2,No,4,Midwest,0
CUST-04286,56,50.19,Annual,Credit Card,Yes,3,11.2,2,0,Yes,3,Midwest,0
CUST-04287,52,46.04,Two-Year,Credit Card,Yes,2,6.0,2,0,No,5,South,0
CUST-04288,59,27.34,Monthly,Credit Card,No,2,12.4,2,1,No,3,Midwest,0
CUST-04289,56,62.72,Annual,Credit Card,Yes,0,14.5,2,1,No,1,West,0
CUST-04290,23,64.17,Annual,PayPal,Yes,1,9.5,2,1,No,2,West,0
CUST-04291,5,84.13,Annual,PayPal,No,2,12.1,1,3,Yes,4,Midwest,0
CUST-04292,67,70.14,Annual,PayPal,No,2,7.1,1,1,No,4,South,0
CUST-04293,36,41.31,Monthly,PayPal,Yes,1,3.5,2,2,No,4,Midwest,0
CUST-04294,7,33.93,Monthly,Bank Transfer,Yes,3,4.3,1,1,No,4,West,0
CUST-04295,67,27.37,Monthly,Bank Transfer,Yes,1,20.0,1,0,Yes,4,Northeast,0
CUST-04296,72,78.52,Annual,Credit Card,Yes,2,14.6,1,0,No,4,South,0
CUST-04297,33,37.99,Annual,Credit Card,Yes,2,4.1,2,0,No,2,Northeast,0
CUST-04298,56,78.64,Annual,Credit Card,No,2,3.8,3,1,Yes,2,West,0
CUST-04299,3,61.45,Annual,Bank Transfer,Yes,0,11.2,3,0,No,1,West,0
CUST-04300,7,57.94,Annual,Credit Card,Yes,1,28.9,1,0,No,4,Northeast,0
CUST-04301,20,46.48,Monthly,Debit Card,No,3,8.3,1,0,Yes,3,West,0
CUST-04302,48,63.89,Annual,Debit Card,Yes,1,4.8,4,0,No,5,Midwest,0
CUST-04303,10,51.72,Two-Year,PayPal,Yes,1,12.8,1,1,No,3,West,0
CUST-04304,3,45.35,Annual,PayPal,No,0,15.8,3,1,No,4,West,0
CUST-04305,49,64.53,Two-Year,PayPal,Yes,1,11.2,1,0,No,3,South,0
CUST-04306,56,49.41,Two-Year,PayPal,Yes,0,10.3,2,0,Yes,3,South,0
CUST-04307,54,37.63,Monthly,Bank Transfer,Yes,1,4.0,2,0,Yes,3,South,1
CUST-04308,58,62.8,Annual,Credit Card,Yes,1,12.9,2,2,No,4,Midwest,0
CUST-04309,58,50.85,Monthly,Bank Transfer,No,2,11.3,2,2,Yes,3,Midwest,0
CUST-04310,44,60.8,Monthly,PayPal,Yes,0,6.4,1,0,No,2,South,0
CUST-04311,38,43.83,Monthly,Credit Card,Yes,2,3.3,1,0,No,2,South,0
CUST-04312,62,30.24,Monthly,Bank Transfer,Yes,0,6.1,2,0,Yes,4,South,0
CUST-04313,26,83.23,Monthly,Bank Transfer,Yes,2,8.0,3,0,No,3,South,0
CUST-04314,8,79.84,Annual,Bank Transfer,No,0,11.7,2,1,No,5,West,0
CUST-04315,55,67.91,Monthly,Bank Transfer,No,1,15.6,2,0,No,1,Midwest,0
CUST-04316,20,45.02,Monthly,Debit Card,Yes,1,12.9,4,1,Yes,3,Midwest,0
CUST-04317,71,46.59,Monthly,Credit Card,Yes,5,7.5,2,1,No,4,Northeast,0
CUST-04318,30,76.88,Monthly,Credit Card,No,2,7.1,2,0,No,4,South,1
CUST-04319,62,45.63,Annual,Bank Transfer,Yes,4,14.1,1,0,No,1,South,0
CUST-04320,4,40.61,Monthly,PayPal,Yes,3,9.7,3,1,No,3,Northeast,1
CUST-04321,48,85.7,Monthly,Bank Transfer,No,0,11.2,1,1,No,3,Midwest,0
CUST-04322,33,51.14,Two-Year,Bank Transfer,Yes,1,6.5,1,2,Yes,5,Midwest,0
CUST-04323,34,83.83,Annual,PayPal,Yes,2,14.0,1,1,No,5,Northeast,0
CUST-04324,20,26.83,Annual,Credit Card,Yes,3,5.5,1,0,Yes,5,Northeast,0
CUST-04325,70,61.33,Annual,Credit Card,No,2,21.5,2,1,No,2,Midwest,0
CUST-04326,29,89.28,Monthly,Debit Card,No,2,3.7,1,1,No,4,West,0
CUST-04327,62,52.54,Annual,PayPal,Yes,2,8.3,2,0,No,4,South,0
CUST-04328,31,47.25,Monthly,Credit Card,No,4,3.5,2,0,No,4,Midwest,0
CUST-04329,4,30.98,Monthly,Bank Transfer,Yes,2,10.8,1,2,No,3,Northeast,0
CUST-04330,64,71.48,Monthly,PayPal,No,1,15.0,1,2,No,1,South,1
CUST-04331,14,38.14,Annual,Credit Card,Yes,1,11.2,1,1,No,2,South,0
CUST-04332,20,50.29,Monthly,Bank Transfer,Yes,2,6.3,2,1,No,4,South,0
CUST-04333,62,29.78,Monthly,PayPal,Yes,0,3.5,2,1,Yes,5,South,0
CUST-04334,65,80.02,Monthly,PayPal,Yes,2,6.2,1,1,No,1,South,1
CUST-04335,67,72.79,Annual,Debit Card,No,0,11.4,1,0,No,4,West,0
CUST-04336,31,51.43,Monthly,Debit Card,Yes,2,4.3,1,1,No,2,Northeast,1
CUST-04337,55,31.23,Monthly,Credit Card,Yes,3,2.7,3,0,No,1,South,1
CUST-04338,24,79.65,Monthly,Debit Card,Yes,1,7.0,3,0,No,4,South,0
CUST-04339,54,45.41,Annual,PayPal,Yes,2,3.6,2,1,Yes,3,West,0
CUST-04340,37,32.11,Monthly,Bank Transfer,Yes,0,9.5,3,0,Yes,4,South,0
CUST-04341,4,20.28,Two-Year,Bank Transfer,Yes,0,7.5,1,1,No,3,Northeast,0
CUST-04342,31,40.37,Monthly,Credit Card,Yes,0,6.9,2,2,Yes,2,Northeast,0
CUST-04343,34,25.82,Monthly,Bank Transfer,No,1,23.0,2,0,No,4,Northeast,0
CUST-04344,19,40.79,Monthly,Credit Card,No,1,10.3,2,0,Yes,4,Midwest,0
CUST-04345,27,65.4,Monthly,Credit Card,Yes,2,1.3,2,1,Yes,5,South,0
CUST-04346,37,45.24,Monthly,PayPal,Yes,2,21.2,2,1,Yes,4,South,0
CUST-04347,4,58.4,Monthly,Bank Transfer,Yes,0,8.2,3,0,Yes,1,Northeast,0
CUST-04348,11,38.98,Two-Year,Bank Transfer,Yes,3,6.5,1,0,Yes,5,West,0
CUST-04349,56,53.17,Monthly,PayPal,Yes,1,9.1,1,0,No,4,Midwest,0
CUST-04350,26,86.58,Monthly,Credit Card,Yes,0,3.9,1,3,No,1,West,1
CUST-04351,44,45.73,Monthly,Credit Card,No,1,7.3,1,1,Yes,5,South,0
CUST-04352,41,58.92,Monthly,Credit Card,No,1,13.8,1,2,Yes,5,South,0
CUST-04353,40,23.82,Monthly,PayPal,Yes,2,6.7,1,0,No,5,South,0
CUST-04354,30,79.36,Monthly,Debit Card,Yes,1,5.8,2,2,Yes,4,Northeast,0
CUST-04355,35,43.41,Monthly,Credit Card,Yes,0,5.0,2,2,No,5,South,0
CUST-04356,60,70.91,Monthly,Debit Card,Yes,2,12.6,2,0,No,4,Northeast,0
CUST-04357,70,49.78,Two-Year,PayPal,Yes,1,9.6,1,0,Yes,4,West,0
CUST-04358,19,63.01,Annual,PayPal,Yes,0,21.3,1,1,No,2,South,0
CUST-04359,49,64.08,Two-Year,Debit Card,Yes,3,19.5,2,1,No,4,Northeast,0
CUST-04360,70,43.86,Monthly,Credit Card,Yes,2,7.0,1,0,No,2,South,0
CUST-04361,1,71.65,Annual,PayPal,No,2,11.0,1,0,Yes,3,West,0
CUST-04362,57,38.34,Monthly,PayPal,Yes,2,6.3,2,0,No,5,West,0
CUST-04363,36,66.0,Monthly,Credit Card,No,2,5.7,1,3,No,3,Northeast,0
CUST-04364,70,44.98,Annual,Credit Card,Yes,3,5.5,1,0,Yes,5,West,0
CUST-04365,42,58.29,Monthly,Bank Transfer,Yes,2,5.2,3,0,No,1,South,0
CUST-04366,61,43.68,Monthly,PayPal,Yes,1,13.8,2,1,No,4,Midwest,0
CUST-04367,12,52.9,Annual,Credit Card,Yes,1,5.7,4,0,No,4,Midwest,1
CUST-04368,11,32.66,Annual,PayPal,Yes,0,6.4,2,3,No,5,West,0
CUST-04369,67,56.46,Monthly,PayPal,Yes,1,9.5,1,0,Yes,1,South,0
CUST-04370,38,52.8,Monthly,Credit Card,Yes,1,9.0,2,1,No,5,Midwest,0
CUST-04371,41,42.28,Monthly,Credit Card,Yes,2,8.5,3,0,Yes,5,Midwest,0
CUST-04372,13,51.01,Two-Year,Bank Transfer,Yes,0,15.1,3,1,No,2,South,0
CUST-04373,17,54.41,Monthly,Debit Card,No,1,5.6,2,0,No,1,West,1
CUST-04374,59,40.91,Monthly,Credit Card,No,0,5.2,1,0,No,2,West,0
CUST-04375,22,49.68,Monthly,PayPal,No,1,0.9,2,0,Yes,3,South,1
CUST-04376,43,33.9,Two-Year,Debit Card,No,2,11.2,1,0,Yes,2,West,0
CUST-04377,23,94.22,Annual,PayPal,Yes,1,11.0,1,1,No,4,Midwest,0
CUST-04378,19,71.06,Monthly,Credit Card,No,2,14.4,1,0,Yes,3,West,0
CUST-04379,12,56.92,Two-Year,Credit Card,Yes,1,6.9,1,0,Yes,4,Midwest,0
CUST-04380,67,73.1,Monthly,Credit Card,Yes,1,7.6,2,0,No,4,Midwest,0
CUST-04381,68,16.37,Two-Year,Bank Transfer,No,1,13.5,4,0,Yes,4,Northeast,0
CUST-04382,9,10.0,Monthly,PayPal,Yes,0,6.2,2,0,No,5,Northeast,0
CUST-04383,26,44.81,Monthly,Bank Transfer,Yes,0,8.2,2,2,No,4,South,0
CUST-04384,41,27.19,Monthly,Credit Card,Yes,6,15.0,3,0,No,3,West,0
CUST-04385,28,47.74,Two-Year,PayPal,Yes,0,10.8,1,2,No,2,Northeast,0
CUST-04386,52,55.7,Two-Year,Debit Card,Yes,1,6.8,2,1,Yes,4,Northeast,0
CUST-04387,19,68.57,Annual,PayPal,No,2,13.3,2,3,Yes,4,Northeast,0
CUST-04388,5,31.51,Monthly,Debit Card,Yes,1,7.7,1,0,Yes,4,West,0
CUST-04389,25,59.19,Monthly,PayPal,Yes,4,13.5,2,0,No,5,West,0
CUST-04390,44,52.26,Monthly,Credit Card,Yes,2,9.6,2,1,Yes,5,South,0
CUST-04391,14,58.26,Monthly,Credit Card,No,1,6.0,3,0,No,4,Midwest,0
CUST-04392,59,42.64,Monthly,PayPal,No,2,4.1,1,0,No,3,Midwest,0
CUST-04393,1,76.9,Annual,Credit Card,No,0,12.2,2,0,No,5,Northeast,0
CUST-04394,5,50.14,Annual,Credit Card,Yes,1,12.9,2,2,Yes,3,South,0
CUST-04395,37,83.94,Two-Year,Bank Transfer,Yes,1,16.1,3,0,No,2,Northeast,0
CUST-04396,37,37.77,Monthly,Credit Card,Yes,1,11.4,3,1,No,5,South,0
CUST-04397,22,65.37,Monthly,PayPal,No,1,7.3,1,0,No,2,South,0
CUST-04398,19,50.93,Monthly,Bank Transfer,Yes,0,9.4,2,0,No,2,Northeast,1
CUST-04399,6,46.1,Monthly,PayPal,No,3,8.4,4,0,Yes,2,West,1
CUST-04400,48,63.38,Annual,Credit Card,Yes,0,7.1,1,0,Yes,2,South,0
CUST-04401,28,46.61,Annual,PayPal,No,1,3.8,3,3,No,3,Northeast,0
CUST-04402,9,10.0,Monthly,Debit Card,Yes,1,4.1,2,0,Yes,4,Northeast,0
CUST-04403,29,10.0,Monthly,Debit Card,Yes,1,12.5,2,2,Yes,3,Northeast,0
CUST-04404,68,74.9,Annual,PayPal,Yes,1,5.0,2,0,No,5,South,0
CUST-04405,19,74.14,Monthly,Bank Transfer,No,1,6.9,2,2,No,3,Northeast,1
CUST-04406,65,85.97,Monthly,Credit Card,No,2,2.8,1,0,No,4,South,1
CUST-04407,19,51.68,Annual,Credit Card,Yes,0,2.9,3,0,Yes,4,South,0
CUST-04408,14,28.73,Annual,PayPal,No,1,5.1,2,1,Yes,1,Midwest,0
CUST-04409,19,44.45,Monthly,Debit Card,Yes,1,12.2,3,0,No,3,West,0
CUST-04410,24,52.21,Annual,PayPal,Yes,2,12.6,1,0,No,4,Northeast,0
CUST-04411,9,33.87,Two-Year,Credit Card,Yes,1,9.1,3,1,Yes,3,South,1
CUST-04412,43,81.67,Monthly,Credit Card,Yes,1,5.5,1,0,Yes,2,Northeast,0
CUST-04413,25,92.31,Monthly,PayPal,No,2,17.0,3,1,No,4,South,0
CUST-04414,52,60.61,Annual,Bank Transfer,Yes,3,6.8,3,0,Yes,3,Northeast,0
CUST-04415,36,51.8,Annual,Credit Card,Yes,1,17.8,3,0,No,5,Northeast,0
CUST-04416,32,28.69,Monthly,Bank Transfer,Yes,1,10.1,2,1,No,2,West,0
CUST-04417,34,79.84,Monthly,Debit Card,No,1,13.8,1,0,No,1,Midwest,0
CUST-04418,12,53.37,Annual,Credit Card,No,1,13.9,4,0,No,4,West,0
CUST-04419,52,46.8,Monthly,Debit Card,No,0,2.3,1,1,No,2,South,1
CUST-04420,8,60.66,Monthly,Credit Card,Yes,1,4.0,1,0,No,5,West,0
CUST-04421,52,41.46,Monthly,PayPal,Yes,0,6.6,1,1,No,2,South,0
CUST-04422,72,54.64,Monthly,Credit Card,Yes,0,5.1,2,1,No,4,South,0
CUST-04423,56,26.04,Two-Year,Debit Card,No,1,10.5,3,2,No,4,South,0
CUST-04424,33,71.57,Monthly,Credit Card,Yes,1,11.0,3,0,No,1,West,0
CUST-04425,23,50.12,Monthly,PayPal,No,1,6.2,2,0,No,5,West,0
CUST-04426,63,72.86,Two-Year,Bank Transfer,No,1,5.8,2,1,Yes,5,South,0
CUST-04427,19,48.38,Monthly,Debit Card,No,3,13.3,3,0,No,3,West,0
CUST-04428,35,49.55,Monthly,Debit Card,No,0,5.9,2,1,No,4,South,1
CUST-04429,56,30.18,Monthly,Bank Transfer,Yes,2,14.6,1,1,No,2,South,0
CUST-04430,67,65.68,Annual,Credit Card,Yes,2,9.2,4,0,No,3,South,0
CUST-04431,67,36.23,Annual,PayPal,Yes,0,9.2,4,0,No,3,Midwest,0
CUST-04432,7,43.24,Annual,PayPal,Yes,0,4.4,2,0,No,3,Midwest,0
CUST-04433,65,52.02,Monthly,Bank Transfer,No,0,11.8,2,1,No,5,West,0
CUST-04434,9,54.18,Monthly,Credit Card,Yes,0,4.0,3,0,Yes,5,West,0
CUST-04435,43,21.29,Monthly,Credit Card,No,2,11.8,3,0,Yes,3,Midwest,0
CUST-04436,67,47.85,Two-Year,Debit Card,No,0,10.9,1,0,No,2,Northeast,0
CUST-04437,48,66.31,Monthly,Credit Card,Yes,1,11.1,4,0,Yes,1,Northeast,0
CUST-04438,69,45.19,Annual,Credit Card,Yes,1,10.9,2,1,No,5,South,0
CUST-04439,25,47.95,Annual,Bank Transfer,Yes,0,13.3,2,1,No,2,Northeast,0
CUST-04440,23,54.92,Monthly,Credit Card,Yes,0,10.3,2,0,Yes,4,Midwest,0
CUST-04441,24,49.73,Monthly,Credit Card,No,0,2.4,1,0,Yes,2,Northeast,0
CUST-04442,26,33.45,Monthly,Credit Card,No,4,9.7,1,0,No,5,Northeast,0
CUST-04443,50,51.35,Monthly,Debit Card,No,1,4.8,1,0,No,3,Northeast,0
CUST-04444,33,69.89,Two-Year,Debit Card,Yes,1,3.3,2,0,Yes,3,West,0
CUST-04445,54,33.08,Monthly,Credit Card,No,1,4.3,2,1,Yes,1,Midwest,0
CUST-04446,30,45.26,Two-Year,PayPal,No,0,5.5,2,1,Yes,5,South,0
CUST-04447,23,27.13,Monthly,PayPal,No,1,11.3,1,1,No,4,South,0
CUST-04448,14,68.94,Monthly,Credit Card,No,2,6.9,1,0,No,2,Northeast,1
CUST-04449,40,50.34,Two-Year,PayPal,No,2,13.1,3,0,Yes,2,West,0
CUST-04450,65,36.7,Two-Year,Debit Card,Yes,2,5.2,3,2,No,4,South,0
CUST-04451,62,53.66,Monthly,Debit Card,No,5,7.0,1,0,No,2,Northeast,0
CUST-04452,19,30.34,Annual,Bank Transfer,Yes,2,5.4,1,2,Yes,4,South,0
CUST-04453,35,33.4,Two-Year,Bank Transfer,Yes,3,1.9,1,0,No,2,South,0
CUST-04454,51,25.72,Annual,Debit Card,Yes,0,8.2,2,0,No,3,South,0
CUST-04455,45,32.8,Annual,Debit Card,Yes,3,26.9,3,0,No,5,West,0
CUST-04456,5,76.43,Monthly,Credit Card,Yes,1,3.4,3,0,No,1,Midwest,0
CUST-04457,43,38.8,Monthly,Debit Card,Yes,2,11.8,3,0,No,3,South,0
CUST-04458,3,60.39,Annual,PayPal,No,2,13.3,3,0,Yes,5,South,0
CUST-04459,9,36.95,Monthly,Credit Card,No,1,8.5,2,1,No,4,South,0
CUST-04460,48,65.67,Monthly,Bank Transfer,No,3,3.6,1,0,Yes,5,Northeast,0
CUST-04461,8,33.53,Monthly,PayPal,No,2,22.6,1,1,Yes,1,South,1
CUST-04462,25,52.71,Monthly,Credit Card,Yes,0,10.8,1,0,No,5,South,0
CUST-04463,43,52.95,Monthly,Bank Transfer,No,1,17.8,1,0,Yes,5,Northeast,0
CUST-04464,48,93.9,Monthly,PayPal,Yes,2,2.7,1,0,No,2,South,0
CUST-04465,33,63.35,Monthly,Credit Card,Yes,1,5.7,1,0,Yes,4,South,0
CUST-04466,7,41.33,Monthly,Debit Card,No,2,3.4,1,0,No,3,West,1
CUST-04467,58,64.33,Annual,Bank Transfer,No,0,14.1,3,0,Yes,5,Midwest,0
CUST-04468,69,90.49,Annual,Bank Transfer,Yes,0,2.7,2,1,No,4,Northeast,0
CUST-04469,64,22.67,Monthly,Credit Card,No,1,7.5,2,0,No,4,South,0
CUST-04470,54,36.84,Monthly,PayPal,Yes,1,7.0,1,1,No,5,Northeast,0
CUST-04471,29,47.74,Monthly,Bank Transfer,No,3,2.2,2,0,No,3,Northeast,0
CUST-04472,64,44.49,Annual,Bank Transfer,No,0,11.4,4,0,No,1,South,0
CUST-04473,36,46.01,Annual,Credit Card,Yes,2,10.2,1,0,Yes,3,Northeast,0
CUST-04474,10,28.52,Annual,Debit Card,No,3,5.5,3,1,Yes,5,Midwest,0
CUST-04475,62,77.27,Annual,Bank Transfer,Yes,1,17.8,3,2,No,4,South,0
CUST-04476,24,26.39,Monthly,Credit Card,Yes,1,2.4,3,0,No,1,South,0
CUST-04477,68,48.4,Monthly,Debit Card,No,1,1.6,2,0,Yes,5,Midwest,1
CUST-04478,27,70.82,Monthly,PayPal,No,2,8.7,1,0,Yes,4,Midwest,0
CUST-04479,63,51.46,Monthly,Debit Card,Yes,2,4.3,1,1,Yes,3,West,0
CUST-04480,39,34.37,Monthly,PayPal,No,1,7.6,2,1,No,4,Northeast,0
CUST-04481,34,27.72,Annual,Credit Card,Yes,1,15.2,4,1,Yes,4,West,0
CUST-04482,22,47.86,Monthly,PayPal,Yes,0,3.3,2,0,No,5,South,0
CUST-04483,61,38.37,Annual,Credit Card,No,1,14.2,1,1,No,3,West,0
CUST-04484,5,55.69,Monthly,PayPal,Yes,1,3.4,1,1,No,4,Northeast,0
CUST-04485,34,26.77,Monthly,Debit Card,Yes,3,6.1,2,1,No,2,West,0
CUST-04486,27,66.63,Annual,Credit Card,No,0,15.9,4,0,Yes,3,West,1
CUST-04487,40,54.08,Monthly,Bank Transfer,No,3,11.5,1,2,Yes,5,South,1
CUST-04488,19,55.42,Monthly,PayPal,Yes,2,4.6,1,0,Yes,5,Northeast,0
CUST-04489,48,77.94,Monthly,Debit Card,Yes,1,9.7,2,0,No,5,Midwest,0
CUST-04490,28,44.12,Annual,Credit Card,No,3,5.8,1,1,Yes,2,Northeast,0
CUST-04491,14,38.94,Monthly,PayPal,No,1,6.3,1,1,No,4,South,0
CUST-04492,15,42.14,Two-Year,Bank Transfer,Yes,1,7.0,1,1,Yes,4,West,0
CUST-04493,51,48.53,Two-Year,Credit Card,Yes,1,10.6,2,2,No,2,Midwest,0
CUST-04494,19,50.36,Annual,Bank Transfer,Yes,2,8.4,1,0,Yes,4,West,0
CUST-04495,23,37.05,Monthly,Debit Card,Yes,3,7.1,1,1,No,3,West,0
CUST-04496,46,15.58,Annual,PayPal,Yes,2,7.3,2,1,No,1,Midwest,0
CUST-04497,24,41.9,Monthly,Debit Card,No,5,9.1,2,1,No,2,Midwest,1
CUST-04498,28,58.48,Two-Year,Credit Card,No,0,8.2,2,1,No,4,Midwest,0
CUST-04499,18,54.45,Monthly,Bank Transfer,No,2,5.7,2,0,No,2,South,0
CUST-04500,25,73.59,Monthly,Credit Card,Yes,2,9.2,2,1,Yes,3,Northeast,1
CUST-04501,50,87.2,Monthly,Bank Transfer,Yes,0,10.2,3,1,Yes,5,Midwest,0
CUST-04502,39,65.67,Annual,Credit Card,Yes,0,9.4,1,0,Yes,3,West,0
CUST-04503,72,76.89,Two-Year,Credit Card,Yes,1,13.1,1,2,No,4,Northeast,0
CUST-04504,56,65.8,Monthly,Bank Transfer,Yes,5,5.4,2,0,Yes,3,Northeast,1
CUST-04505,2,82.78,Monthly,PayPal,No,0,5.2,1,1,Yes,2,West,1
CUST-04506,28,85.32,Annual,Credit Card,Yes,1,16.6,1,0,Yes,5,Northeast,0
CUST-04507,21,69.12,Annual,PayPal,No,0,4.7,1,0,Yes,4,South,0
CUST-04508,43,64.71,Annual,Credit Card,Yes,0,6.7,3,0,No,4,Midwest,0
CUST-04509,20,48.31,Monthly,Bank Transfer,Yes,1,1.8,3,2,No,2,Northeast,0
CUST-04510,70,51.26,Annual,Credit Card,No,2,3.4,1,1,Yes,4,South,0
CUST-04511,22,45.92,Annual,Debit Card,No,0,6.2,1,1,No,3,Midwest,0
CUST-04512,38,63.18,Monthly,Credit Card,Yes,1,6.0,1,0,No,4,Northeast,0
CUST-04513,9,39.03,Monthly,PayPal,No,2,6.9,1,2,Yes,3,South,0
CUST-04514,66,48.56,Monthly,Bank Transfer,Yes,2,18.8,1,0,No,3,South,0
CUST-04515,66,10.0,Monthly,Bank Transfer,No,0,2.3,1,1,No,5,South,0
CUST-04516,58,83.02,Annual,Debit Card,Yes,1,7.8,2,2,No,3,Northeast,1
CUST-04517,26,48.03,Monthly,Credit Card,Yes,1,7.3,4,0,No,3,West,0
CUST-04518,5,60.2,Monthly,Credit Card,No,0,20.5,1,0,No,4,West,0
CUST-04519,52,78.24,Monthly,Bank Transfer,No,2,12.4,1,2,No,3,West,0
CUST-04520,31,57.41,Two-Year,Credit Card,No,3,5.9,2,3,Yes,5,South,0
CUST-04521,72,78.0,Annual,PayPal,Yes,1,16.3,1,1,Yes,2,West,0
CUST-04522,51,29.65,Monthly,Debit Card,No,1,5.6,1,0,No,2,West,0
CUST-04523,39,95.15,Annual,Bank Transfer,Yes,0,13.0,1,1,No,4,West,0
CUST-04524,72,71.57,Monthly,Debit Card,Yes,2,17.8,2,0,No,4,West,0
CUST-04525,58,55.77,Annual,Debit Card,Yes,0,8.4,1,0,No,3,Northeast,0
CUST-04526,34,77.65,Annual,Bank Transfer,Yes,0,4.0,1,0,Yes,1,Northeast,1
CUST-04527,2,30.96,Monthly,Bank Transfer,Yes,1,2.1,2,0,No,2,South,0
CUST-04528,7,46.8,Two-Year,PayPal,No,1,8.6,1,1,Yes,3,Midwest,0
CUST-04529,32,78.0,Monthly,PayPal,Yes,2,12.7,3,1,Yes,3,West,0
CUST-04530,41,18.39,Annual,PayPal,No,3,30.0,2,1,No,4,Northeast,0
CUST-04531,3,62.09,Monthly,Debit Card,Yes,1,15.4,1,3,Yes,4,South,0
CUST-04532,10,61.58,Annual,Credit Card,No,4,8.1,1,2,Yes,4,South,0
CUST-04533,51,87.45,Monthly,PayPal,Yes,2,3.8,3,1,No,1,Midwest,1
CUST-04534,55,23.51,Monthly,PayPal,Yes,2,7.3,1,0,No,4,South,0
CUST-04535,3,80.97,Monthly,Credit Card,No,1,18.6,1,0,No,1,West,1
CUST-04536,37,41.93,Two-Year,Credit Card,No,2,22.6,1,0,No,4,Midwest,0
CUST-04537,6,43.95,Monthly,PayPal,No,0,5.5,4,0,No,3,South,0
CUST-04538,53,30.0,Annual,Credit Card,Yes,1,6.9,4,1,No,4,Northeast,0
CUST-04539,61,32.42,Monthly,PayPal,No,1,17.0,2,0,Yes,4,Midwest,0
CUST-04540,63,59.26,Annual,PayPal,No,2,16.4,1,1,No,5,Northeast,0
CUST-04541,44,31.98,Monthly,Debit Card,No,4,5.7,1,2,No,2,Midwest,1
CUST-04542,46,65.33,Monthly,Credit Card,Yes,2,11.8,1,1,No,4,Northeast,0
CUST-04543,67,40.07,Two-Year,Debit Card,Yes,2,5.9,1,1,No,3,Northeast,0
CUST-04544,45,30.17,Monthly,Debit Card,Yes,2,14.5,4,0,No,1,South,0
CUST-04545,33,42.5,Monthly,PayPal,No,1,8.0,2,0,Yes,4,South,0
CUST-04546,55,58.06,Two-Year,PayPal,Yes,0,6.5,1,0,Yes,5,West,0
CUST-04547,43,47.01,Monthly,Bank Transfer,Yes,1,12.4,3,0,Yes,4,Midwest,0
CUST-04548,61,52.62,Monthly,Credit Card,No,1,8.4,1,0,Yes,1,South,0
CUST-04549,38,64.53,Monthly,PayPal,No,2,12.2,2,2,Yes,4,West,1
CUST-04550,63,71.48,Annual,Credit Card,Yes,0,4.1,1,0,No,4,Northeast,0
CUST-04551,4,46.42,Two-Year,Bank Transfer,No,1,4.7,2,0,No,1,Northeast,0
CUST-04552,3,33.2,Annual,Credit Card,Yes,2,7.6,1,1,Yes,3,South,0
CUST-04553,8,53.37,Annual,PayPal,No,3,5.0,1,1,Yes,3,South,0
CUST-04554,41,60.47,Monthly,Debit Card,Yes,2,6.2,3,1,No,4,Midwest,0
CUST-04555,52,25.71,Monthly,Debit Card,Yes,1,7.7,3,1,No,3,West,0
CUST-04556,16,35.97,Monthly,Bank Transfer,Yes,0,5.4,2,4,No,2,Midwest,0
CUST-04557,12,39.05,Monthly,Credit Card,Yes,2,18.3,3,0,No,4,Northeast,0
CUST-04558,62,48.26,Monthly,Credit Card,No,3,4.8,1,2,No,4,West,0
CUST-04559,55,38.3,Annual,PayPal,No,1,7.4,2,0,Yes,3,Northeast,0
CUST-04560,47,64.73,Monthly,Debit Card,Yes,0,7.5,1,0,No,5,Midwest,1
CUST-04561,36,23.11,Monthly,Credit Card,Yes,0,8.6,1,0,No,4,South,0
CUST-04562,31,23.57,Monthly,Credit Card,Yes,1,6.5,2,0,No,2,South,0
CUST-04563,2,45.99,Monthly,Credit Card,Yes,0,13.0,2,1,No,5,Midwest,0
CUST-04564,14,48.84,Monthly,Bank Transfer,No,1,13.5,2,0,No,4,Northeast,0
CUST-04565,65,25.82,Monthly,PayPal,No,1,5.5,2,0,Yes,3,South,0
CUST-04566,25,41.08,Monthly,Credit Card,Yes,0,14.1,2,0,No,3,West,0
CUST-04567,51,44.78,Monthly,Debit Card,Yes,2,5.4,2,1,No,4,Northeast,0
CUST-04568,51,44.92,Annual,Bank Transfer,No,1,7.5,3,1,Yes,1,West,1
CUST-04569,23,54.73,Annual,Bank Transfer,No,3,8.0,1,1,No,5,Midwest,1
CUST-04570,15,40.09,Annual,Credit Card,No,2,3.7,2,1,No,2,West,0
CUST-04571,50,78.6,Annual,PayPal,Yes,2,5.2,3,0,No,2,Northeast,0
CUST-04572,7,60.79,Two-Year,Credit Card,Yes,1,3.0,2,1,No,4,West,0
CUST-04573,36,37.47,Monthly,Credit Card,Yes,1,8.5,3,0,No,5,South,0
CUST-04574,64,53.7,Annual,Bank Transfer,No,2,3.9,2,1,No,5,South,0
CUST-04575,52,54.23,Monthly,Bank Transfer,Yes,1,17.5,3,1,No,2,South,0
CUST-04576,56,73.86,Monthly,Credit Card,No,0,6.0,3,2,Yes,1,West,0
CUST-04577,6,41.19,Monthly,Bank Transfer,Yes,0,12.0,2,0,No,4,South,0
CUST-04578,15,65.81,Monthly,PayPal,No,1,11.6,1,0,No,3,Northeast,0
CUST-04579,20,52.75,Annual,PayPal,Yes,1,5.2,2,0,Yes,2,Northeast,1
CUST-04580,22,78.85,Monthly,PayPal,No,3,6.1,1,0,No,1,Northeast,1
CUST-04581,14,75.24,Annual,Debit Card,Yes,1,6.0,1,0,Yes,5,Northeast,0
CUST-04582,70,55.55,Annual,Bank Transfer,No,2,9.2,2,0,No,4,South,0
CUST-04583,12,47.28,Monthly,Credit Card,Yes,1,27.6,2,2,No,3,South,0
CUST-04584,51,61.12,Monthly,Debit Card,No,1,9.0,3,0,Yes,4,West,0
CUST-04585,43,48.75,Monthly,Credit Card,No,1,5.8,1,1,Yes,5,West,0
CUST-04586,44,82.25,Monthly,PayPal,Yes,0,9.4,1,0,Yes,5,South,0
CUST-04587,16,53.41,Two-Year,Credit Card,Yes,3,3.9,2,4,No,4,Northeast,0
CUST-04588,23,44.7,Annual,Debit Card,Yes,1,4.9,2,1,Yes,5,South,0
CUST-04589,44,43.73,Annual,PayPal,Yes,4,17.6,1,0,No,4,Midwest,0
CUST-04590,22,30.17,Monthly,Credit Card,No,4,6.8,1,0,No,4,Northeast,1
CUST-04591,50,62.02,Annual,Credit Card,Yes,2,4.7,1,1,No,3,West,0
CUST-04592,3,37.24,Annual,Credit Card,Yes,3,3.5,3,1,No,5,Midwest,0
CUST-04593,6,71.77,Monthly,PayPal,Yes,0,7.7,1,1,No,2,West,1
CUST-04594,53,28.73,Monthly,Credit Card,Yes,0,3.7,2,0,Yes,4,Midwest,0
CUST-04595,45,54.29,Monthly,Debit Card,Yes,0,14.7,4,0,No,2,South,0
CUST-04596,4,72.7,Monthly,Debit Card,No,4,11.6,1,0,No,2,South,1
CUST-04597,65,13.26,Two-Year,Bank Transfer,Yes,2,5.6,3,0,No,1,Northeast,0
CUST-04598,1,88.33,Annual,PayPal,No,1,19.8,2,0,No,3,Northeast,0
CUST-04599,69,44.34,Monthly,Credit Card,No,0,6.0,2,1,Yes,5,Northeast,1
CUST-04600,53,54.54,Two-Year,Bank Transfer,Yes,1,6.8,4,1,Yes,2,South,0
CUST-04601,72,62.29,Monthly,Bank Transfer,No,1,4.9,1,0,No,5,South,0
CUST-04602,69,65.07,Monthly,PayPal,No,1,11.0,3,2,Yes,5,South,0
CUST-04603,23,56.93,Two-Year,Debit Card,Yes,3,3.9,1,0,No,4,South,0
CUST-04604,55,69.95,Two-Year,Credit Card,Yes,0,5.8,1,0,No,5,South,0
CUST-04605,16,61.34,Annual,PayPal,No,1,5.3,1,1,No,4,South,0
CUST-04606,34,83.7,Monthly,Debit Card,Yes,1,8.9,2,1,Yes,4,West,0
CUST-04607,18,61.4,Two-Year,Credit Card,Yes,2,3.2,1,0,Yes,3,South,0
CUST-04608,35,87.36,Annual,Credit Card,Yes,2,7.2,1,0,No,4,West,0
CUST-04609,63,68.22,Annual,Credit Card,Yes,2,14.7,1,2,No,3,West,0
CUST-04610,32,19.5,Monthly,PayPal,No,3,3.6,1,0,No,3,South,0
CUST-04611,7,99.0,Monthly,Credit Card,Yes,1,11.4,1,1,Yes,2,Northeast,1
CUST-04612,24,41.66,Annual,PayPal,Yes,2,12.7,2,3,Yes,4,Northeast,0
CUST-04613,57,78.92,Annual,PayPal,No,3,7.0,2,0,No,2,Northeast,0
CUST-04614,38,52.48,Annual,Credit Card,Yes,0,1.8,2,0,No,5,Northeast,0
CUST-04615,41,71.1,Monthly,Credit Card,Yes,2,11.1,2,1,Yes,4,West,0
CUST-04616,32,39.61,Annual,Credit Card,Yes,2,14.4,1,0,Yes,4,Northeast,0
CUST-04617,22,63.26,Monthly,Debit Card,No,0,18.9,1,1,No,4,West,0
CUST-04618,44,47.44,Monthly,PayPal,No,1,8.2,2,1,Yes,5,South,0
CUST-04619,46,80.42,Monthly,PayPal,Yes,2,2.4,2,0,No,5,Midwest,0
CUST-04620,65,59.9,Monthly,Bank Transfer,No,1,11.0,2,0,Yes,4,Northeast,0
CUST-04621,45,68.85,Annual,Bank Transfer,No,2,2.7,1,0,No,3,West,1
CUST-04622,72,13.05,Monthly,Credit Card,No,1,10.1,2,0,Yes,4,Northeast,0
CUST-04623,60,50.46,Monthly,PayPal,No,1,12.1,2,0,Yes,5,South,0
CUST-04624,6,59.39,Two-Year,Debit Card,No,1,14.9,2,2,Yes,2,Northeast,0
CUST-04625,29,56.03,Annual,Debit Card,No,2,5.8,3,1,Yes,4,West,0
CUST-04626,28,69.3,Monthly,Debit Card,Yes,2,4.3,2,0,No,1,Midwest,1
CUST-04627,1,45.41,Monthly,Debit Card,Yes,3,8.2,3,1,Yes,5,South,0
CUST-04628,14,52.88,Annual,PayPal,Yes,1,3.2,2,1,Yes,5,South,0
CUST-04629,55,73.26,Monthly,PayPal,Yes,0,6.2,3,2,No,5,South,0
CUST-04630,26,10.98,Monthly,Credit Card,No,1,5.2,3,1,No,2,Northeast,0
CUST-04631,11,62.61,Monthly,Credit Card,No,0,13.4,1,1,No,1,South,1
CUST-04632,21,45.99,Monthly,PayPal,No,0,16.8,1,0,Yes,3,Northeast,1
CUST-04633,20,35.58,Annual,PayPal,No,2,10.6,3,0,No,1,West,0
CUST-04634,13,58.06,Monthly,PayPal,No,1,12.4,2,1,No,1,South,1
CUST-04635,8,74.09,Monthly,Credit Card,No,0,8.3,2,0,No,2,South,0
CUST-04636,56,70.7,Monthly,Credit Card,Yes,0,7.9,2,1,No,1,Northeast,0
CUST-04637,60,49.57,Monthly,PayPal,Yes,1,2.8,1,2,No,2,Midwest,0
CUST-04638,36,67.76,Monthly,PayPal,Yes,3,9.5,3,2,No,3,Northeast,1
CUST-04639,45,67.63,Annual,Credit Card,Yes,1,12.0,2,1,No,4,West,0
CUST-04640,67,50.43,Monthly,Debit Card,Yes,1,6.7,3,0,No,2,South,0
CUST-04641,61,39.52,Monthly,Debit Card,Yes,2,6.9,2,1,No,4,Midwest,0
CUST-04642,3,40.57,Monthly,PayPal,Yes,3,1.9,1,0,No,4,West,0
CUST-04643,69,67.08,Annual,Credit Card,Yes,1,7.0,4,0,No,3,Midwest,0
CUST-04644,5,51.24,Monthly,PayPal,No,0,13.4,2,2,No,3,South,1
CUST-04645,2,33.17,Two-Year,Bank Transfer,Yes,4,9.3,3,1,Yes,5,West,0
CUST-04646,30,21.67,Annual,Debit Card,No,1,7.4,1,1,Yes,3,Northeast,0
CUST-04647,54,66.97,Monthly,Debit Card,Yes,2,3.8,2,5,Yes,5,Midwest,0
CUST-04648,6,42.16,Annual,Credit Card,No,1,5.8,2,1,Yes,2,Midwest,1
CUST-04649,22,57.95,Monthly,Credit Card,No,1,5.1,2,1,No,2,South,0
CUST-04650,19,74.31,Two-Year,Bank Transfer,No,3,4.1,3,0,No,5,West,0
CUST-04651,29,28.44,Two-Year,Bank Transfer,Yes,2,9.2,3,0,No,4,South,0
CUST-04652,71,51.19,Monthly,Credit Card,No,1,5.9,1,0,No,5,West,0
CUST-04653,24,48.93,Annual,Bank Transfer,Yes,0,12.7,3,2,No,4,Northeast,0
CUST-04654,16,58.84,Monthly,Credit Card,Yes,1,7.5,3,0,Yes,5,West,0
CUST-04655,9,74.3,Monthly,PayPal,No,2,20.2,4,0,No,1,South,1
CUST-04656,15,28.07,Annual,PayPal,Yes,5,5.8,3,0,Yes,2,South,0
CUST-04657,10,62.26,Two-Year,Debit Card,Yes,1,14.5,2,1,Yes,2,Northeast,0
CUST-04658,42,70.57,Monthly,Debit Card,No,1,16.2,3,0,No,4,Northeast,0
CUST-04659,31,48.65,Annual,PayPal,Yes,1,5.5,2,3,No,3,South,0
CUST-04660,36,49.53,Annual,Credit Card,No,3,7.1,1,1,Yes,5,South,0
CUST-04661,60,59.53,Monthly,Bank Transfer,Yes,0,6.2,3,0,Yes,2,Midwest,0
CUST-04662,42,58.21,Annual,Credit Card,Yes,2,5.3,1,0,Yes,3,Midwest,0
CUST-04663,12,62.48,Annual,Credit Card,Yes,1,10.8,2,0,No,1,Northeast,0
CUST-04664,28,62.1,Annual,Bank Transfer,Yes,2,11.6,1,2,Yes,5,West,0
CUST-04665,23,34.32,Two-Year,Debit Card,No,1,5.0,1,0,Yes,4,South,0
CUST-04666,60,69.82,Monthly,Debit Card,No,0,5.0,3,0,No,2,Midwest,0
CUST-04667,23,73.0,Monthly,Credit Card,Yes,2,7.6,2,1,No,4,West,0
CUST-04668,10,55.35,Monthly,Credit Card,Yes,2,7.5,2,0,No,3,South,0
CUST-04669,53,25.11,Monthly,Credit Card,No,3,2.8,2,1,No,5,South,0
CUST-04670,31,49.93,Monthly,Debit Card,Yes,5,11.0,2,0,No,2,Northeast,1
CUST-04671,7,55.5,Two-Year,Debit Card,Yes,1,2.5,1,1,Yes,1,South,0
CUST-04672,50,31.4,Monthly,Debit Card,Yes,0,4.7,2,0,Yes,2,West,0
CUST-04673,16,45.52,Annual,Bank Transfer,No,2,8.4,1,0,No,5,South,0
CUST-04674,63,26.63,Monthly,Bank Transfer,Yes,2,10.9,4,0,No,5,West,0
CUST-04675,60,62.93,Monthly,Credit Card,Yes,1,4.5,1,2,No,1,Midwest,1
CUST-04676,27,54.99,Annual,Bank Transfer,No,0,7.0,3,0,No,4,West,0
CUST-04677,41,22.38,Annual,Bank Transfer,No,4,5.9,1,0,No,4,Northeast,0
CUST-04678,41,58.33,Monthly,Bank Transfer,No,1,1.1,1,1,No,1,Midwest,0
CUST-04679,48,50.98,Two-Year,PayPal,No,3,6.1,3,0,Yes,1,Northeast,0
CUST-04680,5,61.3,Monthly,Credit Card,No,1,4.0,2,0,Yes,1,South,1
CUST-04681,24,44.95,Monthly,Credit Card,No,1,7.5,1,2,No,4,Midwest,0
CUST-04682,13,37.57,Monthly,Bank Transfer,No,2,3.6,2,0,Yes,5,Northeast,1
CUST-04683,51,38.12,Annual,Debit Card,Yes,2,5.8,1,1,No,1,West,1
CUST-04684,5,42.31,Monthly,Bank Transfer,Yes,2,7.0,1,0,Yes,2,South,0
CUST-04685,38,52.34,Annual,PayPal,No,1,7.9,1,0,No,4,South,0
CUST-04686,53,54.66,Monthly,Credit Card,No,2,6.6,1,0,No,4,West,0
CUST-04687,69,48.57,Monthly,Debit Card,Yes,2,14.1,1,0,No,3,West,0
CUST-04688,21,44.38,Annual,Bank Transfer,No,1,8.8,2,1,No,2,West,1
CUST-04689,1,45.67,Monthly,Credit Card,No,0,10.4,3,0,No,2,Midwest,0
CUST-04690,53,97.14,Monthly,PayPal,Yes,0,7.1,1,2,No,3,Midwest,0
CUST-04691,1,38.13,Monthly,Bank Transfer,No,1,0.5,2,0,No,5,Northeast,0
CUST-04692,5,41.96,Monthly,Credit Card,Yes,0,3.4,1,0,Yes,4,Midwest,0
CUST-04693,72,111.29,Monthly,Credit Card,No,0,3.1,4,0,No,5,Midwest,0
CUST-04694,63,59.58,Monthly,Debit Card,No,1,6.5,1,1,No,5,South,0
CUST-04695,51,27.16,Annual,Bank Transfer,No,1,15.8,1,1,No,4,West,0
CUST-04696,61,67.17,Monthly,Debit Card,No,4,8.5,4,0,No,5,South,0
CUST-04697,6,35.62,Monthly,Credit Card,No,4,12.3,2,1,No,2,Midwest,1
CUST-04698,7,68.36,Annual,Credit Card,Yes,2,4.3,1,0,No,4,Midwest,0
CUST-04699,22,48.2,Monthly,Debit Card,No,2,7.9,2,1,Yes,5,Northeast,1
CUST-04700,2,44.08,Annual,Debit Card,Yes,2,14.2,1,1,No,4,South,0
CUST-04701,64,80.96,Annual,Credit Card,Yes,0,12.4,1,1,Yes,4,Midwest,0
CUST-04702,5,62.2,Monthly,Bank Transfer,Yes,0,5.3,2,0,No,4,West,0
CUST-04703,40,69.51,Monthly,Credit Card,Yes,1,7.1,4,0,No,2,Northeast,1
CUST-04704,62,59.83,Monthly,PayPal,Yes,0,12.9,4,1,No,3,Midwest,0
CUST-04705,53,44.0,Monthly,Bank Transfer,Yes,0,5.0,2,1,No,3,South,0
CUST-04706,17,63.0,Monthly,PayPal,Yes,0,6.8,1,1,No,2,South,0
CUST-04707,34,73.77,Annual,PayPal,Yes,2,2.0,2,0,No,4,Northeast,0
CUST-04708,40,54.43,Annual,Credit Card,Yes,2,11.8,3,0,No,4,South,0
CUST-04709,56,84.43,Monthly,PayPal,Yes,1,11.4,2,0,No,5,Northeast,0
CUST-04710,31,67.31,Two-Year,Debit Card,No,0,2.2,1,1,No,4,South,1
CUST-04711,21,55.82,Monthly,Credit Card,Yes,0,6.8,4,1,Yes,5,South,0
CUST-04712,58,56.53,Two-Year,PayPal,No,2,13.5,3,1,Yes,2,Northeast,0
CUST-04713,64,54.47,Annual,Credit Card,Yes,0,3.7,1,1,No,1,West,0
CUST-04714,36,29.48,Monthly,Credit Card,No,1,9.0,2,1,No,3,Midwest,0
CUST-04715,3,50.38,Monthly,PayPal,No,1,5.8,3,1,Yes,2,West,1
CUST-04716,37,55.98,Monthly,Debit Card,No,0,13.3,1,2,No,5,Midwest,0
CUST-04717,65,44.51,Two-Year,Credit Card,No,1,1.9,3,0,No,3,South,0
CUST-04718,72,58.08,Monthly,Credit Card,No,1,2.0,1,0,No,5,Midwest,0
CUST-04719,29,52.38,Two-Year,Credit Card,Yes,2,5.0,1,0,Yes,2,Northeast,0
CUST-04720,11,65.93,Monthly,Debit Card,Yes,0,7.7,4,0,No,5,Northeast,1
CUST-04721,42,63.94,Monthly,Debit Card,Yes,2,7.8,4,0,No,4,South,0
CUST-04722,60,55.01,Annual,Credit Card,No,0,2.4,1,2,Yes,5,Northeast,0
CUST-04723,69,27.39,Monthly,PayPal,No,1,9.7,3,2,No,4,West,0
CUST-04724,4,84.23,Monthly,Bank Transfer,Yes,0,10.8,2,2,No,3,South,1
CUST-04725,21,49.45,Two-Year,PayPal,No,2,7.8,3,1,Yes,4,Northeast,0
CUST-04726,35,50.54,Monthly,Debit Card,Yes,0,13.5,2,0,No,5,Midwest,0
CUST-04727,8,45.83,Two-Year,PayPal,No,0,10.1,4,1,No,1,South,0
CUST-04728,64,43.21,Two-Year,Bank Transfer,No,2,5.8,2,0,No,4,South,0
CUST-04729,9,79.79,Monthly,Bank Transfer,Yes,2,15.9,3,0,Yes,3,Northeast,1
CUST-04730,48,76.95,Monthly,Credit Card,No,3,17.3,2,0,Yes,3,Midwest,0
CUST-04731,67,60.0,Monthly,Credit Card,Yes,0,9.1,2,0,No,4,Midwest,0
CUST-04732,50,50.06,Annual,Credit Card,No,0,4.3,1,0,No,3,Northeast,0
CUST-04733,55,63.14,Two-Year,PayPal,No,1,13.2,1,0,Yes,1,Midwest,0
CUST-04734,19,53.33,Two-Year,Credit Card,Yes,3,3.2,3,1,No,1,Midwest,1
CUST-04735,60,48.58,Two-Year,Bank Transfer,Yes,1,4.5,2,2,Yes,1,West,0
CUST-04736,31,58.09,Monthly,Credit Card,Yes,1,12.3,2,0,No,1,Northeast,0
CUST-04737,5,44.06,Monthly,PayPal,No,0,4.2,1,1,No,2,West,0
CUST-04738,27,56.54,Monthly,Credit Card,No,1,15.1,2,1,Yes,4,Midwest,0
CUST-04739,26,55.68,Two-Year,Debit Card,Yes,0,4.3,2,0,No,4,South,0
CUST-04740,38,62.85,Monthly,Debit Card,Yes,2,6.4,3,0,Yes,1,West,0
CUST-04741,20,40.86,Monthly,PayPal,Yes,2,6.0,1,1,No,1,Midwest,1
CUST-04742,34,64.78,Monthly,Debit Card,Yes,3,10.8,1,0,No,3,Northeast,0
CUST-04743,31,35.69,Monthly,Debit Card,Yes,3,10.7,1,0,No,1,West,0
CUST-04744,24,41.69,Monthly,PayPal,No,1,5.9,1,1,No,2,Midwest,0
CUST-04745,51,42.48,Monthly,Bank Transfer,Yes,3,10.0,2,3,No,1,South,0
CUST-04746,22,32.7,Annual,PayPal,No,0,8.4,2,1,Yes,2,South,0
CUST-04747,56,70.28,Annual,PayPal,Yes,2,11.2,2,0,No,4,South,0
CUST-04748,19,34.56,Monthly,Debit Card,No,0,10.4,3,1,Yes,2,Northeast,0
CUST-04749,63,39.42,Annual,Bank Transfer,Yes,2,4.3,4,2,No,4,South,0
CUST-04750,27,74.6,Monthly,Debit Card,Yes,0,15.1,2,0,Yes,5,Northeast,0
CUST-04751,3,41.73,Annual,Bank Transfer,Yes,1,2.2,2,1,Yes,1,Northeast,0
CUST-04752,11,48.61,Monthly,PayPal,No,2,6.3,2,1,Yes,3,Northeast,0
CUST-04753,59,33.78,Annual,Credit Card,No,2,10.0,2,0,No,4,Northeast,0
CUST-04754,63,66.99,Monthly,Credit Card,Yes,4,7.4,1,1,No,2,Midwest,0
CUST-04755,16,67.24,Monthly,PayPal,Yes,0,6.9,1,2,No,4,South,0
CUST-04756,44,65.3,Annual,PayPal,No,0,6.3,1,0,Yes,4,Northeast,0
CUST-04757,42,61.68,Annual,PayPal,Yes,1,5.8,2,1,No,5,Northeast,0
CUST-04758,10,53.32,Annual,Bank Transfer,No,3,14.2,1,0,Yes,5,Midwest,0
CUST-04759,33,42.56,Monthly,Debit Card,Yes,3,7.0,2,1,Yes,2,South,1
CUST-04760,50,37.33,Monthly,Debit Card,No,1,7.0,3,0,No,5,Midwest,0
CUST-04761,70,75.22,Annual,PayPal,Yes,1,4.9,1,1,No,1,Northeast,1
CUST-04762,62,65.77,Monthly,Credit Card,Yes,3,10.5,1,0,Yes,4,Midwest,0
CUST-04763,8,39.52,Monthly,PayPal,No,1,3.1,2,1,No,4,West,0
CUST-04764,18,52.72,Monthly,Bank Transfer,Yes,2,19.0,2,2,No,2,West,0
CUST-04765,32,46.6,Monthly,Credit Card,No,0,4.3,1,0,No,3,Midwest,0
CUST-04766,11,31.69,Monthly,Bank Transfer,No,4,6.9,2,1,No,5,Northeast,0
CUST-04767,42,55.2,Monthly,PayPal,Yes,2,9.3,1,2,Yes,3,South,0
CUST-04768,1,44.52,Annual,Credit Card,Yes,3,12.7,2,1,Yes,4,Northeast,1
CUST-04769,9,34.85,Annual,Bank Transfer,Yes,2,6.1,2,0,No,5,Midwest,0
CUST-04770,4,25.38,Annual,PayPal,Yes,0,5.4,2,0,No,1,Midwest,0
CUST-04771,22,23.85,Annual,Debit Card,No,2,8.1,4,0,No,1,Northeast,0
CUST-04772,55,45.31,Monthly,Credit Card,No,2,5.0,1,1,Yes,3,Midwest,0
CUST-04773,13,50.47,Two-Year,Credit Card,Yes,1,6.6,2,0,Yes,2,Midwest,0
CUST-04774,72,36.24,Annual,PayPal,No,2,16.1,1,3,No,2,West,0
CUST-04775,20,63.71,Monthly,Credit Card,No,2,4.3,3,0,No,3,West,1
CUST-04776,4,50.82,Monthly,Debit Card,No,2,1.6,1,0,No,4,Northeast,1
CUST-04777,25,62.38,Annual,Bank Transfer,Yes,0,4.7,2,0,Yes,4,West,0
CUST-04778,54,48.71,Annual,PayPal,Yes,1,3.1,2,1,No,2,Northeast,0
CUST-04779,8,37.83,Annual,PayPal,Yes,1,10.3,3,0,No,4,South,0
CUST-04780,6,54.05,Annual,Bank Transfer,No,1,5.4,2,0,Yes,4,South,0
CUST-04781,62,29.27,Two-Year,Credit Card,No,0,13.4,2,2,No,4,South,0
CUST-04782,43,61.71,Two-Year,Credit Card,No,1,6.5,2,1,No,4,Midwest,0
CUST-04783,25,35.13,Annual,PayPal,Yes,1,3.1,2,0,No,4,South,0
CUST-04784,55,68.53,Two-Year,Debit Card,No,2,12.5,1,1,No,5,Midwest,0
CUST-04785,61,45.91,Two-Year,Credit Card,No,3,4.4,1,0,No,3,Midwest,0
CUST-04786,26,71.13,Monthly,PayPal,Yes,1,1.6,1,0,No,2,South,0
CUST-04787,41,31.79,Annual,Credit Card,Yes,2,9.1,2,1,No,1,Northeast,0
CUST-04788,1,39.8,Monthly,Debit Card,Yes,1,4.8,2,1,Yes,3,South,0
CUST-04789,23,58.86,Monthly,PayPal,No,1,9.5,3,2,Yes,4,Northeast,0
CUST-04790,43,73.07,Monthly,PayPal,Yes,2,11.5,2,0,No,4,Midwest,0
CUST-04791,15,82.0,Monthly,Credit Card,Yes,0,8.5,1,0,No,2,South,0
CUST-04792,72,52.74,Monthly,Credit Card,Yes,1,5.0,2,1,Yes,5,South,0
CUST-04793,70,85.08,Monthly,Bank Transfer,No,0,12.8,2,1,No,3,South,0
CUST-04794,19,46.79,Monthly,Bank Transfer,No,3,4.1,2,0,No,1,West,0
CUST-04795,29,71.78,Annual,Debit Card,No,0,9.5,2,1,No,4,West,0
CUST-04796,14,35.04,Two-Year,Credit Card,No,0,10.6,2,0,Yes,1,Northeast,0
CUST-04797,37,59.56,Two-Year,PayPal,No,1,7.6,4,1,No,5,South,0
CUST-04798,9,10.0,Monthly,Credit Card,No,0,11.4,1,0,No,4,South,1
CUST-04799,29,31.81,Monthly,Credit Card,Yes,2,8.5,3,0,Yes,3,West,0
CUST-04800,40,60.4,Annual,Credit Card,No,1,9.2,3,0,Yes,3,South,0
CUST-04801,45,28.38,Monthly,Credit Card,No,2,11.4,1,0,No,2,Northeast,0
CUST-04802,43,59.69,Two-Year,Debit Card,No,1,8.3,3,0,Yes,3,Northeast,0
CUST-04803,16,68.32,Annual,Credit Card,Yes,1,12.1,1,0,No,4,West,0
CUST-04804,58,42.98,Monthly,Bank Transfer,Yes,1,14.7,2,2,No,2,South,1
CUST-04805,50,34.56,Monthly,Debit Card,Yes,0,9.7,1,2,Yes,4,West,0
CUST-04806,55,43.46,Monthly,Debit Card,Yes,0,11.5,1,2,Yes,3,Midwest,0
CUST-04807,34,34.62,Monthly,Credit Card,Yes,1,7.6,2,0,Yes,1,South,0
CUST-04808,65,50.18,Monthly,Bank Transfer,Yes,3,14.9,2,1,No,3,West,0
CUST-04809,29,53.84,Annual,Credit Card,Yes,1,8.9,1,2,No,1,Midwest,0
CUST-04810,59,46.49,Annual,Credit Card,No,2,11.0,2,0,Yes,5,Midwest,0
CUST-04811,15,82.14,Monthly,PayPal,No,1,3.2,2,1,Yes,4,Northeast,0
CUST-04812,18,39.05,Monthly,PayPal,No,1,10.5,1,1,No,5,West,1
CUST-04813,38,77.05,Monthly,PayPal,Yes,1,8.0,3,1,Yes,4,West,0
CUST-04814,41,33.26,Monthly,Debit Card,Yes,0,10.3,4,1,Yes,1,West,0
CUST-04815,54,53.31,Annual,Debit Card,Yes,0,10.9,1,1,No,2,Northeast,0
CUST-04816,22,73.3,Annual,Credit Card,No,3,11.4,4,0,No,4,West,0
CUST-04817,63,72.36,Annual,PayPal,Yes,0,10.6,4,2,No,1,South,0
CUST-04818,24,44.44,Monthly,Debit Card,No,3,6.7,2,1,Yes,4,Northeast,0
CUST-04819,39,61.99,Monthly,Debit Card,Yes,1,17.8,3,0,No,5,Midwest,0
CUST-04820,68,59.58,Annual,Credit Card,Yes,1,13.5,3,0,No,3,West,0
CUST-04821,39,42.28,Annual,Bank Transfer,Yes,0,7.1,3,1,Yes,5,Northeast,0
CUST-04822,50,63.09,Annual,Credit Card,Yes,1,6.9,1,1,No,5,South,0
CUST-04823,66,85.52,Monthly,Credit Card,Yes,0,0.8,3,0,Yes,3,South,0
CUST-04824,71,60.49,Two-Year,Bank Transfer,No,1,3.8,1,0,Yes,4,West,0
CUST-04825,36,62.19,Monthly,PayPal,Yes,2,4.8,2,1,No,3,Northeast,0
CUST-04826,31,64.1,Monthly,PayPal,Yes,0,7.0,1,0,Yes,3,Midwest,0
CUST-04827,15,25.7,Annual,PayPal,Yes,1,14.6,3,0,No,1,West,0
CUST-04828,39,60.28,Monthly,Credit Card,No,0,6.5,3,0,No,3,West,1
CUST-04829,67,33.7,Annual,PayPal,No,1,3.8,2,0,No,5,Northeast,0
CUST-04830,36,41.38,Monthly,Credit Card,No,2,10.2,2,3,Yes,5,Midwest,0
CUST-04831,26,90.91,Monthly,Bank Transfer,Yes,0,10.6,1,0,Yes,3,South,0
CUST-04832,8,47.44,Monthly,Credit Card,No,0,6.6,1,1,No,1,Midwest,1
CUST-04833,29,38.68,Annual,PayPal,Yes,0,13.6,4,0,No,4,South,0
CUST-04834,18,72.75,Annual,Debit Card,No,1,14.1,2,0,No,4,West,0
CUST-04835,71,34.94,Monthly,Credit Card,No,0,2.3,3,1,No,3,Midwest,0
CUST-04836,38,43.95,Monthly,Debit Card,Yes,1,10.6,3,0,No,5,South,0
CUST-04837,10,74.48,Monthly,PayPal,Yes,2,1.5,2,0,No,4,West,0
CUST-04838,5,52.77,Monthly,Credit Card,Yes,1,7.0,2,0,No,2,West,0
CUST-04839,62,23.89,Annual,Bank Transfer,Yes,1,22.4,1,1,No,4,Northeast,0
CUST-04840,68,61.79,Monthly,Credit Card,Yes,2,10.4,1,2,No,2,Midwest,1
CUST-04841,55,44.86,Monthly,PayPal,Yes,2,5.1,3,2,Yes,2,West,0
CUST-04842,9,79.72,Monthly,PayPal,Yes,0,10.9,3,0,No,3,West,0
CUST-04843,8,41.09,Annual,Debit Card,No,1,4.9,1,1,No,2,West,1
CUST-04844,15,70.92,Annual,PayPal,Yes,0,9.0,2,1,No,5,Midwest,0
CUST-04845,55,83.96,Annual,PayPal,No,0,4.3,2,1,No,4,Northeast,0
CUST-04846,56,36.68,Annual,PayPal,Yes,3,6.0,2,1,No,5,Northeast,0
CUST-04847,61,48.52,Two-Year,PayPal,Yes,2,13.5,2,1,Yes,4,South,0
CUST-04848,7,59.0,Monthly,PayPal,Yes,1,17.5,1,0,No,4,Midwest,0
CUST-04849,12,36.57,Annual,Debit Card,No,2,8.9,2,1,No,4,West,0
CUST-04850,65,56.87,Annual,Credit Card,Yes,4,11.6,3,0,Yes,2,South,0
CUST-04851,67,47.95,Monthly,Credit Card,No,1,5.5,1,3,Yes,2,Midwest,0
CUST-04852,53,47.59,Annual,PayPal,No,2,3.9,2,0,No,3,South,0
CUST-04853,8,52.88,Annual,Bank Transfer,No,3,8.4,2,0,Yes,4,Northeast,0
CUST-04854,5,53.28,Annual,Credit Card,Yes,0,8.1,3,0,No,5,South,0
CUST-04855,5,54.95,Monthly,Debit Card,Yes,2,23.0,4,0,No,2,South,1
CUST-04856,50,41.22,Monthly,Credit Card,No,0,6.9,2,1,No,2,Midwest,0
CUST-04857,61,42.01,Two-Year,PayPal,No,0,6.7,2,1,Yes,5,Midwest,0
CUST-04858,46,49.87,Monthly,PayPal,No,2,10.3,3,0,No,3,South,0
CUST-04859,19,51.19,Monthly,PayPal,No,0,5.4,1,0,No,3,West,0
CUST-04860,55,44.1,Monthly,PayPal,Yes,3,4.7,2,1,No,1,South,0
CUST-04861,5,57.83,Monthly,PayPal,No,4,9.5,1,0,Yes,2,Midwest,0
CUST-04862,60,19.33,Annual,Credit Card,No,0,2.9,1,1,Yes,1,Northeast,0
CUST-04863,65,38.85,Annual,Debit Card,No,3,10.0,3,0,No,4,South,0
CUST-04864,52,46.96,Two-Year,Credit Card,No,2,5.9,1,1,Yes,1,West,0
CUST-04865,64,36.59,Monthly,Bank Transfer,Yes,1,11.3,3,1,Yes,4,South,0
CUST-04866,43,81.33,Monthly,PayPal,No,0,15.1,3,1,No,4,Midwest,0
CUST-04867,34,52.34,Monthly,Credit Card,No,1,4.7,2,2,No,1,South,0
CUST-04868,24,55.18,Monthly,Credit Card,Yes,0,6.6,1,1,Yes,5,Northeast,0
CUST-04869,67,43.3,Annual,Debit Card,Yes,1,13.0,2,0,No,5,West,0
CUST-04870,51,51.72,Monthly,Bank Transfer,Yes,1,8.9,3,1,No,5,Midwest,0
CUST-04871,14,30.13,Monthly,Credit Card,Yes,1,17.7,1,2,No,3,Midwest,1
CUST-04872,69,48.94,Two-Year,PayPal,No,1,9.1,1,0,No,4,West,0
CUST-04873,5,35.13,Annual,Debit Card,Yes,1,14.7,2,0,Yes,4,Midwest,0
CUST-04874,43,47.01,Monthly,PayPal,No,0,3.6,2,1,No,3,Northeast,0
CUST-04875,14,10.0,Annual,PayPal,Yes,2,4.6,2,1,No,3,Midwest,0
CUST-04876,48,31.7,Monthly,Credit Card,No,0,16.5,1,1,No,4,South,0
CUST-04877,30,78.35,Annual,PayPal,No,1,4.5,1,2,No,2,Northeast,0
CUST-04878,32,66.95,Annual,Credit Card,No,1,16.6,1,1,Yes,4,Midwest,0
CUST-04879,49,75.74,Monthly,PayPal,Yes,2,5.0,2,0,Yes,5,Midwest,0
CUST-04880,55,76.98,Monthly,Credit Card,No,2,3.1,4,0,No,4,South,0
CUST-04881,28,64.11,Monthly,PayPal,Yes,1,6.9,3,0,No,5,Northeast,0
CUST-04882,72,43.85,Annual,Debit Card,No,2,3.6,2,0,No,1,Midwest,0
CUST-04883,36,33.33,Monthly,PayPal,Yes,3,10.8,2,2,No,4,Northeast,0
CUST-04884,12,72.64,Annual,Credit Card,Yes,2,1.5,2,1,Yes,4,Northeast,0
CUST-04885,1,53.16,Monthly,PayPal,No,1,20.1,2,0,Yes,3,West,1
CUST-04886,15,96.89,Monthly,Credit Card,Yes,3,8.1,3,0,No,2,South,0
CUST-04887,50,45.43,Monthly,Debit Card,Yes,1,11.1,2,1,Yes,2,Midwest,0
CUST-04888,39,87.51,Monthly,PayPal,Yes,1,11.9,1,0,Yes,4,South,0
CUST-04889,25,49.18,Monthly,Debit Card,Yes,1,8.6,2,1,Yes,2,South,1
CUST-04890,35,76.05,Monthly,Debit Card,No,1,9.9,1,0,No,1,Northeast,1
CUST-04891,61,82.54,Two-Year,PayPal,No,0,6.3,2,0,Yes,5,Northeast,0
CUST-04892,42,33.59,Monthly,Debit Card,Yes,1,11.8,3,0,Yes,5,West,0
CUST-04893,5,43.27,Annual,Bank Transfer,No,1,1.5,2,0,No,4,South,0
CUST-04894,4,33.41,Monthly,Debit Card,No,0,18.1,1,0,No,4,West,0
CUST-04895,35,29.86,Annual,Bank Transfer,No,5,6.2,2,2,No,4,South,0
CUST-04896,30,64.01,Monthly,Bank Transfer,No,0,12.7,1,0,No,4,Northeast,0
CUST-04897,62,48.46,Annual,Debit Card,Yes,3,13.9,2,2,No,5,Northeast,0
CUST-04898,42,52.94,Monthly,Debit Card,Yes,5,6.0,1,1,Yes,4,Northeast,0
CUST-04899,55,62.01,Monthly,PayPal,No,2,7.6,2,0,No,2,South,0
CUST-04900,43,18.57,Monthly,PayPal,No,2,7.4,3,0,Yes,3,South,0
CUST-04901,25,75.16,Monthly,Credit Card,No,1,6.9,1,0,No,4,West,1
CUST-04902,48,45.72,Monthly,Credit Card,Yes,4,5.1,2,1,No,4,Northeast,0
CUST-04903,45,61.58,Monthly,Credit Card,No,2,7.8,2,0,Yes,5,South,0
CUST-04904,52,63.17,Two-Year,PayPal,Yes,0,6.7,3,2,No,3,Northeast,0
CUST-04905,14,76.67,Monthly,PayPal,No,1,15.4,4,0,No,4,Midwest,0
CUST-04906,47,50.11,Monthly,Credit Card,Yes,1,9.0,2,1,Yes,4,Northeast,0
CUST-04907,21,13.77,Annual,Debit Card,No,2,5.4,1,1,No,4,Midwest,0
CUST-04908,57,53.03,Annual,PayPal,No,0,15.9,2,0,No,4,Midwest,0
CUST-04909,58,55.61,Monthly,Bank Transfer,Yes,0,14.3,2,1,No,5,West,0
CUST-04910,45,33.38,Monthly,Credit Card,No,4,6.9,3,2,Yes,5,Northeast,0
CUST-04911,69,54.65,Monthly,Credit Card,No,0,8.7,3,1,Yes,5,Midwest,0
CUST-04912,39,45.5,Monthly,Debit Card,Yes,0,15.5,2,0,No,4,South,0
CUST-04913,2,27.83,Monthly,PayPal,Yes,1,12.4,2,0,No,1,South,1
CUST-04914,44,64.09,Annual,Credit Card,No,1,2.7,2,0,Yes,4,West,0
CUST-04915,56,41.85,Annual,Credit Card,Yes,1,4.4,3,0,Yes,4,West,0
CUST-04916,8,44.69,Monthly,PayPal,Yes,0,5.7,2,1,No,5,South,0
CUST-04917,8,43.67,Monthly,Debit Card,No,0,6.1,2,0,Yes,4,Midwest,0
CUST-04918,20,74.24,Monthly,Credit Card,No,1,7.5,2,0,No,5,Midwest,0
CUST-04919,61,51.26,Monthly,Debit Card,No,1,9.7,1,1,No,4,South,0
CUST-04920,38,53.42,Monthly,Credit Card,No,1,7.5,3,0,Yes,4,Northeast,0
CUST-04921,71,44.07,Annual,Debit Card,Yes,1,14.0,1,1,No,5,West,0
CUST-04922,63,60.33,Monthly,Debit Card,No,3,6.2,4,2,No,1,South,1
CUST-04923,40,76.29,Two-Year,Credit Card,Yes,5,14.0,2,2,No,5,South,0
CUST-04924,49,63.66,Monthly,Credit Card,Yes,2,9.0,1,1,No,5,Northeast,0
CUST-04925,24,64.36,Monthly,Bank Transfer,No,0,8.7,3,0,No,5,West,0
CUST-04926,7,62.91,Monthly,Bank Transfer,No,1,11.7,3,0,Yes,2,South,0
CUST-04927,29,27.16,Annual,Credit Card,Yes,1,10.7,1,2,Yes,5,South,0
CUST-04928,43,36.23,Monthly,PayPal,No,1,7.5,1,1,Yes,3,Northeast,0
CUST-04929,14,48.31,Monthly,Credit Card,No,0,5.0,2,1,Yes,1,Northeast,1
CUST-04930,16,38.93,Monthly,PayPal,Yes,3,15.6,2,0,No,3,South,0
CUST-04931,2,32.84,Annual,Bank Transfer,Yes,1,8.4,1,2,Yes,2,Northeast,0
CUST-04932,53,18.3,Two-Year,PayPal,Yes,2,8.5,2,1,Yes,3,Northeast,0
CUST-04933,65,27.76,Monthly,PayPal,No,2,25.2,2,0,Yes,5,Northeast,0
CUST-04934,60,47.38,Monthly,Debit Card,Yes,2,14.1,3,0,No,4,Midwest,0
CUST-04935,28,50.75,Monthly,Credit Card,Yes,1,7.1,3,0,Yes,4,South,0
CUST-04936,43,37.73,Monthly,Debit Card,Yes,3,8.0,1,1,No,5,West,1
CUST-04937,70,53.42,Two-Year,Credit Card,No,1,4.7,2,0,No,5,West,0
CUST-04938,43,44.19,Monthly,PayPal,Yes,3,3.7,2,1,No,5,South,0
CUST-04939,22,71.63,Annual,Debit Card,Yes,0,7.1,2,0,Yes,5,West,0
CUST-04940,25,49.09,Two-Year,Credit Card,Yes,2,10.3,1,1,No,5,Northeast,0
CUST-04941,53,64.53,Annual,PayPal,Yes,1,4.9,2,2,Yes,1,South,0
CUST-04942,33,55.66,Monthly,PayPal,Yes,0,12.4,3,0,No,4,South,0
CUST-04943,61,26.76,Annual,PayPal,No,0,4.2,1,0,No,3,West,0
CUST-04944,63,50.37,Monthly,Debit Card,No,0,7.2,1,0,No,1,South,0
CUST-04945,3,29.76,Monthly,Bank Transfer,Yes,1,11.8,2,1,No,2,Northeast,1
CUST-04946,53,50.05,Two-Year,Credit Card,No,0,20.8,4,0,No,3,Midwest,0
CUST-04947,27,38.59,Monthly,PayPal,Yes,2,16.8,2,1,No,5,Midwest,1
CUST-04948,38,58.88,Monthly,Debit Card,No,0,14.8,1,1,No,4,South,0
CUST-04949,20,27.84,Monthly,Credit Card,Yes,2,8.6,3,1,No,5,Midwest,0
CUST-04950,27,52.26,Monthly,Bank Transfer,No,0,12.8,2,0,No,3,Midwest,0
CUST-04951,24,62.3,Annual,Debit Card,No,5,6.8,2,1,Yes,3,Northeast,0
CUST-04952,4,68.34,Annual,Debit Card,No,2,11.4,1,0,No,5,Northeast,0
CUST-04953,57,38.24,Annual,Credit Card,Yes,1,3.5,1,2,No,3,Midwest,0
CUST-04954,11,52.32,Monthly,Bank Transfer,Yes,4,9.7,2,3,No,4,Midwest,1
CUST-04955,28,55.31,Monthly,Bank Transfer,No,1,3.5,3,1,No,1,Northeast,0
CUST-04956,14,79.85,Monthly,Credit Card,Yes,1,14.3,3,0,Yes,1,South,0
CUST-04957,12,25.34,Monthly,PayPal,Yes,4,12.4,4,2,No,4,Northeast,1
CUST-04958,27,35.6,Annual,Credit Card,Yes,0,17.6,2,0,No,4,West,0
CUST-04959,67,102.48,Annual,PayPal,Yes,2,3.8,2,1,No,1,South,0
CUST-04960,68,47.08,Two-Year,Debit Card,Yes,0,25.1,2,1,Yes,5,South,0
CUST-04961,28,17.96,Annual,Credit Card,Yes,2,8.0,2,1,No,1,Northeast,1
CUST-04962,37,41.51,Monthly,PayPal,No,1,14.2,1,2,No,4,South,0
CUST-04963,71,10.0,Annual,Bank Transfer,Yes,2,4.6,3,1,No,4,West,0
CUST-04964,17,56.34,Annual,Debit Card,Yes,2,10.2,1,0,Yes,3,West,0
CUST-04965,69,66.58,Two-Year,Credit Card,Yes,3,7.5,4,0,No,4,South,0
CUST-04966,8,35.59,Monthly,Bank Transfer,No,1,12.4,3,1,Yes,1,West,0
CUST-04967,17,43.53,Annual,Credit Card,Yes,1,2.4,1,0,Yes,4,South,0
CUST-04968,25,68.63,Monthly,Debit Card,No,1,4.3,1,1,No,3,Midwest,0
CUST-04969,3,20.5,Annual,Debit Card,No,4,15.0,2,1,No,3,South,0
CUST-04970,59,28.21,Two-Year,Credit Card,No,1,4.3,2,0,No,2,Midwest,0
CUST-04971,62,47.89,Two-Year,Credit Card,Yes,1,7.5,2,0,No,4,Midwest,0
CUST-04972,28,38.46,Monthly,Credit Card,No,0,6.9,1,1,Yes,5,Northeast,0
CUST-04973,61,46.71,Monthly,Credit Card,Yes,1,9.6,3,0,No,2,West,0
CUST-04974,56,29.25,Annual,Debit Card,Yes,0,4.9,2,1,Yes,4,South,0
CUST-04975,58,55.86,Annual,Bank Transfer,Yes,1,15.8,2,0,No,4,Midwest,0
CUST-04976,58,49.31,Two-Year,Credit Card,No,0,9.7,4,1,No,1,West,0
CUST-04977,42,61.89,Monthly,PayPal,Yes,5,16.7,3,0,No,4,South,0
CUST-04978,8,55.61,Annual,Debit Card,Yes,1,12.4,2,0,No,5,West,0
CUST-04979,67,55.72,Annual,Credit Card,No,4,9.3,3,2,No,5,West,0
CUST-04980,44,25.97,Monthly,Debit Card,Yes,0,1.2,4,0,No,4,Midwest,0
CUST-04981,65,60.87,Monthly,Credit Card,Yes,1,11.3,3,1,Yes,4,Northeast,0
CUST-04982,70,46.04,Annual,PayPal,No,4,11.2,3,3,Yes,3,South,0
CUST-04983,14,49.0,Monthly,Debit Card,No,2,16.5,1,0,No,3,South,1
CUST-04984,29,70.87,Annual,PayPal,No,2,8.9,3,1,No,4,West,0
CUST-04985,14,39.05,Monthly,Bank Transfer,Yes,1,0.7,3,1,No,1,South,1
CUST-04986,4,76.32,Monthly,Credit Card,Yes,1,8.4,2,1,No,4,South,0
CUST-04987,70,78.0,Monthly,Bank Transfer,Yes,1,11.7,2,0,Yes,3,South,0
CUST-04988,67,65.55,Two-Year,Credit Card,No,1,8.4,2,0,No,4,West,0
CUST-04989,68,34.35,Annual,Credit Card,Yes,2,6.2,2,0,No,4,Midwest,0
CUST-04990,64,12.65,Annual,Credit Card,Yes,0,12.9,1,0,Yes,5,South,0
CUST-04991,47,71.42,Annual,PayPal,Yes,0,2.1,2,0,Yes,3,Midwest,0
CUST-04992,38,54.0,Annual,PayPal,Yes,0,8.3,1,2,Yes,5,South,0
CUST-04993,72,38.59,Two-Year,Bank Transfer,Yes,2,6.5,2,1,Yes,4,West,0
CUST-04994,40,73.12,Annual,PayPal,Yes,1,4.2,3,1,No,4,Midwest,0
CUST-04995,47,36.49,Monthly,Debit Card,Yes,1,9.5,1,0,Yes,4,South,0
CUST-04996,16,44.37,Monthly,Bank Transfer,Yes,1,17.7,4,2,No,2,Northeast,0
CUST-04997,54,61.45,Monthly,Bank Transfer,Yes,0,4.7,2,0,Yes,1,South,0
CUST-04998,60,31.96,Annual,PayPal,Yes,2,11.3,4,1,No,4,Midwest,0
CUST-04999,49,50.03,Monthly,PayPal,Yes,2,10.4,1,0,No,5,South,0
CUST-05000,36,71.6,Annual,PayPal,No,3,3.8,1,0,No,5,West,1
